pair_id,source_id,genre,perturbation,magnitude,magnitude_unit,cocola,cocola_h,cocola_p
s01::cand00,s01,s01,ace_inpaint_candidate,0.0,candidate_index,40.621726989746094,45.12833786010742,42.72304916381836
s01::cand01,s01,s01,ace_inpaint_candidate,1.0,candidate_index,44.46532440185547,45.63939666748047,48.188011169433594
s01::cand02,s01,s01,ace_inpaint_candidate,2.0,candidate_index,40.3822135925293,43.68452835083008,45.49335861206055
s01::cand03,s01,s01,ace_inpaint_candidate,3.0,candidate_index,42.09556579589844,43.385284423828125,45.96555709838867
s01::cand04,s01,s01,ace_inpaint_candidate,4.0,candidate_index,36.460792541503906,41.82149124145508,42.27389907836914
s01::cand05,s01,s01,ace_inpaint_candidate,5.0,candidate_index,44.65665817260742,45.3067741394043,47.600975036621094
s01::cand06,s01,s01,ace_inpaint_candidate,6.0,candidate_index,42.530609130859375,44.59728240966797,47.506832122802734
s01::cand07,s01,s01,ace_inpaint_candidate,7.0,candidate_index,43.31912612915039,46.426002502441406,46.36060333251953
s02::cand00,s02,s02,ace_inpaint_candidate,0.0,candidate_index,75.68183135986328,75.4332275390625,77.75659942626953
s02::cand01,s02,s02,ace_inpaint_candidate,1.0,candidate_index,74.61157989501953,73.5654296875,78.32479858398438
s02::cand02,s02,s02,ace_inpaint_candidate,2.0,candidate_index,75.40463256835938,73.85752868652344,77.81200408935547
s02::cand03,s02,s02,ace_inpaint_candidate,3.0,candidate_index,74.53013610839844,74.2099609375,76.5668716430664
s02::cand04,s02,s02,ace_inpaint_candidate,4.0,candidate_index,74.90094757080078,74.3380126953125,76.93672943115234
s02::cand05,s02,s02,ace_inpaint_candidate,5.0,candidate_index,74.79707336425781,75.22891235351562,76.47918701171875
s02::cand06,s02,s02,ace_inpaint_candidate,6.0,candidate_index,74.96855163574219,72.34391021728516,77.69498443603516
s02::cand07,s02,s02,ace_inpaint_candidate,7.0,candidate_index,75.63711547851562,74.85971069335938,78.4223861694336
s03::cand00,s03,s03,ace_inpaint_candidate,0.0,candidate_index,63.05840301513672,64.54576873779297,68.10824584960938
s03::cand01,s03,s03,ace_inpaint_candidate,1.0,candidate_index,62.4632682800293,63.33039093017578,64.38462829589844
s03::cand02,s03,s03,ace_inpaint_candidate,2.0,candidate_index,62.625999450683594,63.69370651245117,65.20319366455078
s03::cand03,s03,s03,ace_inpaint_candidate,3.0,candidate_index,62.70579528808594,64.86256408691406,65.9907455444336
s03::cand04,s03,s03,ace_inpaint_candidate,4.0,candidate_index,61.47321701049805,64.22529602050781,64.51078033447266
s03::cand05,s03,s03,ace_inpaint_candidate,5.0,candidate_index,61.854007720947266,63.78372573852539,65.73800659179688
s03::cand06,s03,s03,ace_inpaint_candidate,6.0,candidate_index,61.51410675048828,62.94029998779297,64.05999755859375
s03::cand07,s03,s03,ace_inpaint_candidate,7.0,candidate_index,64.8440170288086,65.81025695800781,65.89981079101562
s04::cand00,s04,s04,ace_inpaint_candidate,0.0,candidate_index,46.656185150146484,49.419769287109375,51.46541976928711
s04::cand01,s04,s04,ace_inpaint_candidate,1.0,candidate_index,49.32740783691406,51.77330017089844,52.1439323425293
s04::cand02,s04,s04,ace_inpaint_candidate,2.0,candidate_index,52.560272216796875,52.27461242675781,53.94304275512695
s04::cand03,s04,s04,ace_inpaint_candidate,3.0,candidate_index,51.37038803100586,51.95856475830078,53.293521881103516
s04::cand04,s04,s04,ace_inpaint_candidate,4.0,candidate_index,51.55371856689453,50.213863372802734,54.1065673828125
s04::cand05,s04,s04,ace_inpaint_candidate,5.0,candidate_index,47.4411735534668,51.368927001953125,51.022682189941406
s04::cand06,s04,s04,ace_inpaint_candidate,6.0,candidate_index,51.201171875,51.871238708496094,53.2652587890625
s04::cand07,s04,s04,ace_inpaint_candidate,7.0,candidate_index,51.46842956542969,52.64155197143555,54.26017379760742
s05::cand00,s05,s05,ace_inpaint_candidate,0.0,candidate_index,66.14338684082031,65.12094116210938,68.5684814453125
s05::cand01,s05,s05,ace_inpaint_candidate,1.0,candidate_index,66.27915954589844,65.91045379638672,68.82221984863281
s05::cand02,s05,s05,ace_inpaint_candidate,2.0,candidate_index,65.85245513916016,65.09351348876953,68.42169952392578
s05::cand03,s05,s05,ace_inpaint_candidate,3.0,candidate_index,64.65997314453125,65.26766967773438,67.67859649658203
s05::cand04,s05,s05,ace_inpaint_candidate,4.0,candidate_index,65.81172943115234,65.10831451416016,68.64236450195312
s05::cand05,s05,s05,ace_inpaint_candidate,5.0,candidate_index,65.79823303222656,65.64479064941406,68.26063537597656
s05::cand06,s05,s05,ace_inpaint_candidate,6.0,candidate_index,66.2073745727539,65.83348083496094,68.5552978515625
s05::cand07,s05,s05,ace_inpaint_candidate,7.0,candidate_index,65.080078125,64.74653625488281,66.60459899902344
s06::cand00,s06,s06,ace_inpaint_candidate,0.0,candidate_index,50.48918914794922,50.00980758666992,53.83686447143555
s06::cand01,s06,s06,ace_inpaint_candidate,1.0,candidate_index,49.02482604980469,49.81432342529297,52.45766067504883
s06::cand02,s06,s06,ace_inpaint_candidate,2.0,candidate_index,48.41489791870117,48.046722412109375,52.75556945800781
s06::cand03,s06,s06,ace_inpaint_candidate,3.0,candidate_index,50.35895919799805,49.11140823364258,54.01801300048828
s06::cand04,s06,s06,ace_inpaint_candidate,4.0,candidate_index,48.754783630371094,48.36810302734375,53.64368438720703
s06::cand05,s06,s06,ace_inpaint_candidate,5.0,candidate_index,49.28298568725586,49.779624938964844,52.943538665771484
s06::cand06,s06,s06,ace_inpaint_candidate,6.0,candidate_index,48.88368606567383,48.24337387084961,52.71856689453125
s06::cand07,s06,s06,ace_inpaint_candidate,7.0,candidate_index,49.379241943359375,49.469425201416016,52.69696044921875
s07::cand00,s07,s07,ace_inpaint_candidate,0.0,candidate_index,73.00531005859375,68.87690734863281,76.69597625732422
s07::cand01,s07,s07,ace_inpaint_candidate,1.0,candidate_index,72.4701156616211,68.51324462890625,76.57405090332031
s07::cand02,s07,s07,ace_inpaint_candidate,2.0,candidate_index,72.57027435302734,71.57868194580078,77.05538177490234
s07::cand03,s07,s07,ace_inpaint_candidate,3.0,candidate_index,72.41683959960938,67.85125732421875,76.62112426757812
s07::cand04,s07,s07,ace_inpaint_candidate,4.0,candidate_index,73.04948425292969,70.44324493408203,77.1747817993164
s07::cand05,s07,s07,ace_inpaint_candidate,5.0,candidate_index,72.82382202148438,69.62230682373047,77.38162231445312
s07::cand06,s07,s07,ace_inpaint_candidate,6.0,candidate_index,72.89808654785156,68.25789642333984,77.33859252929688
s07::cand07,s07,s07,ace_inpaint_candidate,7.0,candidate_index,72.77989959716797,69.9669418334961,77.22282409667969
s08::cand00,s08,s08,ace_inpaint_candidate,0.0,candidate_index,64.94738006591797,67.13717651367188,63.89708709716797
s08::cand01,s08,s08,ace_inpaint_candidate,1.0,candidate_index,66.84949493408203,67.50137329101562,63.616031646728516
s08::cand02,s08,s08,ace_inpaint_candidate,2.0,candidate_index,64.87191772460938,66.57305145263672,63.92736053466797
s08::cand03,s08,s08,ace_inpaint_candidate,3.0,candidate_index,68.57872009277344,69.49806213378906,67.26409149169922
s08::cand04,s08,s08,ace_inpaint_candidate,4.0,candidate_index,67.14832305908203,68.77240753173828,66.18289184570312
s08::cand05,s08,s08,ace_inpaint_candidate,5.0,candidate_index,67.88288116455078,69.16561889648438,66.05915069580078
s08::cand06,s08,s08,ace_inpaint_candidate,6.0,candidate_index,67.50851440429688,69.0537109375,65.9432373046875
s08::cand07,s08,s08,ace_inpaint_candidate,7.0,candidate_index,67.42074584960938,67.80900573730469,64.59471893310547
s09::cand00,s09,s09,ace_inpaint_candidate,0.0,candidate_index,62.21061706542969,65.38212585449219,65.55750274658203
s09::cand01,s09,s09,ace_inpaint_candidate,1.0,candidate_index,59.57854461669922,60.24562454223633,63.572547912597656
s09::cand02,s09,s09,ace_inpaint_candidate,2.0,candidate_index,63.91932678222656,64.08924865722656,66.33961486816406
s09::cand03,s09,s09,ace_inpaint_candidate,3.0,candidate_index,62.26372528076172,62.840965270996094,65.57677459716797
s09::cand04,s09,s09,ace_inpaint_candidate,4.0,candidate_index,62.76771545410156,65.483642578125,65.07717895507812
s09::cand05,s09,s09,ace_inpaint_candidate,5.0,candidate_index,60.789894104003906,62.2490234375,62.60572052001953
s09::cand06,s09,s09,ace_inpaint_candidate,6.0,candidate_index,62.558834075927734,61.97293472290039,65.94137573242188
s09::cand07,s09,s09,ace_inpaint_candidate,7.0,candidate_index,64.82554626464844,63.44274139404297,66.42019653320312
s10::cand00,s10,s10,ace_inpaint_candidate,0.0,candidate_index,64.38300323486328,55.45509338378906,67.00543212890625
s10::cand01,s10,s10,ace_inpaint_candidate,1.0,candidate_index,68.04963684082031,62.02607727050781,64.33108520507812
s10::cand02,s10,s10,ace_inpaint_candidate,2.0,candidate_index,67.44534301757812,57.44816970825195,68.79280090332031
s10::cand03,s10,s10,ace_inpaint_candidate,3.0,candidate_index,68.16282653808594,63.75173568725586,69.12398529052734
s10::cand04,s10,s10,ace_inpaint_candidate,4.0,candidate_index,68.2522964477539,63.29581069946289,70.06906127929688
s10::cand05,s10,s10,ace_inpaint_candidate,5.0,candidate_index,65.23167419433594,58.546180725097656,67.92800903320312
s10::cand06,s10,s10,ace_inpaint_candidate,6.0,candidate_index,67.285400390625,62.09416961669922,66.49169158935547
s10::cand07,s10,s10,ace_inpaint_candidate,7.0,candidate_index,66.59210205078125,59.169219970703125,69.638671875
s11::cand00,s11,s11,ace_inpaint_candidate,0.0,candidate_index,74.15766906738281,76.61746215820312,78.20439910888672
s11::cand01,s11,s11,ace_inpaint_candidate,1.0,candidate_index,72.33499145507812,78.022705078125,75.62891387939453
s11::cand02,s11,s11,ace_inpaint_candidate,2.0,candidate_index,74.61329650878906,79.67707824707031,78.41999816894531
s11::cand03,s11,s11,ace_inpaint_candidate,3.0,candidate_index,74.29924774169922,79.7204818725586,78.47534942626953
s11::cand04,s11,s11,ace_inpaint_candidate,4.0,candidate_index,73.76299285888672,75.61875915527344,75.49958801269531
s11::cand05,s11,s11,ace_inpaint_candidate,5.0,candidate_index,71.35140991210938,77.21260070800781,76.87621307373047
s11::cand06,s11,s11,ace_inpaint_candidate,6.0,candidate_index,74.65091705322266,77.85160827636719,77.68946075439453
s11::cand07,s11,s11,ace_inpaint_candidate,7.0,candidate_index,72.80966186523438,78.23515319824219,75.5886459350586
s12::cand00,s12,s12,ace_inpaint_candidate,0.0,candidate_index,71.79733276367188,68.95500946044922,74.21251678466797
s12::cand01,s12,s12,ace_inpaint_candidate,1.0,candidate_index,69.52418518066406,67.11519622802734,72.6317138671875
s12::cand02,s12,s12,ace_inpaint_candidate,2.0,candidate_index,71.67745208740234,68.98152923583984,74.74052429199219
s12::cand03,s12,s12,ace_inpaint_candidate,3.0,candidate_index,71.49847412109375,68.77186584472656,73.76990509033203
s12::cand04,s12,s12,ace_inpaint_candidate,4.0,candidate_index,71.58033752441406,68.9359130859375,73.36793518066406
s12::cand05,s12,s12,ace_inpaint_candidate,5.0,candidate_index,71.03170013427734,68.63099670410156,74.45614624023438
s12::cand06,s12,s12,ace_inpaint_candidate,6.0,candidate_index,69.28479766845703,67.610595703125,71.53339385986328
s12::cand07,s12,s12,ace_inpaint_candidate,7.0,candidate_index,71.06389617919922,69.07256317138672,73.46244812011719
s13::cand00,s13,s13,ace_inpaint_candidate,0.0,candidate_index,64.4912338256836,65.6734848022461,69.7130126953125
s13::cand01,s13,s13,ace_inpaint_candidate,1.0,candidate_index,65.05087280273438,66.50582122802734,71.4827880859375
s13::cand02,s13,s13,ace_inpaint_candidate,2.0,candidate_index,64.08448028564453,65.21438598632812,69.90894317626953
s13::cand03,s13,s13,ace_inpaint_candidate,3.0,candidate_index,64.49412536621094,66.471923828125,70.7822265625
s13::cand04,s13,s13,ace_inpaint_candidate,4.0,candidate_index,64.95299530029297,65.57560729980469,72.28680419921875
s13::cand05,s13,s13,ace_inpaint_candidate,5.0,candidate_index,63.506744384765625,64.93771362304688,68.84760284423828
s13::cand06,s13,s13,ace_inpaint_candidate,6.0,candidate_index,62.59353256225586,66.03971099853516,68.873779296875
s13::cand07,s13,s13,ace_inpaint_candidate,7.0,candidate_index,64.60923767089844,66.54704284667969,70.28018951416016
s14::cand00,s14,s14,ace_inpaint_candidate,0.0,candidate_index,71.80486297607422,73.27311706542969,68.41149139404297
s14::cand01,s14,s14,ace_inpaint_candidate,1.0,candidate_index,70.7612075805664,72.17537689208984,67.12319946289062
s14::cand02,s14,s14,ace_inpaint_candidate,2.0,candidate_index,71.50446319580078,73.50494384765625,68.4621353149414
s14::cand03,s14,s14,ace_inpaint_candidate,3.0,candidate_index,71.60779571533203,72.19512939453125,67.6225357055664
s14::cand04,s14,s14,ace_inpaint_candidate,4.0,candidate_index,71.90353393554688,73.26287841796875,67.69954681396484
s14::cand05,s14,s14,ace_inpaint_candidate,5.0,candidate_index,71.47284698486328,72.89518737792969,68.3936767578125
s14::cand06,s14,s14,ace_inpaint_candidate,6.0,candidate_index,71.83062744140625,72.52046966552734,68.62591552734375
s14::cand07,s14,s14,ace_inpaint_candidate,7.0,candidate_index,71.79301452636719,73.56163787841797,67.27540588378906
s15::cand00,s15,s15,ace_inpaint_candidate,0.0,candidate_index,60.84697341918945,64.59196472167969,63.41584777832031
s15::cand01,s15,s15,ace_inpaint_candidate,1.0,candidate_index,60.949684143066406,63.75637435913086,61.98847198486328
s15::cand02,s15,s15,ace_inpaint_candidate,2.0,candidate_index,60.56914138793945,63.67182922363281,62.85240936279297
s15::cand03,s15,s15,ace_inpaint_candidate,3.0,candidate_index,61.38496398925781,63.97330093383789,63.27946090698242
s15::cand04,s15,s15,ace_inpaint_candidate,4.0,candidate_index,60.9279899597168,64.24279022216797,62.95622253417969
s15::cand05,s15,s15,ace_inpaint_candidate,5.0,candidate_index,61.63603591918945,65.73217010498047,63.777557373046875
s15::cand06,s15,s15,ace_inpaint_candidate,6.0,candidate_index,60.517757415771484,63.876853942871094,62.4506721496582
s15::cand07,s15,s15,ace_inpaint_candidate,7.0,candidate_index,61.60322189331055,63.61394500732422,61.61241149902344
s16::cand00,s16,s16,ace_inpaint_candidate,0.0,candidate_index,72.5112075805664,69.28987121582031,72.104248046875
s16::cand01,s16,s16,ace_inpaint_candidate,1.0,candidate_index,73.56927490234375,75.9950942993164,72.83815002441406
s16::cand02,s16,s16,ace_inpaint_candidate,2.0,candidate_index,69.64667510986328,71.81851959228516,70.57765197753906
s16::cand03,s16,s16,ace_inpaint_candidate,3.0,candidate_index,71.98319244384766,69.52186584472656,68.8119125366211
s16::cand04,s16,s16,ace_inpaint_candidate,4.0,candidate_index,66.94928741455078,69.46361541748047,68.2752685546875
s16::cand05,s16,s16,ace_inpaint_candidate,5.0,candidate_index,72.06856536865234,76.04454040527344,68.49732971191406
s16::cand06,s16,s16,ace_inpaint_candidate,6.0,candidate_index,68.30130767822266,69.00604248046875,69.77277374267578
s16::cand07,s16,s16,ace_inpaint_candidate,7.0,candidate_index,72.35646057128906,74.62213897705078,72.3437728881836
s17::cand00,s17,s17,ace_inpaint_candidate,0.0,candidate_index,63.50648498535156,63.32209014892578,64.85693359375
s17::cand01,s17,s17,ace_inpaint_candidate,1.0,candidate_index,64.42520141601562,62.38825225830078,64.0618667602539
s17::cand02,s17,s17,ace_inpaint_candidate,2.0,candidate_index,62.22651672363281,62.78269958496094,62.936767578125
s17::cand03,s17,s17,ace_inpaint_candidate,3.0,candidate_index,63.40880584716797,61.63908386230469,61.80847930908203
s17::cand04,s17,s17,ace_inpaint_candidate,4.0,candidate_index,63.408447265625,64.48248291015625,63.56623458862305
s17::cand05,s17,s17,ace_inpaint_candidate,5.0,candidate_index,62.370208740234375,62.48531723022461,62.92250061035156
s17::cand06,s17,s17,ace_inpaint_candidate,6.0,candidate_index,63.3434944152832,65.93821716308594,64.00481414794922
s17::cand07,s17,s17,ace_inpaint_candidate,7.0,candidate_index,63.998573303222656,62.110225677490234,62.14191818237305
s18::cand00,s18,s18,ace_inpaint_candidate,0.0,candidate_index,71.32361602783203,72.07593536376953,74.77041625976562
s18::cand01,s18,s18,ace_inpaint_candidate,1.0,candidate_index,70.86973571777344,69.31877899169922,74.27349090576172
s18::cand02,s18,s18,ace_inpaint_candidate,2.0,candidate_index,71.19572448730469,71.88082122802734,74.17333984375
s18::cand03,s18,s18,ace_inpaint_candidate,3.0,candidate_index,71.16966247558594,71.56584930419922,74.73068237304688
s18::cand04,s18,s18,ace_inpaint_candidate,4.0,candidate_index,71.19728088378906,71.42216491699219,74.47427368164062
s18::cand05,s18,s18,ace_inpaint_candidate,5.0,candidate_index,70.31858825683594,71.69525146484375,74.06822967529297
s18::cand06,s18,s18,ace_inpaint_candidate,6.0,candidate_index,71.03677368164062,71.9498519897461,74.32453918457031
s18::cand07,s18,s18,ace_inpaint_candidate,7.0,candidate_index,70.9293441772461,71.50873565673828,74.25422668457031
s19::cand00,s19,s19,ace_inpaint_candidate,0.0,candidate_index,46.66096496582031,50.24431610107422,48.12699508666992
s19::cand01,s19,s19,ace_inpaint_candidate,1.0,candidate_index,45.50483703613281,48.55450439453125,47.936012268066406
s19::cand02,s19,s19,ace_inpaint_candidate,2.0,candidate_index,47.514923095703125,50.26812744140625,51.07179260253906
s19::cand03,s19,s19,ace_inpaint_candidate,3.0,candidate_index,49.26689147949219,52.68339538574219,52.083404541015625
s19::cand04,s19,s19,ace_inpaint_candidate,4.0,candidate_index,47.26030349731445,49.78168487548828,49.60741424560547
s19::cand05,s19,s19,ace_inpaint_candidate,5.0,candidate_index,47.94450378417969,50.67479705810547,50.541072845458984
s19::cand06,s19,s19,ace_inpaint_candidate,6.0,candidate_index,43.26025390625,47.05873489379883,44.300331115722656
s19::cand07,s19,s19,ace_inpaint_candidate,7.0,candidate_index,43.87895965576172,48.320003509521484,46.68484878540039
s20::cand00,s20,s20,ace_inpaint_candidate,0.0,candidate_index,71.44535827636719,71.28581237792969,76.84595489501953
s20::cand01,s20,s20,ace_inpaint_candidate,1.0,candidate_index,70.08265686035156,68.29781341552734,72.78903198242188
s20::cand02,s20,s20,ace_inpaint_candidate,2.0,candidate_index,71.33734893798828,72.45655059814453,75.68524169921875
s20::cand03,s20,s20,ace_inpaint_candidate,3.0,candidate_index,71.97770690917969,72.63363647460938,76.6861572265625
s20::cand04,s20,s20,ace_inpaint_candidate,4.0,candidate_index,71.41021728515625,72.07038116455078,75.59298706054688
s20::cand05,s20,s20,ace_inpaint_candidate,5.0,candidate_index,71.59467315673828,70.96018981933594,75.82112121582031
s20::cand06,s20,s20,ace_inpaint_candidate,6.0,candidate_index,71.52812194824219,72.8018569946289,74.54524230957031
s20::cand07,s20,s20,ace_inpaint_candidate,7.0,candidate_index,70.59471893310547,67.8492431640625,72.91596221923828
s21::cand00,s21,s21,ace_inpaint_candidate,0.0,candidate_index,54.39307403564453,53.348167419433594,54.23310089111328
s21::cand01,s21,s21,ace_inpaint_candidate,1.0,candidate_index,56.872161865234375,54.9977912902832,58.45545196533203
s21::cand02,s21,s21,ace_inpaint_candidate,2.0,candidate_index,57.02138900756836,55.232601165771484,58.99445343017578
s21::cand03,s21,s21,ace_inpaint_candidate,3.0,candidate_index,57.53284454345703,56.67224884033203,59.2322883605957
s21::cand04,s21,s21,ace_inpaint_candidate,4.0,candidate_index,58.433841705322266,57.39839172363281,59.93177032470703
s21::cand05,s21,s21,ace_inpaint_candidate,5.0,candidate_index,55.10596466064453,55.608558654785156,57.419612884521484
s21::cand06,s21,s21,ace_inpaint_candidate,6.0,candidate_index,57.211448669433594,55.9144401550293,59.524227142333984
s21::cand07,s21,s21,ace_inpaint_candidate,7.0,candidate_index,56.8001823425293,55.19723129272461,59.49535369873047
s22::cand00,s22,s22,ace_inpaint_candidate,0.0,candidate_index,66.49725341796875,68.20809173583984,68.84769439697266
s22::cand01,s22,s22,ace_inpaint_candidate,1.0,candidate_index,68.22882843017578,68.19920349121094,69.91644287109375
s22::cand02,s22,s22,ace_inpaint_candidate,2.0,candidate_index,67.67326354980469,69.28182983398438,68.17467498779297
s22::cand03,s22,s22,ace_inpaint_candidate,3.0,candidate_index,66.72373962402344,68.37947082519531,67.97201538085938
s22::cand04,s22,s22,ace_inpaint_candidate,4.0,candidate_index,67.54913330078125,69.00453186035156,69.57147216796875
s22::cand05,s22,s22,ace_inpaint_candidate,5.0,candidate_index,67.15105438232422,69.30170440673828,67.49730682373047
s22::cand06,s22,s22,ace_inpaint_candidate,6.0,candidate_index,66.69219207763672,67.77027130126953,69.2393798828125
s22::cand07,s22,s22,ace_inpaint_candidate,7.0,candidate_index,67.89581298828125,69.58436584472656,68.58296203613281
s23::cand00,s23,s23,ace_inpaint_candidate,0.0,candidate_index,70.5534896850586,72.73453521728516,76.54122161865234
s23::cand01,s23,s23,ace_inpaint_candidate,1.0,candidate_index,71.33174133300781,73.8670425415039,76.41555786132812
s23::cand02,s23,s23,ace_inpaint_candidate,2.0,candidate_index,70.05912780761719,71.2720947265625,76.57110595703125
s23::cand03,s23,s23,ace_inpaint_candidate,3.0,candidate_index,70.8262939453125,72.2168960571289,76.24861145019531
s23::cand04,s23,s23,ace_inpaint_candidate,4.0,candidate_index,71.00697326660156,72.12391662597656,77.24160766601562
s23::cand05,s23,s23,ace_inpaint_candidate,5.0,candidate_index,70.64991760253906,71.20806121826172,76.65763092041016
s23::cand06,s23,s23,ace_inpaint_candidate,6.0,candidate_index,70.58627319335938,72.0593490600586,74.58369445800781
s23::cand07,s23,s23,ace_inpaint_candidate,7.0,candidate_index,70.45841979980469,71.37074279785156,75.45954895019531
s24::cand00,s24,s24,ace_inpaint_candidate,0.0,candidate_index,59.12877655029297,61.425655364990234,62.829750061035156
s24::cand01,s24,s24,ace_inpaint_candidate,1.0,candidate_index,59.91910934448242,62.11717987060547,62.862335205078125
s24::cand02,s24,s24,ace_inpaint_candidate,2.0,candidate_index,58.45729446411133,61.16521072387695,62.399784088134766
s24::cand03,s24,s24,ace_inpaint_candidate,3.0,candidate_index,58.87107849121094,61.55512237548828,61.500301361083984
s24::cand04,s24,s24,ace_inpaint_candidate,4.0,candidate_index,58.87031555175781,61.55345153808594,61.78032302856445
s24::cand05,s24,s24,ace_inpaint_candidate,5.0,candidate_index,60.82584762573242,63.297447204589844,66.83338165283203
s24::cand06,s24,s24,ace_inpaint_candidate,6.0,candidate_index,59.03840255737305,61.675045013427734,61.49528503417969
s24::cand07,s24,s24,ace_inpaint_candidate,7.0,candidate_index,59.014976501464844,63.32685852050781,63.77570343017578
s25::cand00,s25,s25,ace_inpaint_candidate,0.0,candidate_index,68.15226745605469,70.1779556274414,71.7117691040039
s25::cand01,s25,s25,ace_inpaint_candidate,1.0,candidate_index,67.08790588378906,69.67588806152344,71.01213073730469
s25::cand02,s25,s25,ace_inpaint_candidate,2.0,candidate_index,67.55414581298828,69.04694366455078,73.05741119384766
s25::cand03,s25,s25,ace_inpaint_candidate,3.0,candidate_index,67.67111206054688,68.76358032226562,72.64501953125
s25::cand04,s25,s25,ace_inpaint_candidate,4.0,candidate_index,66.80868530273438,69.22032928466797,71.06597900390625
s25::cand05,s25,s25,ace_inpaint_candidate,5.0,candidate_index,67.38139343261719,67.20613098144531,71.999755859375
s25::cand06,s25,s25,ace_inpaint_candidate,6.0,candidate_index,67.55154418945312,69.64056396484375,71.9605941772461
s25::cand07,s25,s25,ace_inpaint_candidate,7.0,candidate_index,68.34310150146484,70.15790557861328,73.61769104003906
s26::cand00,s26,s26,ace_inpaint_candidate,0.0,candidate_index,64.94731903076172,65.33549499511719,65.71344757080078
s26::cand01,s26,s26,ace_inpaint_candidate,1.0,candidate_index,64.6281967163086,65.70140075683594,65.70608520507812
s26::cand02,s26,s26,ace_inpaint_candidate,2.0,candidate_index,66.81306457519531,69.8773193359375,66.52705383300781
s26::cand03,s26,s26,ace_inpaint_candidate,3.0,candidate_index,64.51986694335938,68.10237121582031,66.1679916381836
s26::cand04,s26,s26,ace_inpaint_candidate,4.0,candidate_index,65.23377227783203,65.96222686767578,65.73258209228516
s26::cand05,s26,s26,ace_inpaint_candidate,5.0,candidate_index,64.25834655761719,65.4393081665039,64.48160552978516
s26::cand06,s26,s26,ace_inpaint_candidate,6.0,candidate_index,64.75533294677734,65.5755386352539,65.69319152832031
s26::cand07,s26,s26,ace_inpaint_candidate,7.0,candidate_index,66.78948974609375,70.08003997802734,67.59503936767578
s27::cand00,s27,s27,ace_inpaint_candidate,0.0,candidate_index,60.808902740478516,63.63044738769531,68.22886657714844
s27::cand01,s27,s27,ace_inpaint_candidate,1.0,candidate_index,60.83192443847656,63.161170959472656,66.65953063964844
s27::cand02,s27,s27,ace_inpaint_candidate,2.0,candidate_index,61.47077941894531,64.20706939697266,68.2666244506836
s27::cand03,s27,s27,ace_inpaint_candidate,3.0,candidate_index,59.309181213378906,62.209991455078125,66.64826202392578
s27::cand04,s27,s27,ace_inpaint_candidate,4.0,candidate_index,60.172462463378906,61.64174270629883,67.98609924316406
s27::cand05,s27,s27,ace_inpaint_candidate,5.0,candidate_index,61.316429138183594,63.992515563964844,68.1275634765625
s27::cand06,s27,s27,ace_inpaint_candidate,6.0,candidate_index,60.91307067871094,62.9894905090332,67.56292724609375
s27::cand07,s27,s27,ace_inpaint_candidate,7.0,candidate_index,60.20224380493164,62.69770812988281,67.9222412109375
s28::cand00,s28,s28,ace_inpaint_candidate,0.0,candidate_index,49.0427131652832,48.568946838378906,53.77956008911133
s28::cand01,s28,s28,ace_inpaint_candidate,1.0,candidate_index,47.362266540527344,47.55818176269531,52.2755012512207
s28::cand02,s28,s28,ace_inpaint_candidate,2.0,candidate_index,50.375892639160156,51.0240478515625,56.49696731567383
s28::cand03,s28,s28,ace_inpaint_candidate,3.0,candidate_index,48.47955322265625,48.392765045166016,54.59906005859375
s28::cand04,s28,s28,ace_inpaint_candidate,4.0,candidate_index,50.546966552734375,49.15752410888672,54.791648864746094
s28::cand05,s28,s28,ace_inpaint_candidate,5.0,candidate_index,50.13435363769531,51.09185791015625,56.00847244262695
s28::cand06,s28,s28,ace_inpaint_candidate,6.0,candidate_index,50.68039321899414,49.67351531982422,55.84435272216797
s28::cand07,s28,s28,ace_inpaint_candidate,7.0,candidate_index,47.544639587402344,47.77694320678711,53.0216064453125
s29::cand00,s29,s29,ace_inpaint_candidate,0.0,candidate_index,65.46537780761719,65.22681427001953,69.46903991699219
s29::cand01,s29,s29,ace_inpaint_candidate,1.0,candidate_index,66.16436767578125,67.48380279541016,69.1665267944336
s29::cand02,s29,s29,ace_inpaint_candidate,2.0,candidate_index,65.88177490234375,68.0702133178711,68.52684783935547
s29::cand03,s29,s29,ace_inpaint_candidate,3.0,candidate_index,65.1002197265625,65.34848022460938,69.57125091552734
s29::cand04,s29,s29,ace_inpaint_candidate,4.0,candidate_index,65.71146392822266,67.51204681396484,69.69818878173828
s29::cand05,s29,s29,ace_inpaint_candidate,5.0,candidate_index,65.30883026123047,67.11564636230469,69.22772979736328
s29::cand06,s29,s29,ace_inpaint_candidate,6.0,candidate_index,63.1232795715332,66.07585906982422,68.90558624267578
s29::cand07,s29,s29,ace_inpaint_candidate,7.0,candidate_index,63.956764221191406,66.95690155029297,67.38785552978516
s30::cand00,s30,s30,ace_inpaint_candidate,0.0,candidate_index,64.82327270507812,63.94434356689453,69.27241516113281
s30::cand01,s30,s30,ace_inpaint_candidate,1.0,candidate_index,65.4638671875,64.56715393066406,69.61784362792969
s30::cand02,s30,s30,ace_inpaint_candidate,2.0,candidate_index,63.96011734008789,62.14452362060547,70.80577087402344
s30::cand03,s30,s30,ace_inpaint_candidate,3.0,candidate_index,64.21914672851562,61.81101989746094,68.87747955322266
s30::cand04,s30,s30,ace_inpaint_candidate,4.0,candidate_index,64.02213287353516,62.37134552001953,68.48943328857422
s30::cand05,s30,s30,ace_inpaint_candidate,5.0,candidate_index,64.26576232910156,65.11683654785156,70.25833129882812
s30::cand06,s30,s30,ace_inpaint_candidate,6.0,candidate_index,63.570655822753906,61.726402282714844,67.94486999511719
s30::cand07,s30,s30,ace_inpaint_candidate,7.0,candidate_index,64.97920989990234,63.40447235107422,69.1222152709961
s31::cand00,s31,s31,ace_inpaint_candidate,0.0,candidate_index,66.51497650146484,71.12394714355469,69.80208587646484
s31::cand01,s31,s31,ace_inpaint_candidate,1.0,candidate_index,64.86371612548828,71.15245819091797,69.85939025878906
s31::cand02,s31,s31,ace_inpaint_candidate,2.0,candidate_index,66.58261108398438,70.81031036376953,69.77606201171875
s31::cand03,s31,s31,ace_inpaint_candidate,3.0,candidate_index,65.73507690429688,70.05810546875,69.38958740234375
s31::cand04,s31,s31,ace_inpaint_candidate,4.0,candidate_index,66.17617797851562,70.60867309570312,70.07260131835938
s31::cand05,s31,s31,ace_inpaint_candidate,5.0,candidate_index,66.35407257080078,70.5479507446289,69.51266479492188
s31::cand06,s31,s31,ace_inpaint_candidate,6.0,candidate_index,66.178466796875,69.96029663085938,69.79535675048828
s31::cand07,s31,s31,ace_inpaint_candidate,7.0,candidate_index,66.44570922851562,70.12992095947266,69.85353088378906
s32::cand00,s32,s32,ace_inpaint_candidate,0.0,candidate_index,68.4161376953125,69.48129272460938,68.582763671875
s32::cand01,s32,s32,ace_inpaint_candidate,1.0,candidate_index,68.2530746459961,69.73829650878906,65.78762817382812
s32::cand02,s32,s32,ace_inpaint_candidate,2.0,candidate_index,67.35098266601562,67.67588806152344,66.89651489257812
s32::cand03,s32,s32,ace_inpaint_candidate,3.0,candidate_index,68.28205108642578,68.89466857910156,67.91061401367188
s32::cand04,s32,s32,ace_inpaint_candidate,4.0,candidate_index,68.56841278076172,69.69190979003906,68.4637451171875
s32::cand05,s32,s32,ace_inpaint_candidate,5.0,candidate_index,67.23212432861328,68.69688415527344,67.40963745117188
s32::cand06,s32,s32,ace_inpaint_candidate,6.0,candidate_index,67.98065948486328,67.51020050048828,66.44515228271484
s32::cand07,s32,s32,ace_inpaint_candidate,7.0,candidate_index,67.47523498535156,69.45572662353516,67.06732940673828
s33::cand00,s33,s33,ace_inpaint_candidate,0.0,candidate_index,62.37895965576172,63.62791442871094,66.43721008300781
s33::cand01,s33,s33,ace_inpaint_candidate,1.0,candidate_index,60.76071548461914,60.137535095214844,64.03947448730469
s33::cand02,s33,s33,ace_inpaint_candidate,2.0,candidate_index,61.451961517333984,63.42582702636719,66.01349639892578
s33::cand03,s33,s33,ace_inpaint_candidate,3.0,candidate_index,60.920806884765625,61.647979736328125,64.20008087158203
s33::cand04,s33,s33,ace_inpaint_candidate,4.0,candidate_index,59.357662200927734,62.82219696044922,63.35690689086914
s33::cand05,s33,s33,ace_inpaint_candidate,5.0,candidate_index,61.600502014160156,62.19444274902344,65.36222839355469
s33::cand06,s33,s33,ace_inpaint_candidate,6.0,candidate_index,59.19613265991211,62.57505798339844,62.64862060546875
s33::cand07,s33,s33,ace_inpaint_candidate,7.0,candidate_index,62.36500930786133,63.28458023071289,65.77873992919922
s34::cand00,s34,s34,ace_inpaint_candidate,0.0,candidate_index,73.40579223632812,76.10826110839844,77.24349975585938
s34::cand01,s34,s34,ace_inpaint_candidate,1.0,candidate_index,74.48873901367188,76.82182312011719,76.14283752441406
s34::cand02,s34,s34,ace_inpaint_candidate,2.0,candidate_index,73.11746215820312,75.16442108154297,77.18315124511719
s34::cand03,s34,s34,ace_inpaint_candidate,3.0,candidate_index,73.70761108398438,75.1509017944336,75.63691711425781
s34::cand04,s34,s34,ace_inpaint_candidate,4.0,candidate_index,74.17666625976562,75.65131378173828,76.3647689819336
s34::cand05,s34,s34,ace_inpaint_candidate,5.0,candidate_index,74.59353637695312,75.85958862304688,75.74395751953125
s34::cand06,s34,s34,ace_inpaint_candidate,6.0,candidate_index,72.96568298339844,75.80712890625,76.19143676757812
s34::cand07,s34,s34,ace_inpaint_candidate,7.0,candidate_index,73.76206970214844,76.3759536743164,77.50131225585938
s35::cand00,s35,s35,ace_inpaint_candidate,0.0,candidate_index,64.24851989746094,71.25715637207031,64.60753631591797
s35::cand01,s35,s35,ace_inpaint_candidate,1.0,candidate_index,65.70536804199219,70.24610137939453,66.01274108886719
s35::cand02,s35,s35,ace_inpaint_candidate,2.0,candidate_index,66.26325988769531,70.7123031616211,66.2270278930664
s35::cand03,s35,s35,ace_inpaint_candidate,3.0,candidate_index,63.98543167114258,69.50804901123047,66.36261749267578
s35::cand04,s35,s35,ace_inpaint_candidate,4.0,candidate_index,63.842681884765625,69.79837036132812,63.8648567199707
s35::cand05,s35,s35,ace_inpaint_candidate,5.0,candidate_index,65.02433013916016,71.11276245117188,65.99417877197266
s35::cand06,s35,s35,ace_inpaint_candidate,6.0,candidate_index,63.724605560302734,69.45972442626953,65.1246566772461
s35::cand07,s35,s35,ace_inpaint_candidate,7.0,candidate_index,64.47444915771484,71.26793670654297,65.61851501464844
s36::cand00,s36,s36,ace_inpaint_candidate,0.0,candidate_index,62.31489562988281,63.52092742919922,67.99177551269531
s36::cand01,s36,s36,ace_inpaint_candidate,1.0,candidate_index,62.432655334472656,61.62044906616211,67.10802459716797
s36::cand02,s36,s36,ace_inpaint_candidate,2.0,candidate_index,62.48855209350586,63.02598190307617,67.8048095703125
s36::cand03,s36,s36,ace_inpaint_candidate,3.0,candidate_index,62.42547607421875,63.186317443847656,67.03351593017578
s36::cand04,s36,s36,ace_inpaint_candidate,4.0,candidate_index,63.29978561401367,62.400909423828125,68.90909576416016
s36::cand05,s36,s36,ace_inpaint_candidate,5.0,candidate_index,62.639793395996094,63.42340087890625,68.12915802001953
s36::cand06,s36,s36,ace_inpaint_candidate,6.0,candidate_index,60.23811721801758,60.12055969238281,65.53904724121094
s36::cand07,s36,s36,ace_inpaint_candidate,7.0,candidate_index,63.146080017089844,63.41725540161133,68.07891845703125
s37::cand00,s37,s37,ace_inpaint_candidate,0.0,candidate_index,69.94950103759766,74.05601501464844,71.46577453613281
s37::cand01,s37,s37,ace_inpaint_candidate,1.0,candidate_index,71.42852783203125,74.25911712646484,73.93661499023438
s37::cand02,s37,s37,ace_inpaint_candidate,2.0,candidate_index,69.37822723388672,73.78994750976562,72.00808715820312
s37::cand03,s37,s37,ace_inpaint_candidate,3.0,candidate_index,69.86373138427734,74.16555786132812,71.50362396240234
s37::cand04,s37,s37,ace_inpaint_candidate,4.0,candidate_index,69.8724365234375,75.17427062988281,72.2201919555664
s37::cand05,s37,s37,ace_inpaint_candidate,5.0,candidate_index,71.69776153564453,72.50831604003906,72.74786376953125
s37::cand06,s37,s37,ace_inpaint_candidate,6.0,candidate_index,70.71416473388672,73.5531005859375,71.94094848632812
s37::cand07,s37,s37,ace_inpaint_candidate,7.0,candidate_index,71.17032623291016,72.87728118896484,73.92010498046875
s38::cand00,s38,s38,ace_inpaint_candidate,0.0,candidate_index,56.057098388671875,57.83348083496094,57.5096321105957
s38::cand01,s38,s38,ace_inpaint_candidate,1.0,candidate_index,53.83470153808594,56.707557678222656,55.85685348510742
s38::cand02,s38,s38,ace_inpaint_candidate,2.0,candidate_index,55.67671585083008,57.419097900390625,56.818809509277344
s38::cand03,s38,s38,ace_inpaint_candidate,3.0,candidate_index,55.55679702758789,58.25037384033203,57.21739196777344
s38::cand04,s38,s38,ace_inpaint_candidate,4.0,candidate_index,54.797821044921875,57.9095573425293,57.10267639160156
s38::cand05,s38,s38,ace_inpaint_candidate,5.0,candidate_index,55.178653717041016,57.73563003540039,58.05283737182617
s38::cand06,s38,s38,ace_inpaint_candidate,6.0,candidate_index,56.443084716796875,59.0606575012207,57.268959045410156
s38::cand07,s38,s38,ace_inpaint_candidate,7.0,candidate_index,55.08796310424805,58.58350372314453,56.9463996887207
s39::cand00,s39,s39,ace_inpaint_candidate,0.0,candidate_index,62.092071533203125,60.5019645690918,63.513755798339844
s39::cand01,s39,s39,ace_inpaint_candidate,1.0,candidate_index,65.45045471191406,61.395877838134766,65.359375
s39::cand02,s39,s39,ace_inpaint_candidate,2.0,candidate_index,66.35893249511719,62.36482238769531,66.55543518066406
s39::cand03,s39,s39,ace_inpaint_candidate,3.0,candidate_index,66.67897033691406,62.571258544921875,67.77876281738281
s39::cand04,s39,s39,ace_inpaint_candidate,4.0,candidate_index,63.31599044799805,60.463993072509766,66.61280822753906
s39::cand05,s39,s39,ace_inpaint_candidate,5.0,candidate_index,65.14553833007812,61.393890380859375,66.43101501464844
s39::cand06,s39,s39,ace_inpaint_candidate,6.0,candidate_index,65.31986236572266,60.87010955810547,67.85749053955078
s39::cand07,s39,s39,ace_inpaint_candidate,7.0,candidate_index,62.08405303955078,58.896156311035156,65.97016143798828
s40::cand00,s40,s40,ace_inpaint_candidate,0.0,candidate_index,56.05735397338867,59.15161895751953,58.22734451293945
s40::cand01,s40,s40,ace_inpaint_candidate,1.0,candidate_index,57.20403289794922,61.778038024902344,58.80203628540039
s40::cand02,s40,s40,ace_inpaint_candidate,2.0,candidate_index,57.84070587158203,59.10309982299805,60.23295974731445
s40::cand03,s40,s40,ace_inpaint_candidate,3.0,candidate_index,56.51015853881836,59.97245788574219,57.82863998413086
s40::cand04,s40,s40,ace_inpaint_candidate,4.0,candidate_index,55.70475769042969,57.359073638916016,58.995079040527344
s40::cand05,s40,s40,ace_inpaint_candidate,5.0,candidate_index,54.277217864990234,56.984710693359375,58.340030670166016
s40::cand06,s40,s40,ace_inpaint_candidate,6.0,candidate_index,57.948448181152344,63.5714225769043,60.49777603149414
s40::cand07,s40,s40,ace_inpaint_candidate,7.0,candidate_index,57.45783996582031,59.26494598388672,60.36935043334961
