pair_id,mos
ambient_03::pitch_shift::-1st,3.5556
ambient_03::style_swap::swap_cross,1.1
ambient_03::time_stretch::-5pct,3.875
ambient_04::distortion::drv32,2.375
ambient_04::pitch_shift::+1st,3.0
ambient_04::time_stretch::+10pct,4.5
ambient_05::control::ctrl,4.875
ambient_05::pitch_shift::-2st,3.25
ambient_05::time_stretch::-5pct,4.75
ambient_06::lowpass::lp2000,3.625
ambient_06::pitch_shift::-4st,3.125
ambient_06::time_stretch::+20pct,4.125
ambient_07::lowpass::lp4000,3.625
ambient_07::time_stretch::-10pct,4.75
ambient_08::lowpass::lp8000,3.5
ambient_08::pitch_shift::+1st,4.125
ambient_09::distortion::drv12,3.8571
ambient_09::pitch_shift::+4st,2.5
ambient_11::control::ctrl,4.375
ambient_11::style_swap::swap_cross,1.1
ambient_11::time_stretch::+5pct,4.75
ambient_13::lowpass::lp8000,4.125
ambient_13::pitch_shift::+2st,2.75
ambient_13::time_stretch::-20pct,4.125
ambient_14::distortion::drv12,3.0
ambient_14::pitch_shift::-2st,3.0
ambient_15::distortion::drv4,4.7143
ambient_15::pitch_shift::+2st,3.2857
ambient_15::time_stretch::-20pct,3.625
classical_01::lowpass::lp2000,3.25
classical_01::pitch_shift::-1st,3.625
classical_01::style_swap::swap_cross,1.375
classical_02::distortion::drv4,4.625
classical_02::pitch_shift::-2st,3.0
classical_02::time_stretch::+5pct,4.3333
classical_02::time_stretch::-5pct,4.5
classical_03::lowpass::lp2000,4.575
classical_03::pitch_shift::-4st,2.4444
classical_03::time_stretch::-5pct,4.5
classical_04::lowpass::lp4000,3.0
classical_04::pitch_shift::+1st,3.0
classical_04::time_stretch::-10pct,3.7143
classical_05::distortion::drv32,2.375
classical_05::lowpass::lp8000,4.125
classical_05::time_stretch::+20pct,2.5
classical_06::distortion::drv12,2.25
classical_06::pitch_shift::+1st,3.5
classical_06::time_stretch::-20pct,4.1429
classical_07::control::ctrl,4.85
classical_07::pitch_shift::+2st,3.075
classical_07::style_swap::swap_cross,1.2222
classical_08::lowpass::lp8000,4.7778
classical_08::pitch_shift::-4st,3.2857
classical_08::time_stretch::+5pct,4.4
classical_09::control::ctrl,4.7143
classical_09::pitch_shift::+2st,2.8889
classical_09::time_stretch::-20pct,2.3333
classical_10::distortion::drv32,2.125
classical_10::pitch_shift::+4st,3.0
classical_10::time_stretch::+10pct,4.2857
classical_11::distortion::drv4,4.6667
classical_11::pitch_shift::-2st,3.375
classical_11::time_stretch::+10pct,4.1111
classical_12::lowpass::lp4000,4.0
classical_12::pitch_shift::-1st,3.4444
classical_12::time_stretch::+20pct,3.125
classical_14::distortion::drv12,2.5
classical_14::pitch_shift::+4st,3.125
classical_14::time_stretch::-10pct,4.5
electronic_02::distortion::drv12,3.0
electronic_02::pitch_shift::-1st,2.625
electronic_02::time_stretch::+20pct,2.7778
electronic_03::distortion::drv32,2.375
electronic_03::pitch_shift::+1st,3.25
electronic_04::distortion::drv12,4.4444
electronic_04::time_stretch::-10pct,4.4444
electronic_05::distortion::drv4,3.125
electronic_05::lowpass::lp8000,3.375
electronic_06::distortion::drv4,3.375
electronic_06::pitch_shift::+4st,3.25
electronic_07::lowpass::lp2000,3.05
electronic_07::style_swap::swap_cross,1.4286
electronic_07::time_stretch::+5pct,4.125
electronic_10::control::ctrl,4.5
electronic_10::pitch_shift::+2st,3.375
electronic_12::lowpass::lp2000,3.3333
electronic_12::pitch_shift::-2st,3.0
electronic_12::time_stretch::+10pct,3.7143
electronic_13::lowpass::lp4000,3.0
electronic_13::pitch_shift::-4st,2.75
electronic_14::control::ctrl,4.875
electronic_14::time_stretch::-20pct,2.625
electronic_15::distortion::drv32,2.75
electronic_15::time_stretch::-5pct,4.875
folk_01::control::ctrl,4.625
folk_01::pitch_shift::+4st,2.6667
folk_01::pitch_shift::-4st,3.0
folk_01::time_stretch::+10pct,3.75
folk_05::distortion::drv4,4.7143
folk_05::lowpass::lp8000,4.75
folk_05::pitch_shift::+1st,3.375
folk_05::time_stretch::-20pct,3.2222
folk_06::distortion::drv12,2.625
folk_06::lowpass::lp4000,3.7778
folk_06::time_stretch::+5pct,4.4286
folk_06::time_stretch::-10pct,3.625
folk_12::lowpass::lp2000,3.125
folk_12::pitch_shift::-1st,3.25
folk_12::style_swap::swap_cross,1.0
folk_12::time_stretch::+20pct,4.7778
folk_13::distortion::drv32,2.8571
folk_13::pitch_shift::+2st,2.875
folk_13::pitch_shift::-2st,2.4444
folk_13::time_stretch::-5pct,4.5556
jazz_01::pitch_shift::-2st,3.125
jazz_02::lowpass::lp2000,3.0
jazz_03::lowpass::lp8000,3.7143
jazz_03::time_stretch::-10pct,3.5
jazz_04::pitch_shift::+1st,2.5556
jazz_06::pitch_shift::-4st,3.0
jazz_07::distortion::drv12,2.25
jazz_08::lowpass::lp4000,3.25
jazz_08::time_stretch::+5pct,4.125
jazz_10::distortion::drv32,2.125
jazz_10::style_swap::swap_cross,1.125
jazz_11::pitch_shift::+4st,3.25
jazz_11::time_stretch::+20pct,3.25
jazz_12::control::ctrl,4.725
jazz_12::time_stretch::-20pct,3.2
jazz_13::distortion::drv4,4.0
jazz_13::time_stretch::+10pct,3.5
jazz_14::pitch_shift::+2st,3.2857
jazz_15::pitch_shift::-1st,3.5714
jazz_15::time_stretch::-5pct,4.8571
rock_01::distortion::drv12,2.1667
rock_01::pitch_shift::+2st,3.125
rock_01::time_stretch::-20pct,3.2857
rock_04::lowpass::lp4000,3.25
rock_04::pitch_shift::+4st,3.2222
rock_04::pitch_shift::-2st,3.8571
rock_04::time_stretch::+5pct,4.125
rock_05::control::ctrl,4.8889
rock_05::lowpass::lp8000,3.85
rock_05::style_swap::swap_cross,1.0
rock_05::time_stretch::+20pct,3.4286
rock_06::distortion::drv32,2.4444
rock_06::pitch_shift::+1st,3.425
rock_06::time_stretch::+10pct,3.2222
rock_11::distortion::drv4,3.5556
rock_11::pitch_shift::-4st,3.25
rock_11::time_stretch::-5pct,4.625
rock_13::lowpass::lp2000,3.1429
rock_13::pitch_shift::-1st,2.75
rock_13::time_stretch::-10pct,4.0
