stimulus_id,file,pair_id,block,stimulus_set,condition,perturbation,genre,source_id,attention_check,attenuated,duration_s,C_uniform,sha256_16
stim_0001,stim_0001.mp3,ambient_01::lowpass::lp4000,block3,matrix,lowpass:4000,lowpass,ambient,ambient_01,,1.0,13.0,0.771029,661c7647cd924a96
stim_0002,stim_0002.mp3,ambient_01::time_stretch::-10pct,block2,matrix,time_stretch:-10,time_stretch,ambient,ambient_01,,1.0,13.0,0.881542,321d3bf016acf0a1
stim_0003,stim_0003.mp3,ambient_02::lowpass::lp2000,block2,matrix,lowpass:2000,lowpass,ambient,ambient_02,,1.0,13.0,0.693404,79c3216ee34cb440
stim_0004,stim_0004.mp3,ambient_02::pitch_shift::-4st,block1,matrix,pitch_shift:-4,pitch_shift,ambient,ambient_02,,1.0,13.0,0.797648,7c72c03fd83076c3
stim_0005,stim_0005.mp3,ambient_02::time_stretch::+10pct,block2,matrix,time_stretch:10,time_stretch,ambient,ambient_02,,1.0,13.0,0.763446,789f7d1dc5159e1e
stim_0006,stim_0006.mp3,ambient_03::pitch_shift::-1st,block3,matrix,pitch_shift:-1,pitch_shift,ambient,ambient_03,,0.25,13.0,0.863175,b600e2870803a76b
stim_0007,stim_0007.mp3,ambient_03::style_swap::swap_cross,anchor,matrix,style_swap:cross_genre,style_swap,ambient,ambient_03,expect_low,0.25,13.0,0.508636,0e7fdfef6b1f6987
stim_0008,stim_0008.mp3,ambient_03::time_stretch::-5pct,block1,matrix,time_stretch:-5,time_stretch,ambient,ambient_03,,0.25,13.0,0.80487,d699d2f258a37d84
stim_0009,stim_0009.mp3,ambient_04::distortion::drv32,block2,matrix,distortion:32,distortion,ambient,ambient_04,,1.0,13.0,0.731754,eade8bdd24c7e3bf
stim_0010,stim_0010.mp3,ambient_04::pitch_shift::+1st,block4,matrix,pitch_shift:1,pitch_shift,ambient,ambient_04,,1.0,13.0,0.710932,a877b2caf08fe157
stim_0011,stim_0011.mp3,ambient_04::time_stretch::+10pct,block1,matrix,time_stretch:10,time_stretch,ambient,ambient_04,,1.0,13.0,0.891648,35e3d589bd078e11
stim_0012,stim_0012.mp3,ambient_05::control::ctrl,block5,matrix,control,control,ambient,ambient_05,expect_high,1.0,13.0,0.937588,d101b8df35b559df
stim_0013,stim_0013.mp3,ambient_05::pitch_shift::-2st,block1,matrix,pitch_shift:-2,pitch_shift,ambient,ambient_05,,1.0,13.0,0.77446,756e6d82830131fb
stim_0014,stim_0014.mp3,ambient_05::time_stretch::-5pct,block2,matrix,time_stretch:-5,time_stretch,ambient,ambient_05,,1.0,13.0,0.870783,ff1f548f7102d88a
stim_0015,stim_0015.mp3,ambient_06::lowpass::lp2000,block1,matrix,lowpass:2000,lowpass,ambient,ambient_06,,0.5,13.0,0.733611,7cf6dd2147dae781
stim_0016,stim_0016.mp3,ambient_06::pitch_shift::-4st,block1,matrix,pitch_shift:-4,pitch_shift,ambient,ambient_06,,0.5,13.0,0.7366,c384e9733bc3c623
stim_0017,stim_0017.mp3,ambient_06::time_stretch::+20pct,block1,matrix,time_stretch:20,time_stretch,ambient,ambient_06,,0.5,13.0,0.808102,57169b3e8a1fd067
stim_0018,stim_0018.mp3,ambient_07::lowpass::lp4000,block2,matrix,lowpass:4000,lowpass,ambient,ambient_07,,1.0,13.0,0.8429,550597df78c6af9c
stim_0019,stim_0019.mp3,ambient_07::time_stretch::-10pct,block5,matrix,time_stretch:-10,time_stretch,ambient,ambient_07,,1.0,13.0,0.898026,96c52a903b2683d4
stim_0020,stim_0020.mp3,ambient_08::lowpass::lp8000,block5,matrix,lowpass:8000,lowpass,ambient,ambient_08,,1.0,13.0,0.785576,58064f30cb1b5537
stim_0021,stim_0021.mp3,ambient_08::pitch_shift::+1st,block2,matrix,pitch_shift:1,pitch_shift,ambient,ambient_08,,1.0,13.0,0.702894,3ee38fcc149b6a7e
stim_0022,stim_0022.mp3,ambient_09::distortion::drv12,block4,matrix,distortion:12,distortion,ambient,ambient_09,,0.5,13.0,0.860915,193ca6ef74ff07df
stim_0023,stim_0023.mp3,ambient_09::pitch_shift::+4st,block5,matrix,pitch_shift:4,pitch_shift,ambient,ambient_09,,0.5,13.0,0.7437,341852c679b8f8d7
stim_0024,stim_0024.mp3,ambient_10::distortion::drv4,block2,matrix,distortion:4,distortion,ambient,ambient_10,,1.0,13.0,0.89748,9494ee0ac532c408
stim_0025,stim_0025.mp3,ambient_10::pitch_shift::-1st,block4,matrix,pitch_shift:-1,pitch_shift,ambient,ambient_10,,1.0,13.0,0.82626,4be268ca2bb0f637
stim_0026,stim_0026.mp3,ambient_10::time_stretch::+5pct,block4,matrix,time_stretch:5,time_stretch,ambient,ambient_10,,1.0,13.0,0.843777,832c9b0febfb4fec
stim_0027,stim_0027.mp3,ambient_11::control::ctrl,block1,matrix,control,control,ambient,ambient_11,expect_high,0.5,13.0,0.952626,6b42975505d27528
stim_0028,stim_0028.mp3,ambient_11::style_swap::swap_cross,anchor,matrix,style_swap:cross_genre,style_swap,ambient,ambient_11,expect_low,0.5,13.0,0.657749,27bd2cee7558b514
stim_0029,stim_0029.mp3,ambient_11::time_stretch::+5pct,block5,matrix,time_stretch:5,time_stretch,ambient,ambient_11,,0.5,13.0,0.893139,aa28b8bb9c5648b5
stim_0030,stim_0030.mp3,ambient_12::distortion::drv32,anchor,matrix,distortion:32,distortion,ambient,ambient_12,,1.0,13.0,0.670847,77efc93f004079cf
stim_0031,stim_0031.mp3,ambient_12::pitch_shift::+4st,block4,matrix,pitch_shift:4,pitch_shift,ambient,ambient_12,,1.0,13.0,0.724016,13d1a778fb12af1a
stim_0032,stim_0032.mp3,ambient_12::time_stretch::+20pct,block2,matrix,time_stretch:20,time_stretch,ambient,ambient_12,,1.0,13.0,0.839595,1133d4fe2a73fbd6
stim_0033,stim_0033.mp3,ambient_13::lowpass::lp8000,block1,matrix,lowpass:8000,lowpass,ambient,ambient_13,,1.0,13.0,0.80912,dc1e407d46cd6c61
stim_0034,stim_0034.mp3,ambient_13::pitch_shift::+2st,block5,matrix,pitch_shift:2,pitch_shift,ambient,ambient_13,,1.0,13.0,0.794452,8f9a1cf0f3b12ae6
stim_0035,stim_0035.mp3,ambient_13::time_stretch::-20pct,block2,matrix,time_stretch:-20,time_stretch,ambient,ambient_13,,1.0,13.0,0.779944,879fe31a7ee6b469
stim_0036,stim_0036.mp3,ambient_14::distortion::drv12,block1,matrix,distortion:12,distortion,ambient,ambient_14,,1.0,13.0,0.781138,812f22c8bea269ef
stim_0037,stim_0037.mp3,ambient_14::pitch_shift::-2st,block2,matrix,pitch_shift:-2,pitch_shift,ambient,ambient_14,,1.0,13.0,0.728081,85d661b23d9e5151
stim_0038,stim_0038.mp3,ambient_15::distortion::drv4,block4,matrix,distortion:4,distortion,ambient,ambient_15,,1.0,13.0,0.921657,f0b85a980c686f17
stim_0039,stim_0039.mp3,ambient_15::pitch_shift::+2st,block4,matrix,pitch_shift:2,pitch_shift,ambient,ambient_15,,1.0,13.0,0.755857,1544f8f30fb398e3
stim_0040,stim_0040.mp3,ambient_15::time_stretch::-20pct,block1,matrix,time_stretch:-20,time_stretch,ambient,ambient_15,,1.0,13.0,0.845058,9ed4905bf9e129d2
stim_0041,stim_0041.mp3,classical_01::lowpass::lp2000,block2,matrix,lowpass:2000,lowpass,classical,classical_01,,1.0,13.0,0.781186,fdc2a4cc62760de3
stim_0042,stim_0042.mp3,classical_01::pitch_shift::-1st,block2,matrix,pitch_shift:-1,pitch_shift,classical,classical_01,,1.0,13.0,0.848875,983af8c63b303a0e
stim_0043,stim_0043.mp3,classical_01::style_swap::swap_cross,block1,matrix,style_swap:cross_genre,style_swap,classical,classical_01,expect_low,1.0,13.0,0.647342,996e7f60da5fe2cb
stim_0044,stim_0044.mp3,classical_02::distortion::drv4,anchor,matrix,distortion:4,distortion,classical,classical_02,,1.0,13.0,0.935438,887d8baed7cdbb28
stim_0045,stim_0045.mp3,classical_02::pitch_shift::-2st,block5,matrix,pitch_shift:-2,pitch_shift,classical,classical_02,,1.0,13.0,0.801677,92b2bdb65c0782d3
stim_0046,stim_0046.mp3,classical_02::time_stretch::+5pct,block3,matrix,time_stretch:5,time_stretch,classical,classical_02,,1.0,13.0,0.898197,f381e42f78df70c5
stim_0047,stim_0047.mp3,classical_02::time_stretch::-5pct,block5,matrix,time_stretch:-5,time_stretch,classical,classical_02,,1.0,13.0,0.879098,1efdeaccd0f6fe1c
stim_0048,stim_0048.mp3,classical_03::lowpass::lp2000,anchor,matrix,lowpass:2000,lowpass,classical,classical_03,,1.0,13.0,0.951708,c8f0d1296e4aee6f
stim_0049,stim_0049.mp3,classical_03::pitch_shift::-4st,block3,matrix,pitch_shift:-4,pitch_shift,classical,classical_03,,1.0,13.0,0.743215,09157d24859bac0d
stim_0050,stim_0050.mp3,classical_03::time_stretch::-5pct,block1,matrix,time_stretch:-5,time_stretch,classical,classical_03,,1.0,13.0,0.877074,2093e70096ddb2b2
stim_0051,stim_0051.mp3,classical_04::lowpass::lp4000,block4,matrix,lowpass:4000,lowpass,classical,classical_04,,1.0,13.0,0.738124,1b6f614eb104703b
stim_0052,stim_0052.mp3,classical_04::pitch_shift::+1st,block5,matrix,pitch_shift:1,pitch_shift,classical,classical_04,,1.0,13.0,0.848254,bb67e26f989f1f94
stim_0053,stim_0053.mp3,classical_04::time_stretch::-10pct,block4,matrix,time_stretch:-10,time_stretch,classical,classical_04,,1.0,13.0,0.849484,b00a7e1afe360e88
stim_0054,stim_0054.mp3,classical_05::distortion::drv32,block1,matrix,distortion:32,distortion,classical,classical_05,,1.0,13.0,0.711732,7434a4d07be25379
stim_0055,stim_0055.mp3,classical_05::lowpass::lp8000,block2,matrix,lowpass:8000,lowpass,classical,classical_05,,1.0,13.0,0.831893,86a2d8f4e39268fe
stim_0056,stim_0056.mp3,classical_05::time_stretch::+20pct,block5,matrix,time_stretch:20,time_stretch,classical,classical_05,,1.0,13.0,0.800082,4243477fbd566671
stim_0057,stim_0057.mp3,classical_06::distortion::drv12,block2,matrix,distortion:12,distortion,classical,classical_06,,1.0,13.0,0.758628,64f2cc865b1118e5
stim_0058,stim_0058.mp3,classical_06::pitch_shift::+1st,block3,matrix,pitch_shift:1,pitch_shift,classical,classical_06,,1.0,13.0,0.827682,1c71d1d77b5abe41
stim_0059,stim_0059.mp3,classical_06::time_stretch::-20pct,block4,matrix,time_stretch:-20,time_stretch,classical,classical_06,,1.0,13.0,0.779917,3216a85f28132be1
stim_0060,stim_0060.mp3,classical_07::control::ctrl,anchor,matrix,control,control,classical,classical_07,expect_high,1.0,13.0,0.923348,bb62514441032441
stim_0061,stim_0061.mp3,classical_07::pitch_shift::+2st,anchor,matrix,pitch_shift:2,pitch_shift,classical,classical_07,,1.0,13.0,0.674644,e570da97e5304a03
stim_0062,stim_0062.mp3,classical_07::style_swap::swap_cross,block3,matrix,style_swap:cross_genre,style_swap,classical,classical_07,expect_low,1.0,13.0,0.586055,0b859745deaca576
stim_0063,stim_0063.mp3,classical_08::lowpass::lp8000,block3,matrix,lowpass:8000,lowpass,classical,classical_08,,1.0,13.0,0.950966,6f9202aa18b114f4
stim_0064,stim_0064.mp3,classical_08::pitch_shift::-4st,block4,matrix,pitch_shift:-4,pitch_shift,classical,classical_08,,1.0,13.0,0.695496,9f0004e6dc5833e8
stim_0065,stim_0065.mp3,classical_08::time_stretch::+5pct,anchor,matrix,time_stretch:5,time_stretch,classical,classical_08,,1.0,13.0,0.90753,b59eef552a937b8f
stim_0066,stim_0066.mp3,classical_09::control::ctrl,block4,matrix,control,control,classical,classical_09,expect_high,1.0,13.0,0.939722,1e508f1b020a9733
stim_0067,stim_0067.mp3,classical_09::pitch_shift::+2st,block3,matrix,pitch_shift:2,pitch_shift,classical,classical_09,,1.0,13.0,0.797056,d515965500a1249b
stim_0068,stim_0068.mp3,classical_09::time_stretch::-20pct,block3,matrix,time_stretch:-20,time_stretch,classical,classical_09,,1.0,13.0,0.858313,85b88a6cfbc5ff56
stim_0069,stim_0069.mp3,classical_10::distortion::drv32,block5,matrix,distortion:32,distortion,classical,classical_10,,1.0,13.0,0.763145,ec1796632566d464
stim_0070,stim_0070.mp3,classical_10::pitch_shift::+4st,block1,matrix,pitch_shift:4,pitch_shift,classical,classical_10,,1.0,13.0,0.759161,e9373103a8e35dc7
stim_0071,stim_0071.mp3,classical_10::time_stretch::+10pct,block4,matrix,time_stretch:10,time_stretch,classical,classical_10,,1.0,13.0,0.903726,68ba7937c52270a4
stim_0072,stim_0072.mp3,classical_11::distortion::drv4,block3,matrix,distortion:4,distortion,classical,classical_11,,1.0,13.0,0.909526,3fcaced36d307772
stim_0073,stim_0073.mp3,classical_11::pitch_shift::-2st,block2,matrix,pitch_shift:-2,pitch_shift,classical,classical_11,,1.0,13.0,0.757003,a90eb319d6cecba8
stim_0074,stim_0074.mp3,classical_11::time_stretch::+10pct,block3,matrix,time_stretch:10,time_stretch,classical,classical_11,,1.0,13.0,0.869747,79e3eab55179ae83
stim_0075,stim_0075.mp3,classical_12::lowpass::lp4000,block4,matrix,lowpass:4000,lowpass,classical,classical_12,,1.0,13.0,0.799408,1bb786b4499882be
stim_0076,stim_0076.mp3,classical_12::pitch_shift::-1st,block3,matrix,pitch_shift:-1,pitch_shift,classical,classical_12,,1.0,13.0,0.837837,ea1d2b8bea8cfe21
stim_0077,stim_0077.mp3,classical_12::time_stretch::+20pct,block1,matrix,time_stretch:20,time_stretch,classical,classical_12,,1.0,13.0,0.893635,5d4bceba412e3e46
stim_0078,stim_0078.mp3,classical_14::distortion::drv12,block2,matrix,distortion:12,distortion,classical,classical_14,,1.0,13.0,0.754119,cd3c4b5743ada9f9
stim_0079,stim_0079.mp3,classical_14::pitch_shift::+4st,block2,matrix,pitch_shift:4,pitch_shift,classical,classical_14,,1.0,13.0,0.746511,bf2259e9ef7ba209
stim_0080,stim_0080.mp3,classical_14::time_stretch::-10pct,block2,matrix,time_stretch:-10,time_stretch,classical,classical_14,,1.0,13.0,0.872578,b2e80d49fc6c60b5
stim_0081,stim_0081.mp3,electronic_02::distortion::drv12,block3,matrix,distortion:12,distortion,electronic,electronic_02,,0.25,13.0,0.735952,12903c3f5528dcea
stim_0082,stim_0082.mp3,electronic_02::pitch_shift::-1st,block5,matrix,pitch_shift:-1,pitch_shift,electronic,electronic_02,,0.25,13.0,0.837488,69aad00a55577659
stim_0083,stim_0083.mp3,electronic_02::time_stretch::+20pct,block3,matrix,time_stretch:20,time_stretch,electronic,electronic_02,,0.25,13.0,0.815649,3cfffbca7d8eeff0
stim_0084,stim_0084.mp3,electronic_03::distortion::drv32,block1,matrix,distortion:32,distortion,electronic,electronic_03,,0.25,13.0,0.743713,b9951d714f50c8aa
stim_0085,stim_0085.mp3,electronic_03::pitch_shift::+1st,block1,matrix,pitch_shift:1,pitch_shift,electronic,electronic_03,,0.25,13.0,0.838528,c0de3afaf35eeb36
stim_0086,stim_0086.mp3,electronic_04::distortion::drv12,block3,matrix,distortion:12,distortion,electronic,electronic_04,,1.0,13.0,0.902412,a4eac838e4c8dc13
stim_0087,stim_0087.mp3,electronic_04::time_stretch::-10pct,block3,matrix,time_stretch:-10,time_stretch,electronic,electronic_04,,1.0,13.0,0.840257,2523fa1ff70a1f52
stim_0088,stim_0088.mp3,electronic_05::distortion::drv4,block5,matrix,distortion:4,distortion,electronic,electronic_05,,0.5,13.0,0.926411,3f5e7e43ac510138
stim_0089,stim_0089.mp3,electronic_05::lowpass::lp8000,block1,matrix,lowpass:8000,lowpass,electronic,electronic_05,,0.5,13.0,0.790188,b9ea089c970c9f16
stim_0090,stim_0090.mp3,electronic_06::distortion::drv4,block5,matrix,distortion:4,distortion,electronic,electronic_06,,0.5,13.0,0.846615,ccadadf1e6643f8e
stim_0091,stim_0091.mp3,electronic_06::pitch_shift::+4st,block2,matrix,pitch_shift:4,pitch_shift,electronic,electronic_06,,0.5,13.0,0.781382,7eb20fb3f135400e
stim_0092,stim_0092.mp3,electronic_07::lowpass::lp2000,anchor,matrix,lowpass:2000,lowpass,electronic,electronic_07,,0.25,13.0,0.686249,7711ff0963cd09c9
stim_0093,stim_0093.mp3,electronic_07::style_swap::swap_cross,block4,matrix,style_swap:cross_genre,style_swap,electronic,electronic_07,expect_low,0.25,13.0,0.603895,d9d9304b45aac986
stim_0094,stim_0094.mp3,electronic_07::time_stretch::+5pct,block1,matrix,time_stretch:5,time_stretch,electronic,electronic_07,,0.25,13.0,0.852717,c8933f43055f04e2
stim_0095,stim_0095.mp3,electronic_10::control::ctrl,block1,matrix,control,control,electronic,electronic_10,expect_high,0.5,13.0,0.948804,cdf00dd19a311edb
stim_0096,stim_0096.mp3,electronic_10::pitch_shift::+2st,block2,matrix,pitch_shift:2,pitch_shift,electronic,electronic_10,,0.5,13.0,0.857482,c07c270263427e66
stim_0097,stim_0097.mp3,electronic_12::lowpass::lp2000,block3,matrix,lowpass:2000,lowpass,electronic,electronic_12,,1.0,13.0,0.794289,0690dc4cf29728dd
stim_0098,stim_0098.mp3,electronic_12::pitch_shift::-2st,block3,matrix,pitch_shift:-2,pitch_shift,electronic,electronic_12,,1.0,13.0,0.872369,8b171e176671e42c
stim_0099,stim_0099.mp3,electronic_12::time_stretch::+10pct,block4,matrix,time_stretch:10,time_stretch,electronic,electronic_12,,1.0,13.0,0.735507,4abe2064f767672a
stim_0100,stim_0100.mp3,electronic_13::lowpass::lp4000,block5,matrix,lowpass:4000,lowpass,electronic,electronic_13,,1.0,13.0,0.770169,e21ea8fda66b0957
stim_0101,stim_0101.mp3,electronic_13::pitch_shift::-4st,block5,matrix,pitch_shift:-4,pitch_shift,electronic,electronic_13,,1.0,13.0,0.81026,fdbc383432cc8e83
stim_0102,stim_0102.mp3,electronic_14::control::ctrl,block2,matrix,control,control,electronic,electronic_14,expect_high,0.5,13.0,0.938586,e2323382e7b95057
stim_0103,stim_0103.mp3,electronic_14::time_stretch::-20pct,block5,matrix,time_stretch:-20,time_stretch,electronic,electronic_14,,0.5,13.0,0.730105,a78824ee12452eca
stim_0104,stim_0104.mp3,electronic_15::distortion::drv32,block5,matrix,distortion:32,distortion,electronic,electronic_15,,1.0,13.0,0.764103,f5cc3a80732caef2
stim_0105,stim_0105.mp3,electronic_15::time_stretch::-5pct,block2,matrix,time_stretch:-5,time_stretch,electronic,electronic_15,,1.0,13.0,0.869271,b496286bb368e32c
stim_0106,stim_0106.mp3,folk_01::control::ctrl,anchor,matrix,control,control,folk,folk_01,expect_high,1.0,13.0,0.941725,f3d6a72cbb925e0c
stim_0107,stim_0107.mp3,folk_01::pitch_shift::+4st,block3,matrix,pitch_shift:4,pitch_shift,folk,folk_01,,1.0,13.0,0.724145,518ea99b8aea29fa
stim_0108,stim_0108.mp3,folk_01::pitch_shift::-4st,block4,matrix,pitch_shift:-4,pitch_shift,folk,folk_01,,1.0,13.0,0.718387,542127050a7c7c4c
stim_0109,stim_0109.mp3,folk_01::time_stretch::+10pct,block5,matrix,time_stretch:10,time_stretch,folk,folk_01,,1.0,13.0,0.80878,44985a50162ca50b
stim_0110,stim_0110.mp3,folk_05::distortion::drv4,block4,matrix,distortion:4,distortion,folk,folk_05,,1.0,13.0,0.904558,be020c101be0890e
stim_0111,stim_0111.mp3,folk_05::lowpass::lp8000,block2,matrix,lowpass:8000,lowpass,folk,folk_05,,1.0,13.0,0.924358,c4cfa2f2f487c8ee
stim_0112,stim_0112.mp3,folk_05::pitch_shift::+1st,block2,matrix,pitch_shift:1,pitch_shift,folk,folk_05,,1.0,13.0,0.757448,c863ec2c745d32fe
stim_0113,stim_0113.mp3,folk_05::time_stretch::-20pct,block3,matrix,time_stretch:-20,time_stretch,folk,folk_05,,1.0,13.0,0.870209,16d54167d3f5c232
stim_0114,stim_0114.mp3,folk_06::distortion::drv12,block5,matrix,distortion:12,distortion,folk,folk_06,,1.0,13.0,0.751998,17814aa5248ca62f
stim_0115,stim_0115.mp3,folk_06::lowpass::lp4000,block3,matrix,lowpass:4000,lowpass,folk,folk_06,,1.0,13.0,0.753764,c5ca79c63f973a50
stim_0116,stim_0116.mp3,folk_06::time_stretch::+5pct,block4,matrix,time_stretch:5,time_stretch,folk,folk_06,,1.0,13.0,0.901005,116492b6ca08d662
stim_0117,stim_0117.mp3,folk_06::time_stretch::-10pct,block1,matrix,time_stretch:-10,time_stretch,folk,folk_06,,1.0,13.0,0.893311,a37f915cd682683a
stim_0118,stim_0118.mp3,folk_12::lowpass::lp2000,block5,matrix,lowpass:2000,lowpass,folk,folk_12,,1.0,13.0,0.827783,874f9fc087fa9b1f
stim_0119,stim_0119.mp3,folk_12::pitch_shift::-1st,block1,matrix,pitch_shift:-1,pitch_shift,folk,folk_12,,1.0,13.0,0.759162,6849685bd0983512
stim_0120,stim_0120.mp3,folk_12::style_swap::swap_cross,block2,matrix,style_swap:cross_genre,style_swap,folk,folk_12,expect_low,1.0,13.0,0.561532,f7d0e5c9b3307fdf
stim_0121,stim_0121.mp3,folk_12::time_stretch::+20pct,block3,matrix,time_stretch:20,time_stretch,folk,folk_12,,1.0,13.0,0.827088,09b922d8c656a36e
stim_0122,stim_0122.mp3,folk_13::distortion::drv32,block4,matrix,distortion:32,distortion,folk,folk_13,,0.25,13.0,0.717254,4087c79c89744be0
stim_0123,stim_0123.mp3,folk_13::pitch_shift::+2st,block5,matrix,pitch_shift:2,pitch_shift,folk,folk_13,,0.25,13.0,0.740339,16fef74055ac1ba8
stim_0124,stim_0124.mp3,folk_13::pitch_shift::-2st,block3,matrix,pitch_shift:-2,pitch_shift,folk,folk_13,,0.25,13.0,0.742425,90e5d6e87f8f4056
stim_0125,stim_0125.mp3,folk_13::time_stretch::-5pct,block3,matrix,time_stretch:-5,time_stretch,folk,folk_13,,0.25,13.0,0.890133,1d56c134aa93c5ba
stim_0126,stim_0126.mp3,jazz_01::pitch_shift::-2st,block1,matrix,pitch_shift:-2,pitch_shift,jazz,jazz_01,,0.5,13.0,0.8436,0832488d19e4c694
stim_0127,stim_0127.mp3,jazz_02::lowpass::lp2000,block1,matrix,lowpass:2000,lowpass,jazz,jazz_02,,1.0,13.0,0.755659,9e2f5d7a9a708dce
stim_0128,stim_0128.mp3,jazz_03::lowpass::lp8000,block4,matrix,lowpass:8000,lowpass,jazz,jazz_03,,1.0,13.0,0.796126,74b4b876f527cac2
stim_0129,stim_0129.mp3,jazz_03::time_stretch::-10pct,block1,matrix,time_stretch:-10,time_stretch,jazz,jazz_03,,1.0,13.0,0.824907,ebd8813afacd045f
stim_0130,stim_0130.mp3,jazz_04::pitch_shift::+1st,block3,matrix,pitch_shift:1,pitch_shift,jazz,jazz_04,,1.0,13.0,0.864208,456ad3bb76eb2213
stim_0131,stim_0131.mp3,jazz_06::pitch_shift::-4st,block2,matrix,pitch_shift:-4,pitch_shift,jazz,jazz_06,,1.0,13.0,0.783543,335fa7ed22debd5a
stim_0132,stim_0132.mp3,jazz_07::distortion::drv12,anchor,matrix,distortion:12,distortion,jazz,jazz_07,,1.0,13.0,0.772623,58348e9b5e97bd27
stim_0133,stim_0133.mp3,jazz_08::lowpass::lp4000,block5,matrix,lowpass:4000,lowpass,jazz,jazz_08,,1.0,13.0,0.82834,ff685c4f430d2467
stim_0134,stim_0134.mp3,jazz_08::time_stretch::+5pct,block5,matrix,time_stretch:5,time_stretch,jazz,jazz_08,,1.0,13.0,0.902336,ea7209492968c920
stim_0135,stim_0135.mp3,jazz_10::distortion::drv32,block2,matrix,distortion:32,distortion,jazz,jazz_10,,1.0,13.0,0.797968,39a3c9eb9775954f
stim_0136,stim_0136.mp3,jazz_10::style_swap::swap_cross,block5,matrix,style_swap:cross_genre,style_swap,jazz,jazz_10,expect_low,1.0,13.0,0.60924,afdc5b00683d0825
stim_0137,stim_0137.mp3,jazz_11::pitch_shift::+4st,block1,matrix,pitch_shift:4,pitch_shift,jazz,jazz_11,,1.0,13.0,0.846653,544f6a0102a6754c
stim_0138,stim_0138.mp3,jazz_11::time_stretch::+20pct,block2,matrix,time_stretch:20,time_stretch,jazz,jazz_11,,1.0,13.0,0.831835,cd489ea576e35c8c
stim_0139,stim_0139.mp3,jazz_12::control::ctrl,anchor,matrix,control,control,jazz,jazz_12,expect_high,1.0,13.0,0.962648,5d50a0f029d9d176
stim_0140,stim_0140.mp3,jazz_12::time_stretch::-20pct,anchor,matrix,time_stretch:-20,time_stretch,jazz,jazz_12,,1.0,13.0,0.724187,baf1b25a6934287a
stim_0141,stim_0141.mp3,jazz_13::distortion::drv4,block1,matrix,distortion:4,distortion,jazz,jazz_13,,1.0,13.0,0.92288,13f2a9af73fe5c96
stim_0142,stim_0142.mp3,jazz_13::time_stretch::+10pct,block5,matrix,time_stretch:10,time_stretch,jazz,jazz_13,,1.0,13.0,0.84619,f8bd4dc7fedbd29c
stim_0143,stim_0143.mp3,jazz_14::pitch_shift::+2st,block4,matrix,pitch_shift:2,pitch_shift,jazz,jazz_14,,1.0,13.0,0.849913,38324471a4918a59
stim_0144,stim_0144.mp3,jazz_15::pitch_shift::-1st,block4,matrix,pitch_shift:-1,pitch_shift,jazz,jazz_15,,1.0,13.0,0.798666,b25881bc1d9bca7a
stim_0145,stim_0145.mp3,jazz_15::time_stretch::-5pct,block4,matrix,time_stretch:-5,time_stretch,jazz,jazz_15,,1.0,13.0,0.861082,f11d72e677624d7d
stim_0146,stim_0146.mp3,rerank_ace/s01::cand04,block1,ai_rerank,ai_rerank_winner:0,ai_rerank_winner,rerank_ace,rerank_ace/s01,,1.0,13.0,0.736684,644a5d388553bf18
stim_0147,stim_0147.mp3,rerank_ace/s01::cand07,block1,ai_rerank,ai_rerank_loser:0,ai_rerank_loser,rerank_ace,rerank_ace/s01,,1.0,13.0,0.604278,0629c2c798d86381
stim_0148,stim_0148.mp3,rerank_ace/s02::cand01,block2,ai_rerank,ai_rerank_winner:0,ai_rerank_winner,rerank_ace,rerank_ace/s02,,1.0,13.0,0.802423,6b1663d115eeb8a5
stim_0149,stim_0149.mp3,rerank_ace/s02::cand04,block2,ai_rerank,ai_rerank_loser:0,ai_rerank_loser,rerank_ace,rerank_ace/s02,,1.0,13.0,0.741452,987aa789373d5a0b
stim_0150,stim_0150.mp3,rerank_ace/s03::cand02,block3,ai_rerank,ai_rerank_winner:0,ai_rerank_winner,rerank_ace,rerank_ace/s03,,1.0,13.0,0.738115,4804d26653e911d4
stim_0151,stim_0151.mp3,rerank_ace/s03::cand06,block3,ai_rerank,ai_rerank_loser:0,ai_rerank_loser,rerank_ace,rerank_ace/s03,,1.0,13.0,0.691186,3204ca343f17f51f
stim_0152,stim_0152.mp3,rerank_ace/s04::cand03,block4,ai_rerank,ai_rerank_loser:0,ai_rerank_loser,rerank_ace,rerank_ace/s04,,1.0,13.0,0.708112,a978e2f4b9828169
stim_0153,stim_0153.mp3,rerank_ace/s04::cand07,block4,ai_rerank,ai_rerank_winner:0,ai_rerank_winner,rerank_ace,rerank_ace/s04,,1.0,13.0,0.770918,98e1a86cf833d107
stim_0154,stim_0154.mp3,rerank_ace/s05::cand01,block5,ai_rerank,ai_rerank_winner:0,ai_rerank_winner,rerank_ace,rerank_ace/s05,,1.0,13.0,0.789565,bb221c2b23e38034
stim_0155,stim_0155.mp3,rerank_ace/s05::cand07,block5,ai_rerank,ai_rerank_loser:0,ai_rerank_loser,rerank_ace,rerank_ace/s05,,1.0,13.0,0.767318,c288b8c080aefbcb
stim_0156,stim_0156.mp3,rerank_ace/s06::cand01,block1,ai_rerank,ai_rerank_loser:0,ai_rerank_loser,rerank_ace,rerank_ace/s06,,1.0,13.0,0.656248,c327022e61db94dd
stim_0157,stim_0157.mp3,rerank_ace/s06::cand02,block1,ai_rerank,ai_rerank_winner:0,ai_rerank_winner,rerank_ace,rerank_ace/s06,,1.0,13.0,0.73441,5d36490104da1951
stim_0158,stim_0158.mp3,rerank_ace/s07::cand04,block2,ai_rerank,ai_rerank_loser:0,ai_rerank_loser,rerank_ace,rerank_ace/s07,,1.0,13.0,0.806736,623ee2baece94069
stim_0159,stim_0159.mp3,rerank_ace/s07::cand06,block2,ai_rerank,ai_rerank_winner:0,ai_rerank_winner,rerank_ace,rerank_ace/s07,,1.0,13.0,0.834393,591c7a4f31e7622a
stim_0160,stim_0160.mp3,rerank_ace/s08::cand02,block3,ai_rerank,ai_rerank_loser:0,ai_rerank_loser,rerank_ace,rerank_ace/s08,,1.0,13.0,0.764844,ba4d7a34690051c5
stim_0161,stim_0161.mp3,rerank_ace/s08::cand05,block3,ai_rerank,ai_rerank_winner:0,ai_rerank_winner,rerank_ace,rerank_ace/s08,,1.0,13.0,0.825106,59a46ee16a6e354b
stim_0162,stim_0162.mp3,rerank_ace/s09::cand05,block4,ai_rerank,ai_rerank_loser:0,ai_rerank_loser,rerank_ace,rerank_ace/s09,,1.0,13.0,0.668078,0805d2dfe239749b
stim_0163,stim_0163.mp3,rerank_ace/s09::cand07,block4,ai_rerank,ai_rerank_winner:0,ai_rerank_winner,rerank_ace,rerank_ace/s09,,1.0,13.0,0.767385,6c6e82369d84bbbe
stim_0164,stim_0164.mp3,rerank_ace/s10::cand02,block5,ai_rerank,ai_rerank_winner:0,ai_rerank_winner,rerank_ace,rerank_ace/s10,,1.0,13.0,0.762502,d4670a989a72604e
stim_0165,stim_0165.mp3,rerank_ace/s10::cand07,block5,ai_rerank,ai_rerank_loser:0,ai_rerank_loser,rerank_ace,rerank_ace/s10,,1.0,13.0,0.673166,5732c317044dfa5c
stim_0166,stim_0166.mp3,rerank_ace/s11::cand02,block1,ai_rerank,ai_rerank_winner:0,ai_rerank_winner,rerank_ace,rerank_ace/s11,,1.0,13.0,0.824438,61210dbdbff354e1
stim_0167,stim_0167.mp3,rerank_ace/s12::cand00,block2,ai_rerank,ai_rerank_winner:0,ai_rerank_winner,rerank_ace,rerank_ace/s12,,1.0,13.0,0.760481,d373bebd7cf550d2
stim_0168,stim_0168.mp3,rerank_ace/s13::cand06,block3,ai_rerank,ai_rerank_loser:0,ai_rerank_loser,rerank_ace,rerank_ace/s13,,1.0,13.0,0.740049,16c150ebec740cf6
stim_0169,stim_0169.mp3,rerank_ace/s14::cand04,block4,ai_rerank,ai_rerank_winner:0,ai_rerank_winner,rerank_ace,rerank_ace/s14,,1.0,13.0,0.771527,afaed4d505c112b4
stim_0170,stim_0170.mp3,rerank_ace/s15::cand01,block5,ai_rerank,ai_rerank_winner:0,ai_rerank_winner,rerank_ace,rerank_ace/s15,,1.0,13.0,0.748525,33508d6a45260637
stim_0171,stim_0171.mp3,rock_01::distortion::drv12,block4,matrix,distortion:12,distortion,rock,rock_01,,1.0,13.0,0.760244,d160704c067ed6a3
stim_0172,stim_0172.mp3,rock_01::pitch_shift::+2st,block1,matrix,pitch_shift:2,pitch_shift,rock,rock_01,,1.0,13.0,0.852796,02f0e302744a33c0
stim_0173,stim_0173.mp3,rock_01::time_stretch::-20pct,block4,matrix,time_stretch:-20,time_stretch,rock,rock_01,,1.0,13.0,0.806763,a4832a594038b405
stim_0174,stim_0174.mp3,rock_04::lowpass::lp4000,block1,matrix,lowpass:4000,lowpass,rock,rock_04,,0.5,13.0,0.732356,3d64706405593b05
stim_0175,stim_0175.mp3,rock_04::pitch_shift::+4st,block3,matrix,pitch_shift:4,pitch_shift,rock,rock_04,,0.5,13.0,0.815133,fdf0b27349009ba3
stim_0176,stim_0176.mp3,rock_04::pitch_shift::-2st,block4,matrix,pitch_shift:-2,pitch_shift,rock,rock_04,,0.5,13.0,0.849416,9bb31515e5d8eba3
stim_0177,stim_0177.mp3,rock_04::time_stretch::+5pct,block2,matrix,time_stretch:5,time_stretch,rock,rock_04,,0.5,13.0,0.786083,48950065e1f93a20
stim_0178,stim_0178.mp3,rock_05::control::ctrl,block3,matrix,control,control,rock,rock_05,expect_high,1.0,13.0,0.943038,60b8562271e87344
stim_0179,stim_0179.mp3,rock_05::lowpass::lp8000,anchor,matrix,lowpass:8000,lowpass,rock,rock_05,,1.0,13.0,0.790042,260ef15bea0cbb03
stim_0180,stim_0180.mp3,rock_05::style_swap::swap_cross,block4,matrix,style_swap:cross_genre,style_swap,rock,rock_05,expect_low,1.0,13.0,0.56325,22d4dd156d816e5e
stim_0181,stim_0181.mp3,rock_05::time_stretch::+20pct,block4,matrix,time_stretch:20,time_stretch,rock,rock_05,,1.0,13.0,0.75158,b8b4a74a91d6c4cd
stim_0182,stim_0182.mp3,rock_06::distortion::drv32,block3,matrix,distortion:32,distortion,rock,rock_06,,1.0,13.0,0.756775,2d955f478bb171c7
stim_0183,stim_0183.mp3,rock_06::pitch_shift::+1st,anchor,matrix,pitch_shift:1,pitch_shift,rock,rock_06,,1.0,13.0,0.898999,30e39e966649a7ca
stim_0184,stim_0184.mp3,rock_06::time_stretch::+10pct,block3,matrix,time_stretch:10,time_stretch,rock,rock_06,,1.0,13.0,0.805398,b83f53411c49e5e9
stim_0185,stim_0185.mp3,rock_11::distortion::drv4,block3,matrix,distortion:4,distortion,rock,rock_11,,1.0,13.0,0.855547,3ae50396d3fa645b
stim_0186,stim_0186.mp3,rock_11::pitch_shift::-4st,block5,matrix,pitch_shift:-4,pitch_shift,rock,rock_11,,1.0,13.0,0.747579,43673955b590c305
stim_0187,stim_0187.mp3,rock_11::time_stretch::-5pct,block5,matrix,time_stretch:-5,time_stretch,rock,rock_11,,1.0,13.0,0.821228,9b671449ce275abe
stim_0188,stim_0188.mp3,rock_13::lowpass::lp2000,block4,matrix,lowpass:2000,lowpass,rock,rock_13,,1.0,13.0,0.738059,5057f24be7f64561
stim_0189,stim_0189.mp3,rock_13::pitch_shift::-1st,block5,matrix,pitch_shift:-1,pitch_shift,rock,rock_13,,1.0,13.0,0.835172,439e3fe31f36d97c
stim_0190,stim_0190.mp3,rock_13::time_stretch::-10pct,block5,matrix,time_stretch:-10,time_stretch,rock,rock_13,,1.0,13.0,0.903225,cfa9034e6a48bf8d
