pair_id,block,stimulus_set,source_id,genre,perturbation,condition,magnitude,ref_path,cand_path,score_H,score_T,score_R,score_S,C_uniform
classical_07::control::ctrl,anchor,matrix,classical_07,classical,control,control,0.0,perturbations/audio/classical_07__A.wav,perturbations/audio/classical_07__control__ctrl.wav,1.0,1.0,1.0,0.726878,0.923348
folk_01::control::ctrl,anchor,matrix,folk_01,folk,control,control,0.0,perturbations/audio/folk_01__A.wav,perturbations/audio/folk_01__control__ctrl.wav,1.0,1.0,1.0,0.786495,0.941725
jazz_12::control::ctrl,anchor,matrix,jazz_12,jazz,control,control,0.0,perturbations/audio/jazz_12__A.wav,perturbations/audio/jazz_12__control__ctrl.wav,1.0,1.0,1.0,0.858757,0.962648
ambient_12::distortion::drv32,anchor,matrix,ambient_12,ambient,distortion,distortion:32,32.0,perturbations/audio/ambient_12__A.wav,perturbations/audio/ambient_12__distortion__drv32.wav,0.999091,0.483179,0.988339,0.424497,0.670847
jazz_07::distortion::drv12,anchor,matrix,jazz_07,jazz,distortion,distortion:12,12.0,perturbations/audio/jazz_07__A.wav,perturbations/audio/jazz_07__distortion__drv12.wav,0.999672,0.672901,0.766822,0.690822,0.772623
classical_02::distortion::drv4,anchor,matrix,classical_02,classical,distortion,distortion:4,4.0,perturbations/audio/classical_02__A.wav,perturbations/audio/classical_02__distortion__drv4.wav,1.0,0.971852,0.999929,0.787935,0.935438
electronic_07::lowpass::lp2000,anchor,matrix,electronic_07,electronic,lowpass,lowpass:2000,2000.0,perturbations/audio/electronic_07__A.wav,perturbations/audio/electronic_07__lowpass__lp2000.wav,0.999806,0.343797,0.974246,0.662279,0.686249
rock_05::lowpass::lp8000,anchor,matrix,rock_05,rock,lowpass,lowpass:8000,8000.0,perturbations/audio/rock_05__A.wav,perturbations/audio/rock_05__lowpass__lp8000.wav,0.999536,0.509874,0.984144,0.776751,0.790042
classical_03::lowpass::lp2000,anchor,matrix,classical_03,classical,lowpass,lowpass:2000,2000.0,perturbations/audio/classical_03__A.wav,perturbations/audio/classical_03__lowpass__lp2000.wav,1.0,0.956241,0.999435,0.858405,0.951708
classical_07::pitch_shift::+2st,anchor,matrix,classical_07,classical,pitch_shift,pitch_shift:2,2.0,perturbations/audio/classical_07__A.wav,perturbations/audio/classical_07__pitch_shift__+2st.wav,0.502097,0.669379,0.975721,0.631703,0.674644
rock_06::pitch_shift::+1st,anchor,matrix,rock_06,rock,pitch_shift,pitch_shift:1,1.0,perturbations/audio/rock_06__A.wav,perturbations/audio/rock_06__pitch_shift__+1st.wav,0.947815,0.83086,0.989846,0.83795,0.898999
ambient_03::style_swap::swap_cross,anchor,matrix,ambient_03,ambient,style_swap,style_swap:cross_genre,nan,perturbations/audio/ambient_03__A.wav,perturbations/audio/ambient_03__style_swap__swap_cross.wav,0.806611,0.376423,0.373747,0.589807,0.508636
ambient_11::style_swap::swap_cross,anchor,matrix,ambient_11,ambient,style_swap,style_swap:cross_genre,nan,perturbations/audio/ambient_11__A.wav,perturbations/audio/ambient_11__style_swap__swap_cross.wav,0.91437,0.374194,0.747802,0.731537,0.657749
jazz_12::time_stretch::-20pct,anchor,matrix,jazz_12,jazz,time_stretch,time_stretch:-20,-20.0,perturbations/audio/jazz_12__A.wav,perturbations/audio/jazz_12__time_stretch__-20pct.wav,0.990616,0.753734,0.43562,0.845612,0.724187
classical_08::time_stretch::+5pct,anchor,matrix,classical_08,classical,time_stretch,time_stretch:5,5.0,perturbations/audio/classical_08__A.wav,perturbations/audio/classical_08__time_stretch__+5pct.wav,0.998499,0.862341,0.945829,0.832922,0.90753
ambient_11::control::ctrl,block1,matrix,ambient_11,ambient,control,control,0.0,perturbations/audio/ambient_11__A.wav,perturbations/audio/ambient_11__control__ctrl.wav,0.999997,0.992369,0.999991,0.829892,0.952626
electronic_10::control::ctrl,block1,matrix,electronic_10,electronic,control,control,0.0,perturbations/audio/electronic_10__A.wav,perturbations/audio/electronic_10__control__ctrl.wav,1.0,1.0,1.0,0.810411,0.948804
ambient_14::distortion::drv12,block1,matrix,ambient_14,ambient,distortion,distortion:12,12.0,perturbations/audio/ambient_14__A.wav,perturbations/audio/ambient_14__distortion__drv12.wav,0.989304,0.555726,0.969931,0.698201,0.781138
classical_05::distortion::drv32,block1,matrix,classical_05,classical,distortion,distortion:32,32.0,perturbations/audio/classical_05__A.wav,perturbations/audio/classical_05__distortion__drv32.wav,0.992742,0.462087,0.937098,0.596926,0.711732
electronic_03::distortion::drv32,block1,matrix,electronic_03,electronic,distortion,distortion:32,32.0,perturbations/audio/electronic_03__A.wav,perturbations/audio/electronic_03__distortion__drv32.wav,0.997222,0.489519,0.970613,0.645676,0.743713
jazz_13::distortion::drv4,block1,matrix,jazz_13,jazz,distortion,distortion:4,4.0,perturbations/audio/jazz_13__A.wav,perturbations/audio/jazz_13__distortion__drv4.wav,0.999466,0.794882,0.99447,0.91816,0.92288
jazz_02::lowpass::lp2000,block1,matrix,jazz_02,jazz,lowpass,lowpass:2000,2000.0,perturbations/audio/jazz_02__A.wav,perturbations/audio/jazz_02__lowpass__lp2000.wav,0.999951,0.438284,0.981574,0.757959,0.755659
ambient_06::lowpass::lp2000,block1,matrix,ambient_06,ambient,lowpass,lowpass:2000,2000.0,perturbations/audio/ambient_06__A.wav,perturbations/audio/ambient_06__lowpass__lp2000.wav,0.999978,0.39032,0.975047,0.761074,0.733611
rock_04::lowpass::lp4000,block1,matrix,rock_04,rock,lowpass,lowpass:4000,4000.0,perturbations/audio/rock_04__A.wav,perturbations/audio/rock_04__lowpass__lp4000.wav,0.999998,0.41205,0.916593,0.761662,0.732356
ambient_13::lowpass::lp8000,block1,matrix,ambient_13,ambient,lowpass,lowpass:8000,8000.0,perturbations/audio/ambient_13__A.wav,perturbations/audio/ambient_13__lowpass__lp8000.wav,1.0,0.536139,0.984054,0.812374,0.80912
electronic_05::lowpass::lp8000,block1,matrix,electronic_05,electronic,lowpass,lowpass:8000,8000.0,perturbations/audio/electronic_05__A.wav,perturbations/audio/electronic_05__lowpass__lp8000.wav,0.999999,0.419915,0.998368,0.929973,0.790188
folk_12::pitch_shift::-1st,block1,matrix,folk_12,folk,pitch_shift,pitch_shift:-1,-1.0,perturbations/audio/folk_12__A.wav,perturbations/audio/folk_12__pitch_shift__-1st.wav,0.536185,0.859081,0.996037,0.723957,0.759162
ambient_05::pitch_shift::-2st,block1,matrix,ambient_05,ambient,pitch_shift,pitch_shift:-2,-2.0,perturbations/audio/ambient_05__A.wav,perturbations/audio/ambient_05__pitch_shift__-2st.wav,0.677017,0.699875,0.976582,0.777441,0.77446
jazz_01::pitch_shift::-2st,block1,matrix,jazz_01,jazz,pitch_shift,pitch_shift:-2,-2.0,perturbations/audio/jazz_01__A.wav,perturbations/audio/jazz_01__pitch_shift__-2st.wav,0.986926,0.692887,0.992331,0.74635,0.8436
ambient_06::pitch_shift::-4st,block1,matrix,ambient_06,ambient,pitch_shift,pitch_shift:-4,-4.0,perturbations/audio/ambient_06__A.wav,perturbations/audio/ambient_06__pitch_shift__-4st.wav,0.933492,0.608839,0.685669,0.75544,0.7366
ambient_02::pitch_shift::-4st,block1,matrix,ambient_02,ambient,pitch_shift,pitch_shift:-4,-4.0,perturbations/audio/ambient_02__A.wav,perturbations/audio/ambient_02__pitch_shift__-4st.wav,0.979569,0.675632,0.939457,0.651064,0.797648
electronic_03::pitch_shift::+1st,block1,matrix,electronic_03,electronic,pitch_shift,pitch_shift:1,1.0,perturbations/audio/electronic_03__A.wav,perturbations/audio/electronic_03__pitch_shift__+1st.wav,0.835002,0.836081,0.994608,0.712004,0.838528
rock_01::pitch_shift::+2st,block1,matrix,rock_01,rock,pitch_shift,pitch_shift:2,2.0,perturbations/audio/rock_01__A.wav,perturbations/audio/rock_01__pitch_shift__+2st.wav,0.881669,0.760299,0.988921,0.797864,0.852796
classical_10::pitch_shift::+4st,block1,matrix,classical_10,classical,pitch_shift,pitch_shift:4,4.0,perturbations/audio/classical_10__A.wav,perturbations/audio/classical_10__pitch_shift__+4st.wav,0.728684,0.641817,0.994792,0.713927,0.759161
jazz_11::pitch_shift::+4st,block1,matrix,jazz_11,jazz,pitch_shift,pitch_shift:4,4.0,perturbations/audio/jazz_11__A.wav,perturbations/audio/jazz_11__pitch_shift__+4st.wav,0.94394,0.677091,0.983693,0.81728,0.846653
classical_01::style_swap::swap_cross,block1,matrix,classical_01,classical,style_swap,style_swap:cross_genre,nan,perturbations/audio/classical_01__A.wav,perturbations/audio/classical_01__style_swap__swap_cross.wav,0.756144,0.384217,0.93459,0.646745,0.647342
jazz_03::time_stretch::-10pct,block1,matrix,jazz_03,jazz,time_stretch,time_stretch:-10,-10.0,perturbations/audio/jazz_03__A.wav,perturbations/audio/jazz_03__time_stretch__-10pct.wav,0.999376,0.916906,0.625293,0.808133,0.824907
folk_06::time_stretch::-10pct,block1,matrix,folk_06,folk,time_stretch,time_stretch:-10,-10.0,perturbations/audio/folk_06__A.wav,perturbations/audio/folk_06__time_stretch__-10pct.wav,0.997732,0.903953,0.935872,0.754456,0.893311
ambient_15::time_stretch::-20pct,block1,matrix,ambient_15,ambient,time_stretch,time_stretch:-20,-20.0,perturbations/audio/ambient_15__A.wav,perturbations/audio/ambient_15__time_stretch__-20pct.wav,0.996613,0.821128,0.805354,0.773788,0.845058
ambient_03::time_stretch::-5pct,block1,matrix,ambient_03,ambient,time_stretch,time_stretch:-5,-5.0,perturbations/audio/ambient_03__A.wav,perturbations/audio/ambient_03__time_stretch__-5pct.wav,0.998781,0.938444,0.541582,0.826722,0.80487
classical_03::time_stretch::-5pct,block1,matrix,classical_03,classical,time_stretch,time_stretch:-5,-5.0,perturbations/audio/classical_03__A.wav,perturbations/audio/classical_03__time_stretch__-5pct.wav,0.998174,0.900534,0.793413,0.829734,0.877074
ambient_04::time_stretch::+10pct,block1,matrix,ambient_04,ambient,time_stretch,time_stretch:10,10.0,perturbations/audio/ambient_04__A.wav,perturbations/audio/ambient_04__time_stretch__+10pct.wav,0.997237,0.867047,0.969424,0.754081,0.891648
ambient_06::time_stretch::+20pct,block1,matrix,ambient_06,ambient,time_stretch,time_stretch:20,20.0,perturbations/audio/ambient_06__A.wav,perturbations/audio/ambient_06__time_stretch__+20pct.wav,0.998026,0.822305,0.603077,0.861623,0.808102
classical_12::time_stretch::+20pct,block1,matrix,classical_12,classical,time_stretch,time_stretch:20,20.0,perturbations/audio/classical_12__A.wav,perturbations/audio/classical_12__time_stretch__+20pct.wav,0.996399,0.84445,0.937503,0.808464,0.893635
electronic_07::time_stretch::+5pct,block1,matrix,electronic_07,electronic,time_stretch,time_stretch:5,5.0,perturbations/audio/electronic_07__A.wav,perturbations/audio/electronic_07__time_stretch__+5pct.wav,0.995897,0.943804,0.73821,0.76198,0.852717
electronic_14::control::ctrl,block2,matrix,electronic_14,electronic,control,control,0.0,perturbations/audio/electronic_14__A.wav,perturbations/audio/electronic_14__control__ctrl.wav,1.0,1.0,1.0,0.776063,0.938586
classical_14::distortion::drv12,block2,matrix,classical_14,classical,distortion,distortion:12,12.0,perturbations/audio/classical_14__A.wav,perturbations/audio/classical_14__distortion__drv12.wav,0.998441,0.574651,0.988334,0.570335,0.754119
classical_06::distortion::drv12,block2,matrix,classical_06,classical,distortion,distortion:12,12.0,perturbations/audio/classical_06__A.wav,perturbations/audio/classical_06__distortion__drv12.wav,0.994831,0.648839,0.949694,0.540312,0.758628
jazz_10::distortion::drv32,block2,matrix,jazz_10,jazz,distortion,distortion:32,32.0,perturbations/audio/jazz_10__A.wav,perturbations/audio/jazz_10__distortion__drv32.wav,0.998055,0.590036,0.947198,0.726889,0.797968
ambient_04::distortion::drv32,block2,matrix,ambient_04,ambient,distortion,distortion:32,32.0,perturbations/audio/ambient_04__A.wav,perturbations/audio/ambient_04__distortion__drv32.wav,0.974092,0.484068,0.965212,0.629985,0.731754
ambient_10::distortion::drv4,block2,matrix,ambient_10,ambient,distortion,distortion:4,4.0,perturbations/audio/ambient_10__A.wav,perturbations/audio/ambient_10__distortion__drv4.wav,0.999936,0.906382,0.997533,0.717609,0.89748
classical_01::lowpass::lp2000,block2,matrix,classical_01,classical,lowpass,lowpass:2000,2000.0,perturbations/audio/classical_01__A.wav,perturbations/audio/classical_01__lowpass__lp2000.wav,0.999966,0.484488,0.982548,0.782339,0.781186
ambient_02::lowpass::lp2000,block2,matrix,ambient_02,ambient,lowpass,lowpass:2000,2000.0,perturbations/audio/ambient_02__A.wav,perturbations/audio/ambient_02__lowpass__lp2000.wav,0.999628,0.414113,0.949809,0.587965,0.693404
ambient_07::lowpass::lp4000,block2,matrix,ambient_07,ambient,lowpass,lowpass:4000,4000.0,perturbations/audio/ambient_07__A.wav,perturbations/audio/ambient_07__lowpass__lp4000.wav,0.999993,0.601988,0.999426,0.839012,0.8429
classical_05::lowpass::lp8000,block2,matrix,classical_05,classical,lowpass,lowpass:8000,8000.0,perturbations/audio/classical_05__A.wav,perturbations/audio/classical_05__lowpass__lp8000.wav,0.999994,0.555207,0.997365,0.864897,0.831893
folk_05::lowpass::lp8000,block2,matrix,folk_05,folk,lowpass,lowpass:8000,8000.0,perturbations/audio/folk_05__A.wav,perturbations/audio/folk_05__lowpass__lp8000.wav,0.999984,0.931767,0.999961,0.783569,0.924358
classical_01::pitch_shift::-1st,block2,matrix,classical_01,classical,pitch_shift,pitch_shift:-1,-1.0,perturbations/audio/classical_01__A.wav,perturbations/audio/classical_01__pitch_shift__-1st.wav,0.78776,0.849246,0.996772,0.778667,0.848875
ambient_14::pitch_shift::-2st,block2,matrix,ambient_14,ambient,pitch_shift,pitch_shift:-2,-2.0,perturbations/audio/ambient_14__A.wav,perturbations/audio/ambient_14__pitch_shift__-2st.wav,0.603276,0.615384,0.981515,0.771188,0.728081
classical_11::pitch_shift::-2st,block2,matrix,classical_11,classical,pitch_shift,pitch_shift:-2,-2.0,perturbations/audio/classical_11__A.wav,perturbations/audio/classical_11__pitch_shift__-2st.wav,0.65732,0.68214,0.992606,0.737841,0.757003
jazz_06::pitch_shift::-4st,block2,matrix,jazz_06,jazz,pitch_shift,pitch_shift:-4,-4.0,perturbations/audio/jazz_06__A.wav,perturbations/audio/jazz_06__pitch_shift__-4st.wav,0.860839,0.585246,0.955348,0.783123,0.783543
folk_05::pitch_shift::+1st,block2,matrix,folk_05,folk,pitch_shift,pitch_shift:1,1.0,perturbations/audio/folk_05__A.wav,perturbations/audio/folk_05__pitch_shift__+1st.wav,0.577952,0.764399,0.98126,0.759303,0.757448
ambient_08::pitch_shift::+1st,block2,matrix,ambient_08,ambient,pitch_shift,pitch_shift:1,1.0,perturbations/audio/ambient_08__A.wav,perturbations/audio/ambient_08__pitch_shift__+1st.wav,0.454409,0.715595,0.977583,0.767878,0.702894
electronic_10::pitch_shift::+2st,block2,matrix,electronic_10,electronic,pitch_shift,pitch_shift:2,2.0,perturbations/audio/electronic_10__A.wav,perturbations/audio/electronic_10__pitch_shift__+2st.wav,0.941951,0.801162,0.991352,0.722643,0.857482
electronic_06::pitch_shift::+4st,block2,matrix,electronic_06,electronic,pitch_shift,pitch_shift:4,4.0,perturbations/audio/electronic_06__A.wav,perturbations/audio/electronic_06__pitch_shift__+4st.wav,0.872575,0.599894,0.976788,0.729081,0.781382
classical_14::pitch_shift::+4st,block2,matrix,classical_14,classical,pitch_shift,pitch_shift:4,4.0,perturbations/audio/classical_14__A.wav,perturbations/audio/classical_14__pitch_shift__+4st.wav,0.718171,0.575755,0.964863,0.778419,0.746511
folk_12::style_swap::swap_cross,block2,matrix,folk_12,folk,style_swap,style_swap:cross_genre,nan,perturbations/audio/folk_12__A.wav,perturbations/audio/folk_12__style_swap__swap_cross.wav,0.577813,0.391724,0.738923,0.594472,0.561532
classical_14::time_stretch::-10pct,block2,matrix,classical_14,classical,time_stretch,time_stretch:-10,-10.0,perturbations/audio/classical_14__A.wav,perturbations/audio/classical_14__time_stretch__-10pct.wav,0.997701,0.894413,0.771094,0.842501,0.872578
ambient_01::time_stretch::-10pct,block2,matrix,ambient_01,ambient,time_stretch,time_stretch:-10,-10.0,perturbations/audio/ambient_01__A.wav,perturbations/audio/ambient_01__time_stretch__-10pct.wav,0.999781,0.875798,0.909151,0.758625,0.881542
ambient_13::time_stretch::-20pct,block2,matrix,ambient_13,ambient,time_stretch,time_stretch:-20,-20.0,perturbations/audio/ambient_13__A.wav,perturbations/audio/ambient_13__time_stretch__-20pct.wav,0.965806,0.797673,0.597956,0.803283,0.779944
ambient_05::time_stretch::-5pct,block2,matrix,ambient_05,ambient,time_stretch,time_stretch:-5,-5.0,perturbations/audio/ambient_05__A.wav,perturbations/audio/ambient_05__time_stretch__-5pct.wav,0.997714,0.780697,0.950449,0.776643,0.870783
electronic_15::time_stretch::-5pct,block2,matrix,electronic_15,electronic,time_stretch,time_stretch:-5,-5.0,perturbations/audio/electronic_15__A.wav,perturbations/audio/electronic_15__time_stretch__-5pct.wav,0.998998,0.809648,0.936439,0.753843,0.869271
ambient_02::time_stretch::+10pct,block2,matrix,ambient_02,ambient,time_stretch,time_stretch:10,10.0,perturbations/audio/ambient_02__A.wav,perturbations/audio/ambient_02__time_stretch__+10pct.wav,0.998746,0.871035,0.592206,0.659402,0.763446
jazz_11::time_stretch::+20pct,block2,matrix,jazz_11,jazz,time_stretch,time_stretch:20,20.0,perturbations/audio/jazz_11__A.wav,perturbations/audio/jazz_11__time_stretch__+20pct.wav,0.996292,0.877148,0.646875,0.846973,0.831835
ambient_12::time_stretch::+20pct,block2,matrix,ambient_12,ambient,time_stretch,time_stretch:20,20.0,perturbations/audio/ambient_12__A.wav,perturbations/audio/ambient_12__time_stretch__+20pct.wav,0.99905,0.864608,0.971289,0.592276,0.839595
rock_04::time_stretch::+5pct,block2,matrix,rock_04,rock,time_stretch,time_stretch:5,5.0,perturbations/audio/rock_04__A.wav,perturbations/audio/rock_04__time_stretch__+5pct.wav,0.999916,0.888513,0.530132,0.810704,0.786083
rock_05::control::ctrl,block3,matrix,rock_05,rock,control,control,0.0,perturbations/audio/rock_05__A.wav,perturbations/audio/rock_05__control__ctrl.wav,1.0,1.0,1.0,0.79089,0.943038
electronic_04::distortion::drv12,block3,matrix,electronic_04,electronic,distortion,distortion:12,12.0,perturbations/audio/electronic_04__A.wav,perturbations/audio/electronic_04__distortion__drv12.wav,0.984722,0.839189,0.998119,0.804014,0.902412
electronic_02::distortion::drv12,block3,matrix,electronic_02,electronic,distortion,distortion:12,12.0,perturbations/audio/electronic_02__A.wav,perturbations/audio/electronic_02__distortion__drv12.wav,0.998243,0.371171,0.961512,0.823443,0.735952
rock_06::distortion::drv32,block3,matrix,rock_06,rock,distortion,distortion:32,32.0,perturbations/audio/rock_06__A.wav,perturbations/audio/rock_06__distortion__drv32.wav,0.999508,0.461691,0.89171,0.797088,0.756775
classical_11::distortion::drv4,block3,matrix,classical_11,classical,distortion,distortion:4,4.0,perturbations/audio/classical_11__A.wav,perturbations/audio/classical_11__distortion__drv4.wav,0.99995,0.879138,0.981273,0.793296,0.909526
rock_11::distortion::drv4,block3,matrix,rock_11,rock,distortion,distortion:4,4.0,perturbations/audio/rock_11__A.wav,perturbations/audio/rock_11__distortion__drv4.wav,0.997132,0.798399,0.987904,0.681222,0.855547
electronic_12::lowpass::lp2000,block3,matrix,electronic_12,electronic,lowpass,lowpass:2000,2000.0,perturbations/audio/electronic_12__A.wav,perturbations/audio/electronic_12__lowpass__lp2000.wav,0.999998,0.523638,0.990328,0.767548,0.794289
ambient_01::lowpass::lp4000,block3,matrix,ambient_01,ambient,lowpass,lowpass:4000,4000.0,perturbations/audio/ambient_01__A.wav,perturbations/audio/ambient_01__lowpass__lp4000.wav,0.999991,0.456822,0.956717,0.808642,0.771029
folk_06::lowpass::lp4000,block3,matrix,folk_06,folk,lowpass,lowpass:4000,4000.0,perturbations/audio/folk_06__A.wav,perturbations/audio/folk_06__lowpass__lp4000.wav,0.999977,0.443911,0.997363,0.729126,0.753764
classical_08::lowpass::lp8000,block3,matrix,classical_08,classical,lowpass,lowpass:8000,8000.0,perturbations/audio/classical_08__A.wav,perturbations/audio/classical_08__lowpass__lp8000.wav,0.999998,0.958808,0.999964,0.852992,0.950966
ambient_03::pitch_shift::-1st,block3,matrix,ambient_03,ambient,pitch_shift,pitch_shift:-1,-1.0,perturbations/audio/ambient_03__A.wav,perturbations/audio/ambient_03__pitch_shift__-1st.wav,0.956746,0.735617,0.99644,0.791583,0.863175
classical_12::pitch_shift::-1st,block3,matrix,classical_12,classical,pitch_shift,pitch_shift:-1,-1.0,perturbations/audio/classical_12__A.wav,perturbations/audio/classical_12__pitch_shift__-1st.wav,0.811395,0.76316,0.980892,0.811276,0.837837
electronic_12::pitch_shift::-2st,block3,matrix,electronic_12,electronic,pitch_shift,pitch_shift:-2,-2.0,perturbations/audio/electronic_12__A.wav,perturbations/audio/electronic_12__pitch_shift__-2st.wav,0.979892,0.741094,0.9897,0.805836,0.872369
folk_13::pitch_shift::-2st,block3,matrix,folk_13,folk,pitch_shift,pitch_shift:-2,-2.0,perturbations/audio/folk_13__A.wav,perturbations/audio/folk_13__pitch_shift__-2st.wav,0.689273,0.590759,0.981148,0.760456,0.742425
classical_03::pitch_shift::-4st,block3,matrix,classical_03,classical,pitch_shift,pitch_shift:-4,-4.0,perturbations/audio/classical_03__A.wav,perturbations/audio/classical_03__pitch_shift__-4st.wav,0.750486,0.58161,0.880385,0.793982,0.743215
classical_06::pitch_shift::+1st,block3,matrix,classical_06,classical,pitch_shift,pitch_shift:1,1.0,perturbations/audio/classical_06__A.wav,perturbations/audio/classical_06__pitch_shift__+1st.wav,0.777363,0.86608,0.943706,0.738644,0.827682
jazz_04::pitch_shift::+1st,block3,matrix,jazz_04,jazz,pitch_shift,pitch_shift:1,1.0,perturbations/audio/jazz_04__A.wav,perturbations/audio/jazz_04__pitch_shift__+1st.wav,0.839733,0.838038,0.995471,0.796232,0.864208
classical_09::pitch_shift::+2st,block3,matrix,classical_09,classical,pitch_shift,pitch_shift:2,2.0,perturbations/audio/classical_09__A.wav,perturbations/audio/classical_09__pitch_shift__+2st.wav,0.834523,0.710134,0.985918,0.690775,0.797056
rock_04::pitch_shift::+4st,block3,matrix,rock_04,rock,pitch_shift,pitch_shift:4,4.0,perturbations/audio/rock_04__A.wav,perturbations/audio/rock_04__pitch_shift__+4st.wav,0.993631,0.630989,0.966162,0.728816,0.815133
folk_01::pitch_shift::+4st,block3,matrix,folk_01,folk,pitch_shift,pitch_shift:4,4.0,perturbations/audio/folk_01__A.wav,perturbations/audio/folk_01__pitch_shift__+4st.wav,0.851277,0.527006,0.974051,0.629265,0.724145
classical_07::style_swap::swap_cross,block3,matrix,classical_07,classical,style_swap,style_swap:cross_genre,nan,perturbations/audio/classical_07__A.wav,perturbations/audio/classical_07__style_swap__swap_cross.wav,0.561467,0.441637,0.729005,0.65258,0.586055
electronic_04::time_stretch::-10pct,block3,matrix,electronic_04,electronic,time_stretch,time_stretch:-10,-10.0,perturbations/audio/electronic_04__A.wav,perturbations/audio/electronic_04__time_stretch__-10pct.wav,0.98008,0.915711,0.677188,0.8202,0.840257
classical_09::time_stretch::-20pct,block3,matrix,classical_09,classical,time_stretch,time_stretch:-20,-20.0,perturbations/audio/classical_09__A.wav,perturbations/audio/classical_09__time_stretch__-20pct.wav,0.990624,0.873693,0.830187,0.755334,0.858313
folk_05::time_stretch::-20pct,block3,matrix,folk_05,folk,time_stretch,time_stretch:-20,-20.0,perturbations/audio/folk_05__A.wav,perturbations/audio/folk_05__time_stretch__-20pct.wav,0.990327,0.785648,0.924458,0.797262,0.870209
folk_13::time_stretch::-5pct,block3,matrix,folk_13,folk,time_stretch,time_stretch:-5,-5.0,perturbations/audio/folk_13__A.wav,perturbations/audio/folk_13__time_stretch__-5pct.wav,0.998243,0.816354,0.965677,0.79776,0.890133
rock_06::time_stretch::+10pct,block3,matrix,rock_06,rock,time_stretch,time_stretch:10,10.0,perturbations/audio/rock_06__A.wav,perturbations/audio/rock_06__time_stretch__+10pct.wav,0.998021,0.861595,0.589617,0.829908,0.805398
classical_11::time_stretch::+10pct,block3,matrix,classical_11,classical,time_stretch,time_stretch:10,10.0,perturbations/audio/classical_11__A.wav,perturbations/audio/classical_11__time_stretch__+10pct.wav,0.999058,0.854528,0.845182,0.793056,0.869747
electronic_02::time_stretch::+20pct,block3,matrix,electronic_02,electronic,time_stretch,time_stretch:20,20.0,perturbations/audio/electronic_02__A.wav,perturbations/audio/electronic_02__time_stretch__+20pct.wav,0.998254,0.831386,0.598947,0.890392,0.815649
folk_12::time_stretch::+20pct,block3,matrix,folk_12,folk,time_stretch,time_stretch:20,20.0,perturbations/audio/folk_12__A.wav,perturbations/audio/folk_12__time_stretch__+20pct.wav,0.994148,0.870858,0.718699,0.752077,0.827088
classical_02::time_stretch::+5pct,block3,matrix,classical_02,classical,time_stretch,time_stretch:5,5.0,perturbations/audio/classical_02__A.wav,perturbations/audio/classical_02__time_stretch__+5pct.wav,0.999822,0.898014,0.923681,0.784801,0.898197
classical_09::control::ctrl,block4,matrix,classical_09,classical,control,control,0.0,perturbations/audio/classical_09__A.wav,perturbations/audio/classical_09__control__ctrl.wav,1.0,1.0,1.0,0.779827,0.939722
ambient_09::distortion::drv12,block4,matrix,ambient_09,ambient,distortion,distortion:12,12.0,perturbations/audio/ambient_09__A.wav,perturbations/audio/ambient_09__distortion__drv12.wav,0.999473,0.715357,0.97382,0.788983,0.860915
rock_01::distortion::drv12,block4,matrix,rock_01,rock,distortion,distortion:12,12.0,perturbations/audio/rock_01__A.wav,perturbations/audio/rock_01__distortion__drv12.wav,0.996281,0.570772,0.947007,0.620318,0.760244
folk_13::distortion::drv32,block4,matrix,folk_13,folk,distortion,distortion:32,32.0,perturbations/audio/folk_13__A.wav,perturbations/audio/folk_13__distortion__drv32.wav,0.982427,0.446027,0.978675,0.617153,0.717254
folk_05::distortion::drv4,block4,matrix,folk_05,folk,distortion,distortion:4,4.0,perturbations/audio/folk_05__A.wav,perturbations/audio/folk_05__distortion__drv4.wav,0.999944,0.85361,0.998292,0.785692,0.904558
ambient_15::distortion::drv4,block4,matrix,ambient_15,ambient,distortion,distortion:4,4.0,perturbations/audio/ambient_15__A.wav,perturbations/audio/ambient_15__distortion__drv4.wav,0.999997,0.918726,0.996114,0.788468,0.921657
rock_13::lowpass::lp2000,block4,matrix,rock_13,rock,lowpass,lowpass:2000,2000.0,perturbations/audio/rock_13__A.wav,perturbations/audio/rock_13__lowpass__lp2000.wav,0.99998,0.419893,0.956224,0.739052,0.738059
classical_12::lowpass::lp4000,block4,matrix,classical_12,classical,lowpass,lowpass:4000,4000.0,perturbations/audio/classical_12__A.wav,perturbations/audio/classical_12__lowpass__lp4000.wav,0.999999,0.509594,0.997705,0.803243,0.799408
classical_04::lowpass::lp4000,block4,matrix,classical_04,classical,lowpass,lowpass:4000,4000.0,perturbations/audio/classical_04__A.wav,perturbations/audio/classical_04__lowpass__lp4000.wav,0.999988,0.451422,0.946613,0.694652,0.738124
jazz_03::lowpass::lp8000,block4,matrix,jazz_03,jazz,lowpass,lowpass:8000,8000.0,perturbations/audio/jazz_03__A.wav,perturbations/audio/jazz_03__lowpass__lp8000.wav,0.999942,0.493363,0.99735,0.816465,0.796126
ambient_10::pitch_shift::-1st,block4,matrix,ambient_10,ambient,pitch_shift,pitch_shift:-1,-1.0,perturbations/audio/ambient_10__A.wav,perturbations/audio/ambient_10__pitch_shift__-1st.wav,0.970039,0.693054,0.98025,0.707251,0.82626
jazz_15::pitch_shift::-1st,block4,matrix,jazz_15,jazz,pitch_shift,pitch_shift:-1,-1.0,perturbations/audio/jazz_15__A.wav,perturbations/audio/jazz_15__pitch_shift__-1st.wav,0.786078,0.766376,0.995705,0.678302,0.798666
rock_04::pitch_shift::-2st,block4,matrix,rock_04,rock,pitch_shift,pitch_shift:-2,-2.0,perturbations/audio/rock_04__A.wav,perturbations/audio/rock_04__pitch_shift__-2st.wav,0.99303,0.69827,0.981666,0.764773,0.849416
folk_01::pitch_shift::-4st,block4,matrix,folk_01,folk,pitch_shift,pitch_shift:-4,-4.0,perturbations/audio/folk_01__A.wav,perturbations/audio/folk_01__pitch_shift__-4st.wav,0.878954,0.513062,0.986472,0.598706,0.718387
classical_08::pitch_shift::-4st,block4,matrix,classical_08,classical,pitch_shift,pitch_shift:-4,-4.0,perturbations/audio/classical_08__A.wav,perturbations/audio/classical_08__pitch_shift__-4st.wav,0.664641,0.515556,0.969442,0.704359,0.695496
ambient_04::pitch_shift::+1st,block4,matrix,ambient_04,ambient,pitch_shift,pitch_shift:1,1.0,perturbations/audio/ambient_04__A.wav,perturbations/audio/ambient_04__pitch_shift__+1st.wav,0.480187,0.747064,0.969352,0.734621,0.710932
ambient_15::pitch_shift::+2st,block4,matrix,ambient_15,ambient,pitch_shift,pitch_shift:2,2.0,perturbations/audio/ambient_15__A.wav,perturbations/audio/ambient_15__pitch_shift__+2st.wav,0.910526,0.458781,0.979721,0.797549,0.755857
jazz_14::pitch_shift::+2st,block4,matrix,jazz_14,jazz,pitch_shift,pitch_shift:2,2.0,perturbations/audio/jazz_14__A.wav,perturbations/audio/jazz_14__pitch_shift__+2st.wav,0.949163,0.698707,0.968441,0.812437,0.849913
ambient_12::pitch_shift::+4st,block4,matrix,ambient_12,ambient,pitch_shift,pitch_shift:4,4.0,perturbations/audio/ambient_12__A.wav,perturbations/audio/ambient_12__pitch_shift__+4st.wav,0.983221,0.50808,0.989325,0.555993,0.724016
rock_05::style_swap::swap_cross,block4,matrix,rock_05,rock,style_swap,style_swap:cross_genre,nan,perturbations/audio/rock_05__A.wav,perturbations/audio/rock_05__style_swap__swap_cross.wav,0.884864,0.394601,0.513749,0.561071,0.56325
electronic_07::style_swap::swap_cross,block4,matrix,electronic_07,electronic,style_swap,style_swap:cross_genre,nan,perturbations/audio/electronic_07__A.wav,perturbations/audio/electronic_07__style_swap__swap_cross.wav,0.886094,0.417874,0.60697,0.59177,0.603895
classical_04::time_stretch::-10pct,block4,matrix,classical_04,classical,time_stretch,time_stretch:-10,-10.0,perturbations/audio/classical_04__A.wav,perturbations/audio/classical_04__time_stretch__-10pct.wav,0.999131,0.906359,0.74433,0.772562,0.849484
rock_01::time_stretch::-20pct,block4,matrix,rock_01,rock,time_stretch,time_stretch:-20,-20.0,perturbations/audio/rock_01__A.wav,perturbations/audio/rock_01__time_stretch__-20pct.wav,0.994166,0.881545,0.577422,0.83712,0.806763
classical_06::time_stretch::-20pct,block4,matrix,classical_06,classical,time_stretch,time_stretch:-20,-20.0,perturbations/audio/classical_06__A.wav,perturbations/audio/classical_06__time_stretch__-20pct.wav,0.988067,0.687602,0.834439,0.652644,0.779917
jazz_15::time_stretch::-5pct,block4,matrix,jazz_15,jazz,time_stretch,time_stretch:-5,-5.0,perturbations/audio/jazz_15__A.wav,perturbations/audio/jazz_15__time_stretch__-5pct.wav,0.998991,0.878337,0.844973,0.741501,0.861082
classical_10::time_stretch::+10pct,block4,matrix,classical_10,classical,time_stretch,time_stretch:10,10.0,perturbations/audio/classical_10__A.wav,perturbations/audio/classical_10__time_stretch__+10pct.wav,0.996293,0.897087,0.922251,0.809239,0.903726
electronic_12::time_stretch::+10pct,block4,matrix,electronic_12,electronic,time_stretch,time_stretch:10,10.0,perturbations/audio/electronic_12__A.wav,perturbations/audio/electronic_12__time_stretch__+10pct.wav,0.993028,0.93122,0.376862,0.839752,0.735507
rock_05::time_stretch::+20pct,block4,matrix,rock_05,rock,time_stretch,time_stretch:20,20.0,perturbations/audio/rock_05__A.wav,perturbations/audio/rock_05__time_stretch__+20pct.wav,0.997626,0.890014,0.456671,0.786925,0.75158
ambient_10::time_stretch::+5pct,block4,matrix,ambient_10,ambient,time_stretch,time_stretch:5,5.0,perturbations/audio/ambient_10__A.wav,perturbations/audio/ambient_10__time_stretch__+5pct.wav,0.998284,0.752154,0.947626,0.712382,0.843777
folk_06::time_stretch::+5pct,block4,matrix,folk_06,folk,time_stretch,time_stretch:5,5.0,perturbations/audio/folk_06__A.wav,perturbations/audio/folk_06__time_stretch__+5pct.wav,0.998495,0.92441,0.919807,0.77625,0.901005
ambient_05::control::ctrl,block5,matrix,ambient_05,ambient,control,control,0.0,perturbations/audio/ambient_05__A.wav,perturbations/audio/ambient_05__control__ctrl.wav,1.0,1.0,1.0,0.772766,0.937588
folk_06::distortion::drv12,block5,matrix,folk_06,folk,distortion,distortion:12,12.0,perturbations/audio/folk_06__A.wav,perturbations/audio/folk_06__distortion__drv12.wav,0.998352,0.447169,0.954708,0.750311,0.751998
classical_10::distortion::drv32,block5,matrix,classical_10,classical,distortion,distortion:32,32.0,perturbations/audio/classical_10__A.wav,perturbations/audio/classical_10__distortion__drv32.wav,0.986273,0.550736,0.994871,0.627654,0.763145
electronic_15::distortion::drv32,block5,matrix,electronic_15,electronic,distortion,distortion:32,32.0,perturbations/audio/electronic_15__A.wav,perturbations/audio/electronic_15__distortion__drv32.wav,0.996745,0.59547,0.967717,0.593494,0.764103
electronic_05::distortion::drv4,block5,matrix,electronic_05,electronic,distortion,distortion:4,4.0,perturbations/audio/electronic_05__A.wav,perturbations/audio/electronic_05__distortion__drv4.wav,0.999863,0.805368,0.972337,0.940724,0.926411
electronic_06::distortion::drv4,block5,matrix,electronic_06,electronic,distortion,distortion:4,4.0,perturbations/audio/electronic_06__A.wav,perturbations/audio/electronic_06__distortion__drv4.wav,0.99869,0.732641,0.99082,0.708643,0.846615
folk_12::lowpass::lp2000,block5,matrix,folk_12,folk,lowpass,lowpass:2000,2000.0,perturbations/audio/folk_12__A.wav,perturbations/audio/folk_12__lowpass__lp2000.wav,0.999943,0.728126,0.867798,0.743133,0.827783
electronic_13::lowpass::lp4000,block5,matrix,electronic_13,electronic,lowpass,lowpass:4000,4000.0,perturbations/audio/electronic_13__A.wav,perturbations/audio/electronic_13__lowpass__lp4000.wav,0.99999,0.470791,0.995247,0.750912,0.770169
jazz_08::lowpass::lp4000,block5,matrix,jazz_08,jazz,lowpass,lowpass:4000,4000.0,perturbations/audio/jazz_08__A.wav,perturbations/audio/jazz_08__lowpass__lp4000.wav,1.0,0.590164,0.972762,0.82008,0.82834
ambient_08::lowpass::lp8000,block5,matrix,ambient_08,ambient,lowpass,lowpass:8000,8000.0,perturbations/audio/ambient_08__A.wav,perturbations/audio/ambient_08__lowpass__lp8000.wav,0.999979,0.467328,0.997865,0.816712,0.785576
rock_13::pitch_shift::-1st,block5,matrix,rock_13,rock,pitch_shift,pitch_shift:-1,-1.0,perturbations/audio/rock_13__A.wav,perturbations/audio/rock_13__pitch_shift__-1st.wav,0.769879,0.866179,0.995158,0.733132,0.835172
electronic_02::pitch_shift::-1st,block5,matrix,electronic_02,electronic,pitch_shift,pitch_shift:-1,-1.0,perturbations/audio/electronic_02__A.wav,perturbations/audio/electronic_02__pitch_shift__-1st.wav,0.854283,0.670267,0.994387,0.863993,0.837488
classical_02::pitch_shift::-2st,block5,matrix,classical_02,classical,pitch_shift,pitch_shift:-2,-2.0,perturbations/audio/classical_02__A.wav,perturbations/audio/classical_02__pitch_shift__-2st.wav,0.85427,0.672519,0.994177,0.723161,0.801677
rock_11::pitch_shift::-4st,block5,matrix,rock_11,rock,pitch_shift,pitch_shift:-4,-4.0,perturbations/audio/rock_11__A.wav,perturbations/audio/rock_11__pitch_shift__-4st.wav,0.954188,0.482477,0.939152,0.722407,0.747579
electronic_13::pitch_shift::-4st,block5,matrix,electronic_13,electronic,pitch_shift,pitch_shift:-4,-4.0,perturbations/audio/electronic_13__A.wav,perturbations/audio/electronic_13__pitch_shift__-4st.wav,0.969567,0.625223,0.984863,0.721952,0.81026
classical_04::pitch_shift::+1st,block5,matrix,classical_04,classical,pitch_shift,pitch_shift:1,1.0,perturbations/audio/classical_04__A.wav,perturbations/audio/classical_04__pitch_shift__+1st.wav,0.878067,0.802675,0.986214,0.744842,0.848254
folk_13::pitch_shift::+2st,block5,matrix,folk_13,folk,pitch_shift,pitch_shift:2,2.0,perturbations/audio/folk_13__A.wav,perturbations/audio/folk_13__pitch_shift__+2st.wav,0.683311,0.594636,0.990124,0.746731,0.740339
ambient_13::pitch_shift::+2st,block5,matrix,ambient_13,ambient,pitch_shift,pitch_shift:2,2.0,perturbations/audio/ambient_13__A.wav,perturbations/audio/ambient_13__pitch_shift__+2st.wav,0.742498,0.692902,0.972239,0.796399,0.794452
ambient_09::pitch_shift::+4st,block5,matrix,ambient_09,ambient,pitch_shift,pitch_shift:4,4.0,perturbations/audio/ambient_09__A.wav,perturbations/audio/ambient_09__pitch_shift__+4st.wav,0.689868,0.637622,0.971022,0.716196,0.7437
jazz_10::style_swap::swap_cross,block5,matrix,jazz_10,jazz,style_swap,style_swap:cross_genre,nan,perturbations/audio/jazz_10__A.wav,perturbations/audio/jazz_10__style_swap__swap_cross.wav,0.924891,0.411552,0.674367,0.536714,0.60924
rock_13::time_stretch::-10pct,block5,matrix,rock_13,rock,time_stretch,time_stretch:-10,-10.0,perturbations/audio/rock_13__A.wav,perturbations/audio/rock_13__time_stretch__-10pct.wav,0.994983,0.917741,0.843438,0.864162,0.903225
ambient_07::time_stretch::-10pct,block5,matrix,ambient_07,ambient,time_stretch,time_stretch:-10,-10.0,perturbations/audio/ambient_07__A.wav,perturbations/audio/ambient_07__time_stretch__-10pct.wav,0.997987,0.886904,0.86475,0.849696,0.898026
electronic_14::time_stretch::-20pct,block5,matrix,electronic_14,electronic,time_stretch,time_stretch:-20,-20.0,perturbations/audio/electronic_14__A.wav,perturbations/audio/electronic_14__time_stretch__-20pct.wav,0.992739,0.90374,0.412135,0.768463,0.730105
classical_02::time_stretch::-5pct,block5,matrix,classical_02,classical,time_stretch,time_stretch:-5,-5.0,perturbations/audio/classical_02__A.wav,perturbations/audio/classical_02__time_stretch__-5pct.wav,0.992919,0.828905,0.921832,0.787189,0.879098
rock_11::time_stretch::-5pct,block5,matrix,rock_11,rock,time_stretch,time_stretch:-5,-5.0,perturbations/audio/rock_11__A.wav,perturbations/audio/rock_11__time_stretch__-5pct.wav,0.997385,0.884576,0.657781,0.783748,0.821228
jazz_13::time_stretch::+10pct,block5,matrix,jazz_13,jazz,time_stretch,time_stretch:10,10.0,perturbations/audio/jazz_13__A.wav,perturbations/audio/jazz_13__time_stretch__+10pct.wav,0.997729,0.900051,0.632258,0.903019,0.84619
folk_01::time_stretch::+10pct,block5,matrix,folk_01,folk,time_stretch,time_stretch:10,10.0,perturbations/audio/folk_01__A.wav,perturbations/audio/folk_01__time_stretch__+10pct.wav,0.999683,0.907943,0.590399,0.798462,0.80878
classical_05::time_stretch::+20pct,block5,matrix,classical_05,classical,time_stretch,time_stretch:20,20.0,perturbations/audio/classical_05__A.wav,perturbations/audio/classical_05__time_stretch__+20pct.wav,0.995403,0.882352,0.540177,0.863696,0.800082
jazz_08::time_stretch::+5pct,block5,matrix,jazz_08,jazz,time_stretch,time_stretch:5,5.0,perturbations/audio/jazz_08__A.wav,perturbations/audio/jazz_08__time_stretch__+5pct.wav,0.994407,0.953706,0.833367,0.838798,0.902336
ambient_11::time_stretch::+5pct,block5,matrix,ambient_11,ambient,time_stretch,time_stretch:5,5.0,perturbations/audio/ambient_11__A.wav,perturbations/audio/ambient_11__time_stretch__+5pct.wav,0.99924,0.910075,0.823214,0.849994,0.893139
rerank_ace/s01::cand04,block1,ai_rerank,rerank_ace/s01,rerank_ace,ai_rerank_winner,ai_rerank_winner:0,0.0,results/rerank_ace/audio/s01__A.wav,results/rerank_ace/audio/s01_cand04__B.wav,0.97102,0.611935,0.827763,0.598805,0.736684
rerank_ace/s01::cand07,block1,ai_rerank,rerank_ace/s01,rerank_ace,ai_rerank_loser,ai_rerank_loser:0,0.0,results/rerank_ace/audio/s01__A.wav,results/rerank_ace/audio/s01_cand07__B.wav,0.922368,0.483117,0.694116,0.431081,0.604278
rerank_ace/s06::cand01,block1,ai_rerank,rerank_ace/s06,rerank_ace,ai_rerank_loser,ai_rerank_loser:0,0.0,results/rerank_ace/audio/s06__A.wav,results/rerank_ace/audio/s06_cand01__B.wav,0.964247,0.610485,0.938103,0.335859,0.656248
rerank_ace/s06::cand02,block1,ai_rerank,rerank_ace/s06,rerank_ace,ai_rerank_winner,ai_rerank_winner:0,0.0,results/rerank_ace/audio/s06__A.wav,results/rerank_ace/audio/s06_cand02__B.wav,0.953742,0.630147,0.911948,0.530775,0.73441
rerank_ace/s11::cand02,block1,ai_rerank,rerank_ace/s11,rerank_ace,ai_rerank_winner,ai_rerank_winner:0,0.0,results/rerank_ace/audio/s11__A.wav,results/rerank_ace/audio/s11_cand02__B.wav,0.998154,0.801692,0.966362,0.597429,0.824438
rerank_ace/s02::cand01,block2,ai_rerank,rerank_ace/s02,rerank_ace,ai_rerank_winner,ai_rerank_winner:0,0.0,results/rerank_ace/audio/s02__A.wav,results/rerank_ace/audio/s02_cand01__B.wav,0.998015,0.763052,0.983003,0.553818,0.802423
rerank_ace/s02::cand04,block2,ai_rerank,rerank_ace/s02,rerank_ace,ai_rerank_loser,ai_rerank_loser:0,0.0,results/rerank_ace/audio/s02__A.wav,results/rerank_ace/audio/s02_cand04__B.wav,0.99932,0.789726,0.953071,0.401814,0.741452
rerank_ace/s07::cand04,block2,ai_rerank,rerank_ace/s07,rerank_ace,ai_rerank_loser,ai_rerank_loser:0,0.0,results/rerank_ace/audio/s07__A.wav,results/rerank_ace/audio/s07_cand04__B.wav,0.998811,0.855236,0.991643,0.500036,0.806736
rerank_ace/s07::cand06,block2,ai_rerank,rerank_ace/s07,rerank_ace,ai_rerank_winner,ai_rerank_winner:0,0.0,results/rerank_ace/audio/s07__A.wav,results/rerank_ace/audio/s07_cand06__B.wav,0.999128,0.86333,0.989482,0.567907,0.834393
rerank_ace/s12::cand00,block2,ai_rerank,rerank_ace/s12,rerank_ace,ai_rerank_winner,ai_rerank_winner:0,0.0,results/rerank_ace/audio/s12__A.wav,results/rerank_ace/audio/s12_cand00__B.wav,0.997425,0.735857,0.970402,0.469601,0.760481
rerank_ace/s03::cand02,block3,ai_rerank,rerank_ace/s03,rerank_ace,ai_rerank_winner,ai_rerank_winner:0,0.0,results/rerank_ace/audio/s03__A.wav,results/rerank_ace/audio/s03_cand02__B.wav,0.995107,0.730806,0.977851,0.417399,0.738115
rerank_ace/s03::cand06,block3,ai_rerank,rerank_ace/s03,rerank_ace,ai_rerank_loser,ai_rerank_loser:0,0.0,results/rerank_ace/audio/s03__A.wav,results/rerank_ace/audio/s03_cand06__B.wav,0.97474,0.726604,0.943339,0.341605,0.691186
rerank_ace/s08::cand02,block3,ai_rerank,rerank_ace/s08,rerank_ace,ai_rerank_loser,ai_rerank_loser:0,0.0,results/rerank_ace/audio/s08__A.wav,results/rerank_ace/audio/s08_cand02__B.wav,0.951554,0.7219,0.934316,0.533197,0.764844
rerank_ace/s08::cand05,block3,ai_rerank,rerank_ace/s08,rerank_ace,ai_rerank_winner,ai_rerank_winner:0,0.0,results/rerank_ace/audio/s08__A.wav,results/rerank_ace/audio/s08_cand05__B.wav,0.993567,0.774422,0.958018,0.628768,0.825106
rerank_ace/s13::cand06,block3,ai_rerank,rerank_ace/s13,rerank_ace,ai_rerank_loser,ai_rerank_loser:0,0.0,results/rerank_ace/audio/s13__A.wav,results/rerank_ace/audio/s13_cand06__B.wav,0.993282,0.699317,0.93292,0.462862,0.740049
rerank_ace/s04::cand03,block4,ai_rerank,rerank_ace/s04,rerank_ace,ai_rerank_loser,ai_rerank_loser:0,0.0,results/rerank_ace/audio/s04__A.wav,results/rerank_ace/audio/s04_cand03__B.wav,0.997231,0.633502,0.819964,0.485366,0.708112
rerank_ace/s04::cand07,block4,ai_rerank,rerank_ace/s04,rerank_ace,ai_rerank_winner,ai_rerank_winner:0,0.0,results/rerank_ace/audio/s04__A.wav,results/rerank_ace/audio/s04_cand07__B.wav,0.998717,0.717661,0.955701,0.515644,0.770918
rerank_ace/s09::cand05,block4,ai_rerank,rerank_ace/s09,rerank_ace,ai_rerank_loser,ai_rerank_loser:0,0.0,results/rerank_ace/audio/s09__A.wav,results/rerank_ace/audio/s09_cand05__B.wav,0.981508,0.580332,0.853847,0.409598,0.668078
rerank_ace/s09::cand07,block4,ai_rerank,rerank_ace/s09,rerank_ace,ai_rerank_winner,ai_rerank_winner:0,0.0,results/rerank_ace/audio/s09__A.wav,results/rerank_ace/audio/s09_cand07__B.wav,0.985081,0.707329,0.937579,0.530826,0.767385
rerank_ace/s14::cand04,block4,ai_rerank,rerank_ace/s14,rerank_ace,ai_rerank_winner,ai_rerank_winner:0,0.0,results/rerank_ace/audio/s14__A.wav,results/rerank_ace/audio/s14_cand04__B.wav,0.999108,0.764702,0.927128,0.50022,0.771527
rerank_ace/s05::cand01,block5,ai_rerank,rerank_ace/s05,rerank_ace,ai_rerank_winner,ai_rerank_winner:0,0.0,results/rerank_ace/audio/s05__A.wav,results/rerank_ace/audio/s05_cand01__B.wav,0.996964,0.693728,0.953034,0.589622,0.789565
rerank_ace/s05::cand07,block5,ai_rerank,rerank_ace/s05,rerank_ace,ai_rerank_loser,ai_rerank_loser:0,0.0,results/rerank_ace/audio/s05__A.wav,results/rerank_ace/audio/s05_cand07__B.wav,0.977024,0.654274,0.954902,0.567908,0.767318
rerank_ace/s10::cand02,block5,ai_rerank,rerank_ace/s10,rerank_ace,ai_rerank_winner,ai_rerank_winner:0,0.0,results/rerank_ace/audio/s10__A.wav,results/rerank_ace/audio/s10_cand02__B.wav,0.990927,0.768467,0.961618,0.46163,0.762502
rerank_ace/s10::cand07,block5,ai_rerank,rerank_ace/s10,rerank_ace,ai_rerank_loser,ai_rerank_loser:0,0.0,results/rerank_ace/audio/s10__A.wav,results/rerank_ace/audio/s10_cand07__B.wav,0.990631,0.688356,0.93072,0.323553,0.673166
rerank_ace/s15::cand01,block5,ai_rerank,rerank_ace/s15,rerank_ace,ai_rerank_winner,ai_rerank_winner:0,0.0,results/rerank_ace/audio/s15__A.wav,results/rerank_ace/audio/s15_cand01__B.wav,0.977614,0.701921,0.95804,0.477515,0.748525
