filename,file_id
practice_hi.mp3,F_i1ePOaTPe70eq5b
practice_lo.mp3,F_Ch8fVH2sLFVn5Ot
stim_0001.mp3,F_mTflnyh8A8ijfPK
stim_0002.mp3,F_zAbsc5LW6TxnKPN
stim_0003.mp3,F_8IfUJ6Kjn0thRLh
stim_0004.mp3,F_ujExxMd7Tv9HFgU
stim_0005.mp3,F_F0i9OdV2hU58Myv
stim_0006.mp3,F_nxTVbVJ5LDoHO5u
stim_0007.mp3,F_t40YMwV6U8ufAiZ
stim_0008.mp3,F_DdXOlwXPL1eE2pR
stim_0009.mp3,F_w1DamAAiGxgFo4J
stim_0010.mp3,F_LkVobmiZoGBRpkB
stim_0011.mp3,F_BFNbRaTK7V28mkE
stim_0012.mp3,F_PYrCKClhFQfhkFO
stim_0013.mp3,F_apWUnDmbUsSFeFP
stim_0014.mp3,F_tOUMZVECzsQzBZg
stim_0015.mp3,F_nmdBt8NuARi6puv
stim_0016.mp3,F_JdHNvy031IbauMj
stim_0017.mp3,F_KHokwGCFPQLzTeD
stim_0018.mp3,F_oF1ositoHSPFJfs
stim_0019.mp3,F_Co9KPZPuas8wAgY
stim_0020.mp3,F_9twdHKMy0BhXRRN
stim_0021.mp3,F_8gmRQoItMofGaoo
stim_0022.mp3,F_MuMvjD8YJxvrDL1
stim_0023.mp3,F_i9sXUfu8rRyPbWt
stim_0024.mp3,F_PzzcLH6fbMswtH0
stim_0025.mp3,F_3LCeSYo6xhQ8PX0
stim_0026.mp3,F_mdnwJUfHhoRktsG
stim_0027.mp3,F_T5CFnRCcSM5zah7
stim_0028.mp3,F_QaZFkKgq0XhKBxB
stim_0029.mp3,F_AfRetGQgtd2lwto
stim_0030.mp3,F_qBHaSCG49Rt4hIR
stim_0031.mp3,F_Mb69Txsb94diHur
stim_0032.mp3,F_3SIJdG21yD0sWLt
stim_0033.mp3,F_arWSCCepZ8BzNLD
stim_0034.mp3,F_FwgFFGNcLtUuMr7
stim_0035.mp3,F_z7SowYCn4KVKCmC
stim_0036.mp3,F_4964LeO46hgZRFX
stim_0037.mp3,F_dTKMeiywH0kVtAA
stim_0038.mp3,F_wcx9RNwaTM4BLhP
stim_0039.mp3,F_G9sHo7OHkppTv5F
stim_0040.mp3,F_LkMGnAfkZWz5fXk
stim_0041.mp3,F_0mGvQ4Azs0EuTE5
stim_0042.mp3,F_8TkoJnMzRobQBEa
stim_0043.mp3,F_ewjoICKTox6pjAs
stim_0044.mp3,F_oui0ypPLnpBQG6D
stim_0045.mp3,F_0pNXRCux6RI4W9p
stim_0046.mp3,F_XrD87nnQnA3Rrz5
stim_0047.mp3,F_ojWZYkmNJZT32bo
stim_0048.mp3,F_EBXPIh2yKo5ggYn
stim_0049.mp3,F_dZbQPgyUrjPJyML
stim_0050.mp3,F_qkXAc1C58BGvM2T
stim_0051.mp3,F_c0N8AqZp9ozONqQ
stim_0052.mp3,F_w7rEjbr45sfuwAD
stim_0053.mp3,F_Oo6DBbEn6ruNX4u
stim_0054.mp3,F_YutyknUhcpk3ww0
stim_0055.mp3,F_qxzW7nc7jCt30kS
stim_0056.mp3,F_i0Z6ICL450JY8sy
stim_0057.mp3,F_vLYoQg0n2rfNf5X
stim_0058.mp3,F_RSTBgKNBFyELSxz
stim_0059.mp3,F_nAM4Iwh7D5FmVOF
stim_0060.mp3,F_aFSPZo0YA9XB7Jq
stim_0061.mp3,F_RUWrZavWV71N899
stim_0062.mp3,F_Jw9VjPYRTArO8hT
stim_0063.mp3,F_Lk47k5K6DtZfLoB
stim_0064.mp3,F_FG3SMbfYgO7uj2t
stim_0065.mp3,F_9mud0v8TF8cVHXx
stim_0066.mp3,F_KTN0zaIIgmJgHH1
stim_0067.mp3,F_fOzQQ3oGTtWbAo5
stim_0068.mp3,F_hAnIKl0kaYLluC9
stim_0069.mp3,F_6SKe29dtf3UvsIT
stim_0070.mp3,F_EAPx0Patal9ea8y
stim_0071.mp3,F_S9g2s6AOSjyHpkz
stim_0072.mp3,F_gPgBoE3EhALVfI3
stim_0073.mp3,F_FedtCJG2QbQbtEJ
stim_0074.mp3,F_yBGYVx5PxiuluPZ
stim_0075.mp3,F_PcffqQepaZXaAgm
stim_0076.mp3,F_o97HaP3qt3SqBlT
stim_0077.mp3,F_b6yPAkV8nJNo4WV
stim_0078.mp3,F_2gc07qPfWJP56ML
stim_0079.mp3,F_NP1jDpjNmO0B7cf
stim_0080.mp3,F_jU7gAVDNYAW9MpH
stim_0081.mp3,F_oLNN391oyMv4mf7
stim_0082.mp3,F_x3xp2qr2i7zlDn9
stim_0083.mp3,F_Xt7ghvvvAl4VX1W
stim_0084.mp3,F_8SN701pgwsKhzsk
stim_0085.mp3,F_Xypm5D3WqhlrwI4
stim_0086.mp3,F_sY0Uo4TnUsZXBAt
stim_0087.mp3,F_SQB4FAATl9h0Gul
stim_0088.mp3,F_3rektfzRs2GkpO1
stim_0089.mp3,F_TZh0bokiw82l2by
stim_0090.mp3,F_YoB38iMjBLqM7mX
stim_0091.mp3,F_ewizIwx4n9iy1xD
stim_0092.mp3,F_nt5188cVFyPhK4L
stim_0093.mp3,F_z6R6Afe1MSgeI0a
stim_0094.mp3,F_PPHHyjjnhZdy3SA
stim_0095.mp3,F_4nxAW6MUp0NVvJ2
stim_0096.mp3,F_M9cOEjhVo1D1vQp
stim_0097.mp3,F_1wQLS1l9MP4EWpw
stim_0098.mp3,F_pradNmEckeMbw4I
stim_0099.mp3,F_mIFCr4GjnX19yvE
stim_0100.mp3,F_Sf9BDFCilQMeCmy
stim_0101.mp3,F_Iw9Kmc3CGUmv2k8
stim_0102.mp3,F_fdyPZQnsmpQkDUM
stim_0103.mp3,F_FBX2ZUcxDFhfIzB
stim_0104.mp3,F_KH1eCOAtaHg7syP
stim_0105.mp3,F_S4QYJY1biTJSZyA
stim_0106.mp3,F_bDt5SLQZiTzec8O
stim_0107.mp3,F_VLdksVL4yas5qjv
stim_0108.mp3,F_xExVw8L7FfsD7uf
stim_0109.mp3,F_c2e0J8A5kB3eLAB
stim_0110.mp3,F_5XIr14iJlgY1UfG
stim_0111.mp3,F_Tnfhbh8WZliYSaa
stim_0112.mp3,F_mqUnlLGJQ4m09jq
stim_0113.mp3,F_cWE1rDmojDQP9kw
stim_0114.mp3,F_BOoKFBPaou0gU0x
stim_0115.mp3,F_iCyYN4Tp9LDKQwQ
stim_0116.mp3,F_KMc7szOYPOiKWFp
stim_0117.mp3,F_BPvARHLkC4g9sB2
stim_0118.mp3,F_kdFjXbRtSqW4WXx
stim_0119.mp3,F_Qb7V1ogeNjtTYyz
stim_0120.mp3,F_zu632AXcmw9Nxmj
stim_0121.mp3,F_rPMrogIo0AGLv90
stim_0122.mp3,F_y45rstOaZh5L567
stim_0123.mp3,F_t47SUXNrj72LgKt
stim_0124.mp3,F_8zcm9ceV4hljKy8
stim_0125.mp3,F_uoeo7YbPYg39Y7B
stim_0126.mp3,F_AUvRVTU2l5JtONy
stim_0127.mp3,F_c20ias5Cdl0BGfx
stim_0128.mp3,F_4kPWeg5lWl0Rzzo
stim_0129.mp3,F_MtarQmayjMxNjsg
stim_0130.mp3,F_QkmWA6g3iIiNYXu
stim_0131.mp3,F_qLQ2Fta17jT9gvl
stim_0132.mp3,F_eCLmAnYjRxJU2Ec
stim_0133.mp3,F_Mkf1tpRnunUavgM
stim_0134.mp3,F_ZNZ1Q1GT6lovZlV
stim_0135.mp3,F_Uc3jAChsH9iE1lc
stim_0136.mp3,F_c0499wagnywcFBF
stim_0137.mp3,F_XmnlOOjS9Hi4jT5
stim_0138.mp3,F_olRREovXbUx0JWq
stim_0139.mp3,F_X2LLlbixMAUSJ0K
stim_0140.mp3,F_NhsFRGXyAJp9CwF
stim_0141.mp3,F_WD1xkkBp4PANyIe
stim_0142.mp3,F_33zlaG2vA5XuPw7
stim_0143.mp3,F_EEYEKpAuIlVFAn8
stim_0144.mp3,F_owp7ZvIl5YkPvP7
stim_0145.mp3,F_3ZQqw3zDCSqwuFd
stim_0146.mp3,F_7Q3BXSkK33xd8az
stim_0147.mp3,F_3lTxA03VvEVZRKW
stim_0148.mp3,F_PIUSSwlT4GloE87
stim_0149.mp3,F_GU9wXzBEMlGRRol
stim_0150.mp3,F_7d3UI2WLGGvMwuZ
stim_0151.mp3,F_oiDK2ir6rHOlyio
stim_0152.mp3,F_XYTnLrEV9Y2kIXS
stim_0153.mp3,F_DP5gerPDyAX22tg
stim_0154.mp3,F_rEcRc9cAe7u2TuZ
stim_0155.mp3,F_LbC0wRuquVesZtM
stim_0156.mp3,F_rssLv4ylxluxCMk
stim_0157.mp3,F_fvRgFH9h77fi95r
stim_0158.mp3,F_yAYbp3sUmhBgTot
stim_0159.mp3,F_l52ID70sb4quILb
stim_0160.mp3,F_d6kFcjgT1VuxdKO
stim_0161.mp3,F_ufy6KTHIWwP6NzM
stim_0162.mp3,F_7JfUo0lzRO8MvJX
stim_0163.mp3,F_e7cSl04Nyt4xWEF
stim_0164.mp3,F_ChvUOyLi0zrEKqk
stim_0165.mp3,F_L7sT0EpVZzm3wv2
stim_0166.mp3,F_HBdo73ceP4R6rKm
stim_0167.mp3,F_HuXSZE9h4SgjeE5
stim_0168.mp3,F_OqG7V5fiuThna4j
stim_0169.mp3,F_Fzw42PwagstOAzV
stim_0170.mp3,F_rAQbTL3kvuNCugX
stim_0171.mp3,F_Va4k63KATnLrCan
stim_0172.mp3,F_dLPcjKMAWcbCTyM
stim_0173.mp3,F_4mej2iBEvf2xfXu
stim_0174.mp3,F_6WSt0jO8Lg7RhsN
stim_0175.mp3,F_HjMZONgu4vwnBWl
stim_0176.mp3,F_g7eDNDzCaYvYBXa
stim_0177.mp3,F_0ldZ5HrO1paHjUi
stim_0178.mp3,F_DNxlRaIo5dCDXWY
stim_0179.mp3,F_b3PnPmEl5rgDaGU
stim_0180.mp3,F_q03aWNI0IjSBfya
stim_0181.mp3,F_WH08E0eIDDPh3yj
stim_0182.mp3,F_pHUWj8Y7wExAdmt
stim_0183.mp3,F_6g3kFwVUAFvZamc
stim_0184.mp3,F_VQJUPjmDJxXfApC
stim_0185.mp3,F_yuj7yFMiR6T5l1n
stim_0186.mp3,F_Z8bnfGDCo5Bsp1V
stim_0187.mp3,F_8UcAReSIHDlBs5F
stim_0188.mp3,F_uOVxGxlzMSuiK5B
stim_0189.mp3,F_q3uREcIMTWRIUHI
stim_0190.mp3,F_HFL3m3XNvAWNDqa
t001_A.mp3,F_ILl5fa7NtGYerlk
t001_B.mp3,F_rT7TropSIeY8o3i
t002_A.mp3,F_eudciGIXumOQ5KB
t002_B.mp3,F_fRZ1MUKyk1Hl9pq
t003_A.mp3,F_bUoaJk4F7pgQzgK
t003_B.mp3,F_SB2WGah2PKiFzXw
t004_A.mp3,F_7CyyFSDQvhBUDFL
t004_B.mp3,F_aDAayoH6E3dxxdh
t005_A.mp3,F_JaUDcKNrBzkOSfo
t005_B.mp3,F_TfNGKQGgxhJuUcg
t006_A.mp3,F_BZMmDJ4dH2VEdDd
t006_B.mp3,F_rHBgX628AB41N5N
t007_A.mp3,F_G9njm8vXHz4gEex
t007_B.mp3,F_E9WqjgOBP1X9qYv
t008_A.mp3,F_TAL1rQqmVcyoLiR
t008_B.mp3,F_mku3ReaedlGnJW5
t009_A.mp3,F_4oXmkuqqhn0bhg3
t009_B.mp3,F_NxHg0dzKLw7erZu
t010_A.mp3,F_5t0yf19R0Cha5rC
t010_B.mp3,F_8D8i1ZJ2yzKVaZz
t011_A.mp3,F_qQtmrUcX7cqC4BF
t011_B.mp3,F_zMDcAxsAO3QptOo
t012_A.mp3,F_2jf4q2tkuNLzyw1
t012_B.mp3,F_uhF01UzRkSqWIXn
t013_A.mp3,F_McSrSdPwzhXNcHi
t013_B.mp3,F_oRCdqZ4exRVmGIk
t014_A.mp3,F_2JXHxsd3WP9j5qw
t014_B.mp3,F_oqJWnvorvenYCP6
t015_A.mp3,F_z7BWWGHWVcif46R
t015_B.mp3,F_i6vHMaHZwA1KG1V
t016_A.mp3,F_A66DVCsIRtOGzmA
t016_B.mp3,F_N5KtP2MnMuGj7XA
t017_A.mp3,F_E9DlWsiroDfWqQa
t017_B.mp3,F_NUOjLMGe5YXMJxw
t018_A.mp3,F_D9FCFwJWrbTzsZj
t018_B.mp3,F_sa3hVEIfKFRTP9B
t019_A.mp3,F_DYmyAhewqfi20q0
t019_B.mp3,F_lReYUA5iinhZNXT
t020_A.mp3,F_ofJ9et8MYcz52iv
t020_B.mp3,F_naJhlHzp3jSlhfc
t021_A.mp3,F_nBHojPsEyCotm9D
t021_B.mp3,F_8e8WbK6OEiSyfe3
t022_A.mp3,F_iXtnNRY8axb1QhA
t022_B.mp3,F_9gxbvT4tRr52O15
t023_A.mp3,F_IPlW7KBUohmfgZv
t023_B.mp3,F_UESqGZMy04YL7pE
t024_A.mp3,F_OMrwHmxT7pFWq4f
t024_B.mp3,F_d1ePbO1wYOgUJew
t025_A.mp3,F_ZqYmKlZs2uGYtWI
t025_B.mp3,F_UAfjeawyy81tflE
t026_A.mp3,F_03nl2rur0Ah2JwS
t026_B.mp3,F_9TinEt3KekPLRgt
t027_A.mp3,F_yOmajhtbugMARp1
t027_B.mp3,F_osnQw1Frfy0x6VG
t028_A.mp3,F_IItV0AbyDfm9Fj3
t028_B.mp3,F_Llc0fNntKsAoetO
t029_A.mp3,F_nI4nx1y8p9Lhzhp
t029_B.mp3,F_zzxpXTpSC0vudWw
t030_A.mp3,F_jpTphvKqyoKiMBO
t030_B.mp3,F_jDtIsxOS9dT5LAP
t031_A.mp3,F_nu2QWn5ePKGWQPx
t031_B.mp3,F_CsrmowhLQDTxpOm
t032_A.mp3,F_3dlRX6a6nFYk5nY
t032_B.mp3,F_SAOytPEee3de63h
t033_A.mp3,F_1AzWSmGfdmLkXy4
t033_B.mp3,F_3LbCjPbkvD9YDMW
t034_A.mp3,F_oVXMYuzJ0bC4cz7
t034_B.mp3,F_H1ZOVKcsAw8TVUB
t035_A.mp3,F_fWSq7iIg1OsLq7t
t035_B.mp3,F_qhiBu26ufOGT9FN
t036_A.mp3,F_ACzqzqRQg3yGfGx
t036_B.mp3,F_J2Tgd3SclmR273V
t037_A.mp3,F_JWFg1PmNUF5XXV3
t037_B.mp3,F_iZ2HBEvoh4jpPxX
t038_A.mp3,F_cz54mTPZTI04QvU
t038_B.mp3,F_hTwedjktUD0NxzC
t039_A.mp3,F_B2G1RFzTsITRX0C
t039_B.mp3,F_vSBuQHxkcTDxvD4
t040_A.mp3,F_703RboRgBGWscjx
t040_B.mp3,F_rekgmA9zQ3u5PZq
t041_A.mp3,F_ZVCtAd4WjLL6tHh
t041_B.mp3,F_6BdEGeS5kNdOIcU
t042_A.mp3,F_JLl76JO5EMoqTPE
t042_B.mp3,F_KhSdTMRO177qaxH
t043_A.mp3,F_HT5soUd7N9Hf3sc
t043_B.mp3,F_EUd6TrjUPppLwan
t044_A.mp3,F_Ys24qUYUSOlq7hD
t044_B.mp3,F_sYha8ou8gLDtxwm
t045_A.mp3,F_B1ltoSlRl2TWrkS
t045_B.mp3,F_GrXuLltPZMNogND
t046_A.mp3,F_eeMWkGQWWhKUv7F
t046_B.mp3,F_lktmr3yWA5r5Pvl
t047_A.mp3,F_tUPHVd0RfaKUD05
t047_B.mp3,F_FjWwMtSbPHJw2UC
t048_A.mp3,F_P1JCWV7Hci6bri1
t048_B.mp3,F_vzKouFi3UpRyycO
t049_A.mp3,F_MXwaY3Q3BOvyASE
t049_B.mp3,F_6nWc2dugLPrne1P
t050_A.mp3,F_skEoseMLWn97yr1
t050_B.mp3,F_SoCrQJfGONIh5VQ
t051_A.mp3,F_QQGIeZaO5YnXXkO
t051_B.mp3,F_J8FhZhXZdoEOjuF
t052_A.mp3,F_MAuPM5YHR3Zci7A
t052_B.mp3,F_9z39QHX54Q0NOBh
t053_A.mp3,F_OWA1HyChkclajD8
t053_B.mp3,F_StSlKrCfXTsnivc
t054_A.mp3,F_0HUzEurVaKDFbjL
t054_B.mp3,F_ILLVUOwW7Sdlpei
t055_A.mp3,F_VvITuMlfM2aoiqj
t055_B.mp3,F_51LPR59zehctTo8
t056_A.mp3,F_nZnDsEuhVqmzYxv
t056_B.mp3,F_TRznbGl0pdxN9Pm
t057_A.mp3,F_CgtFELNSyTgmh3g
t057_B.mp3,F_iaxeQ39z2qsJfIs
t058_A.mp3,F_aslUnnLsVKlvYcw
t058_B.mp3,F_eeTMt9dTI9k134W
t059_A.mp3,F_eyqlIS9dn12IwU7
t059_B.mp3,F_LO3XMWkmUlC1X3Q
t060_A.mp3,F_BhhCrSs7TDZMAZf
t060_B.mp3,F_sFyJpDXspU0yHeS
t061_A.mp3,F_KizFPgGPKK6wdWW
t061_B.mp3,F_ucTdHCJahogmXNK
t062_A.mp3,F_9IQO9qFKnAifC2i
t062_B.mp3,F_KqemiL9ILqZEctD
t063_A.mp3,F_DeBUiy7Otz9mWHT
t063_B.mp3,F_EsXLlkSRsUkAt56
t064_A.mp3,F_8vFzFirdIo0Sdtl
t064_B.mp3,F_s8HDkJWEeftuLVc
t065_A.mp3,F_M9tNigZoxkOum7i
t065_B.mp3,F_28evUzHBtbatzTd
t066_A.mp3,F_G0m18zpH5amZFxB
t066_B.mp3,F_Bvt3uPy6YSHzmve
t067_A.mp3,F_GhKWYiM3DsS3Jjj
t067_B.mp3,F_HegVN2JH0X0boKJ
t068_A.mp3,F_aXiSrHmLSKEKOA9
t068_B.mp3,F_XKK6Ai8dtHGsoSH
t069_A.mp3,F_POnp4qQ0xrOYzZp
t069_B.mp3,F_gfs2VLc7HYXExex
t070_A.mp3,F_tsw26qky0HCiou2
t070_B.mp3,F_H2tLswBRxfmNDuR
t071_A.mp3,F_pbqmacuHtyPC903
t071_B.mp3,F_qqenigDYags1im2
t072_A.mp3,F_yeLUMS2YcdRwmPS
t072_B.mp3,F_a9AYXx8wNnw7HZo
t073_A.mp3,F_9ffUMbIFtrhXEu0
t073_B.mp3,F_2vSASoUJ76U55Ny
t074_A.mp3,F_uPN8WE6ZoyyA743
t074_B.mp3,F_yzr1FtfrKR8shsi
t075_A.mp3,F_NZQO9nNK07VBKCr
t075_B.mp3,F_y6yFuU4hDpCpK0R
t076_A.mp3,F_U0BnN7MZShc74qu
t076_B.mp3,F_PkYZkIFGew1aHmu
t077_A.mp3,F_aifIPyvloeDUPC8
t077_B.mp3,F_oEzu5p2CAwuBMbl
t078_A.mp3,F_QtqEElhU6e3x4ax
t078_B.mp3,F_PxtpJHeDsQlAYZh
t079_A.mp3,F_2w1hUktGow37Ljb
t079_B.mp3,F_5QKkeXl0I0EVBP9
t080_A.mp3,F_mDVqzOPFFFyGuiQ
t080_B.mp3,F_gaGYJ2n0antfCpm
