stim_0175,"<audio controls preload=""none"" style=""width:100%""><source src=""https://qualtrics.ucl.ac.uk/CP/File.php?F=F_HjMZONgu4vwnBWl"" type=""audio/mpeg""></audio>"
stim_0046,"<audio controls preload=""none"" style=""width:100%""><source src=""https://qualtrics.ucl.ac.uk/CP/File.php?F=F_XrD87nnQnA3Rrz5"" type=""audio/mpeg""></audio>"
stim_0076,"<audio controls preload=""none"" style=""width:100%""><source src=""https://qualtrics.ucl.ac.uk/CP/File.php?F=F_o97HaP3qt3SqBlT"" type=""audio/mpeg""></audio>"
stim_0184,"<audio controls preload=""none"" style=""width:100%""><source src=""https://qualtrics.ucl.ac.uk/CP/File.php?F=F_VQJUPjmDJxXfApC"" type=""audio/mpeg""></audio>"
stim_0139,"<audio controls preload=""none"" style=""width:100%""><source src=""https://qualtrics.ucl.ac.uk/CP/File.php?F=F_X2LLlbixMAUSJ0K"" type=""audio/mpeg""></audio>"
stim_0098,"<audio controls preload=""none"" style=""width:100%""><source src=""https://qualtrics.ucl.ac.uk/CP/File.php?F=F_pradNmEckeMbw4I"" type=""audio/mpeg""></audio>"
stim_0086,"<audio controls preload=""none"" style=""width:100%""><source src=""https://qualtrics.ucl.ac.uk/CP/File.php?F=F_sY0Uo4TnUsZXBAt"" type=""audio/mpeg""></audio>"
stim_0061,"<audio controls preload=""none"" style=""width:100%""><source src=""https://qualtrics.ucl.ac.uk/CP/File.php?F=F_RUWrZavWV71N899"" type=""audio/mpeg""></audio>"
stim_0044,"<audio controls preload=""none"" style=""width:100%""><source src=""https://qualtrics.ucl.ac.uk/CP/File.php?F=F_oui0ypPLnpBQG6D"" type=""audio/mpeg""></audio>"
stim_0140,"<audio controls preload=""none"" style=""width:100%""><source src=""https://qualtrics.ucl.ac.uk/CP/File.php?F=F_NhsFRGXyAJp9CwF"" type=""audio/mpeg""></audio>"
stim_0065,"<audio controls preload=""none"" style=""width:100%""><source src=""https://qualtrics.ucl.ac.uk/CP/File.php?F=F_9mud0v8TF8cVHXx"" type=""audio/mpeg""></audio>"
stim_0063,"<audio controls preload=""none"" style=""width:100%""><source src=""https://qualtrics.ucl.ac.uk/CP/File.php?F=F_Lk47k5K6DtZfLoB"" type=""audio/mpeg""></audio>"
stim_0083,"<audio controls preload=""none"" style=""width:100%""><source src=""https://qualtrics.ucl.ac.uk/CP/File.php?F=F_Xt7ghvvvAl4VX1W"" type=""audio/mpeg""></audio>"
stim_0183,"<audio controls preload=""none"" style=""width:100%""><source src=""https://qualtrics.ucl.ac.uk/CP/File.php?F=F_6g3kFwVUAFvZamc"" type=""audio/mpeg""></audio>"
stim_0124,"<audio controls preload=""none"" style=""width:100%""><source src=""https://qualtrics.ucl.ac.uk/CP/File.php?F=F_8zcm9ceV4hljKy8"" type=""audio/mpeg""></audio>"
stim_0097,"<audio controls preload=""none"" style=""width:100%""><source src=""https://qualtrics.ucl.ac.uk/CP/File.php?F=F_1wQLS1l9MP4EWpw"" type=""audio/mpeg""></audio>"
stim_0092,"<audio controls preload=""none"" style=""width:100%""><source src=""https://qualtrics.ucl.ac.uk/CP/File.php?F=F_nt5188cVFyPhK4L"" type=""audio/mpeg""></audio>"
stim_0058,"<audio controls preload=""none"" style=""width:100%""><source src=""https://qualtrics.ucl.ac.uk/CP/File.php?F=F_RSTBgKNBFyELSxz"" type=""audio/mpeg""></audio>"
stim_0125,"<audio controls preload=""none"" style=""width:100%""><source src=""https://qualtrics.ucl.ac.uk/CP/File.php?F=F_uoeo7YbPYg39Y7B"" type=""audio/mpeg""></audio>"
stim_0081,"<audio controls preload=""none"" style=""width:100%""><source src=""https://qualtrics.ucl.ac.uk/CP/File.php?F=F_oLNN391oyMv4mf7"" type=""audio/mpeg""></audio>"
stim_0115,"<audio controls preload=""none"" style=""width:100%""><source src=""https://qualtrics.ucl.ac.uk/CP/File.php?F=F_iCyYN4Tp9LDKQwQ"" type=""audio/mpeg""></audio>"
stim_0132,"<audio controls preload=""none"" style=""width:100%""><source src=""https://qualtrics.ucl.ac.uk/CP/File.php?F=F_eCLmAnYjRxJU2Ec"" type=""audio/mpeg""></audio>"
stim_0067,"<audio controls preload=""none"" style=""width:100%""><source src=""https://qualtrics.ucl.ac.uk/CP/File.php?F=F_fOzQQ3oGTtWbAo5"" type=""audio/mpeg""></audio>"
stim_0113,"<audio controls preload=""none"" style=""width:100%""><source src=""https://qualtrics.ucl.ac.uk/CP/File.php?F=F_cWE1rDmojDQP9kw"" type=""audio/mpeg""></audio>"
stim_0072,"<audio controls preload=""none"" style=""width:100%""><source src=""https://qualtrics.ucl.ac.uk/CP/File.php?F=F_gPgBoE3EhALVfI3"" type=""audio/mpeg""></audio>"
stim_0106,"<audio controls preload=""none"" style=""width:100%""><source src=""https://qualtrics.ucl.ac.uk/CP/File.php?F=F_bDt5SLQZiTzec8O"" type=""audio/mpeg""></audio>"
stim_0062,"<audio controls preload=""none"" style=""width:100%""><source src=""https://qualtrics.ucl.ac.uk/CP/File.php?F=F_Jw9VjPYRTArO8hT"" type=""audio/mpeg""></audio>"
stim_0182,"<audio controls preload=""none"" style=""width:100%""><source src=""https://qualtrics.ucl.ac.uk/CP/File.php?F=F_pHUWj8Y7wExAdmt"" type=""audio/mpeg""></audio>"
stim_0074,"<audio controls preload=""none"" style=""width:100%""><source src=""https://qualtrics.ucl.ac.uk/CP/File.php?F=F_yBGYVx5PxiuluPZ"" type=""audio/mpeg""></audio>"
stim_0087,"<audio controls preload=""none"" style=""width:100%""><source src=""https://qualtrics.ucl.ac.uk/CP/File.php?F=F_SQB4FAATl9h0Gul"" type=""audio/mpeg""></audio>"
stim_0185,"<audio controls preload=""none"" style=""width:100%""><source src=""https://qualtrics.ucl.ac.uk/CP/File.php?F=F_yuj7yFMiR6T5l1n"" type=""audio/mpeg""></audio>"
stim_0049,"<audio controls preload=""none"" style=""width:100%""><source src=""https://qualtrics.ucl.ac.uk/CP/File.php?F=F_dZbQPgyUrjPJyML"" type=""audio/mpeg""></audio>"
stim_0028,"<audio controls preload=""none"" style=""width:100%""><source src=""https://qualtrics.ucl.ac.uk/CP/File.php?F=F_QaZFkKgq0XhKBxB"" type=""audio/mpeg""></audio>"
stim_0179,"<audio controls preload=""none"" style=""width:100%""><source src=""https://qualtrics.ucl.ac.uk/CP/File.php?F=F_b3PnPmEl5rgDaGU"" type=""audio/mpeg""></audio>"
stim_0068,"<audio controls preload=""none"" style=""width:100%""><source src=""https://qualtrics.ucl.ac.uk/CP/File.php?F=F_hAnIKl0kaYLluC9"" type=""audio/mpeg""></audio>"
stim_0107,"<audio controls preload=""none"" style=""width:100%""><source src=""https://qualtrics.ucl.ac.uk/CP/File.php?F=F_VLdksVL4yas5qjv"" type=""audio/mpeg""></audio>"
stim_0178,"<audio controls preload=""none"" style=""width:100%""><source src=""https://qualtrics.ucl.ac.uk/CP/File.php?F=F_DNxlRaIo5dCDXWY"" type=""audio/mpeg""></audio>"
stim_0007,"<audio controls preload=""none"" style=""width:100%""><source src=""https://qualtrics.ucl.ac.uk/CP/File.php?F=F_t40YMwV6U8ufAiZ"" type=""audio/mpeg""></audio>"
stim_0060,"<audio controls preload=""none"" style=""width:100%""><source src=""https://qualtrics.ucl.ac.uk/CP/File.php?F=F_aFSPZo0YA9XB7Jq"" type=""audio/mpeg""></audio>"
stim_0048,"<audio controls preload=""none"" style=""width:100%""><source src=""https://qualtrics.ucl.ac.uk/CP/File.php?F=F_EBXPIh2yKo5ggYn"" type=""audio/mpeg""></audio>"
stim_0006,"<audio controls preload=""none"" style=""width:100%""><source src=""https://qualtrics.ucl.ac.uk/CP/File.php?F=F_nxTVbVJ5LDoHO5u"" type=""audio/mpeg""></audio>"
stim_0130,"<audio controls preload=""none"" style=""width:100%""><source src=""https://qualtrics.ucl.ac.uk/CP/File.php?F=F_QkmWA6g3iIiNYXu"" type=""audio/mpeg""></audio>"
stim_0121,"<audio controls preload=""none"" style=""width:100%""><source src=""https://qualtrics.ucl.ac.uk/CP/File.php?F=F_rPMrogIo0AGLv90"" type=""audio/mpeg""></audio>"
