t059,"<audio controls preload=""none"" style=""width:100%""><source src=""https://qualtrics.ucl.ac.uk/CP/File.php?F=F_eyqlIS9dn12IwU7"" type=""audio/mpeg""></audio>","<audio controls preload=""none"" style=""width:100%""><source src=""https://qualtrics.ucl.ac.uk/CP/File.php?F=F_LO3XMWkmUlC1X3Q"" type=""audio/mpeg""></audio>"
t034,"<audio controls preload=""none"" style=""width:100%""><source src=""https://qualtrics.ucl.ac.uk/CP/File.php?F=F_oVXMYuzJ0bC4cz7"" type=""audio/mpeg""></audio>","<audio controls preload=""none"" style=""width:100%""><source src=""https://qualtrics.ucl.ac.uk/CP/File.php?F=F_H1ZOVKcsAw8TVUB"" type=""audio/mpeg""></audio>"
t026,"<audio controls preload=""none"" style=""width:100%""><source src=""https://qualtrics.ucl.ac.uk/CP/File.php?F=F_03nl2rur0Ah2JwS"" type=""audio/mpeg""></audio>","<audio controls preload=""none"" style=""width:100%""><source src=""https://qualtrics.ucl.ac.uk/CP/File.php?F=F_9TinEt3KekPLRgt"" type=""audio/mpeg""></audio>"
t048,"<audio controls preload=""none"" style=""width:100%""><source src=""https://qualtrics.ucl.ac.uk/CP/File.php?F=F_P1JCWV7Hci6bri1"" type=""audio/mpeg""></audio>","<audio controls preload=""none"" style=""width:100%""><source src=""https://qualtrics.ucl.ac.uk/CP/File.php?F=F_vzKouFi3UpRyycO"" type=""audio/mpeg""></audio>"
t058,"<audio controls preload=""none"" style=""width:100%""><source src=""https://qualtrics.ucl.ac.uk/CP/File.php?F=F_aslUnnLsVKlvYcw"" type=""audio/mpeg""></audio>","<audio controls preload=""none"" style=""width:100%""><source src=""https://qualtrics.ucl.ac.uk/CP/File.php?F=F_eeTMt9dTI9k134W"" type=""audio/mpeg""></audio>"
t078,"<audio controls preload=""none"" style=""width:100%""><source src=""https://qualtrics.ucl.ac.uk/CP/File.php?F=F_QtqEElhU6e3x4ax"" type=""audio/mpeg""></audio>","<audio controls preload=""none"" style=""width:100%""><source src=""https://qualtrics.ucl.ac.uk/CP/File.php?F=F_PxtpJHeDsQlAYZh"" type=""audio/mpeg""></audio>"
t033,"<audio controls preload=""none"" style=""width:100%""><source src=""https://qualtrics.ucl.ac.uk/CP/File.php?F=F_1AzWSmGfdmLkXy4"" type=""audio/mpeg""></audio>","<audio controls preload=""none"" style=""width:100%""><source src=""https://qualtrics.ucl.ac.uk/CP/File.php?F=F_3LbCjPbkvD9YDMW"" type=""audio/mpeg""></audio>"
t060,"<audio controls preload=""none"" style=""width:100%""><source src=""https://qualtrics.ucl.ac.uk/CP/File.php?F=F_BhhCrSs7TDZMAZf"" type=""audio/mpeg""></audio>","<audio controls preload=""none"" style=""width:100%""><source src=""https://qualtrics.ucl.ac.uk/CP/File.php?F=F_sFyJpDXspU0yHeS"" type=""audio/mpeg""></audio>"
t054,"<audio controls preload=""none"" style=""width:100%""><source src=""https://qualtrics.ucl.ac.uk/CP/File.php?F=F_0HUzEurVaKDFbjL"" type=""audio/mpeg""></audio>","<audio controls preload=""none"" style=""width:100%""><source src=""https://qualtrics.ucl.ac.uk/CP/File.php?F=F_ILLVUOwW7Sdlpei"" type=""audio/mpeg""></audio>"
t068,"<audio controls preload=""none"" style=""width:100%""><source src=""https://qualtrics.ucl.ac.uk/CP/File.php?F=F_aXiSrHmLSKEKOA9"" type=""audio/mpeg""></audio>","<audio controls preload=""none"" style=""width:100%""><source src=""https://qualtrics.ucl.ac.uk/CP/File.php?F=F_XKK6Ai8dtHGsoSH"" type=""audio/mpeg""></audio>"
t007,"<audio controls preload=""none"" style=""width:100%""><source src=""https://qualtrics.ucl.ac.uk/CP/File.php?F=F_G9njm8vXHz4gEex"" type=""audio/mpeg""></audio>","<audio controls preload=""none"" style=""width:100%""><source src=""https://qualtrics.ucl.ac.uk/CP/File.php?F=F_E9WqjgOBP1X9qYv"" type=""audio/mpeg""></audio>"
t070,"<audio controls preload=""none"" style=""width:100%""><source src=""https://qualtrics.ucl.ac.uk/CP/File.php?F=F_tsw26qky0HCiou2"" type=""audio/mpeg""></audio>","<audio controls preload=""none"" style=""width:100%""><source src=""https://qualtrics.ucl.ac.uk/CP/File.php?F=F_H2tLswBRxfmNDuR"" type=""audio/mpeg""></audio>"
t041,"<audio controls preload=""none"" style=""width:100%""><source src=""https://qualtrics.ucl.ac.uk/CP/File.php?F=F_ZVCtAd4WjLL6tHh"" type=""audio/mpeg""></audio>","<audio controls preload=""none"" style=""width:100%""><source src=""https://qualtrics.ucl.ac.uk/CP/File.php?F=F_6BdEGeS5kNdOIcU"" type=""audio/mpeg""></audio>"
t013,"<audio controls preload=""none"" style=""width:100%""><source src=""https://qualtrics.ucl.ac.uk/CP/File.php?F=F_McSrSdPwzhXNcHi"" type=""audio/mpeg""></audio>","<audio controls preload=""none"" style=""width:100%""><source src=""https://qualtrics.ucl.ac.uk/CP/File.php?F=F_oRCdqZ4exRVmGIk"" type=""audio/mpeg""></audio>"
t018,"<audio controls preload=""none"" style=""width:100%""><source src=""https://qualtrics.ucl.ac.uk/CP/File.php?F=F_D9FCFwJWrbTzsZj"" type=""audio/mpeg""></audio>","<audio controls preload=""none"" style=""width:100%""><source src=""https://qualtrics.ucl.ac.uk/CP/File.php?F=F_sa3hVEIfKFRTP9B"" type=""audio/mpeg""></audio>"
t029,"<audio controls preload=""none"" style=""width:100%""><source src=""https://qualtrics.ucl.ac.uk/CP/File.php?F=F_nI4nx1y8p9Lhzhp"" type=""audio/mpeg""></audio>","<audio controls preload=""none"" style=""width:100%""><source src=""https://qualtrics.ucl.ac.uk/CP/File.php?F=F_zzxpXTpSC0vudWw"" type=""audio/mpeg""></audio>"
t025,"<audio controls preload=""none"" style=""width:100%""><source src=""https://qualtrics.ucl.ac.uk/CP/File.php?F=F_ZqYmKlZs2uGYtWI"" type=""audio/mpeg""></audio>","<audio controls preload=""none"" style=""width:100%""><source src=""https://qualtrics.ucl.ac.uk/CP/File.php?F=F_UAfjeawyy81tflE"" type=""audio/mpeg""></audio>"
t035,"<audio controls preload=""none"" style=""width:100%""><source src=""https://qualtrics.ucl.ac.uk/CP/File.php?F=F_fWSq7iIg1OsLq7t"" type=""audio/mpeg""></audio>","<audio controls preload=""none"" style=""width:100%""><source src=""https://qualtrics.ucl.ac.uk/CP/File.php?F=F_qhiBu26ufOGT9FN"" type=""audio/mpeg""></audio>"
t075,"<audio controls preload=""none"" style=""width:100%""><source src=""https://qualtrics.ucl.ac.uk/CP/File.php?F=F_NZQO9nNK07VBKCr"" type=""audio/mpeg""></audio>","<audio controls preload=""none"" style=""width:100%""><source src=""https://qualtrics.ucl.ac.uk/CP/File.php?F=F_y6yFuU4hDpCpK0R"" type=""audio/mpeg""></audio>"
t005,"<audio controls preload=""none"" style=""width:100%""><source src=""https://qualtrics.ucl.ac.uk/CP/File.php?F=F_JaUDcKNrBzkOSfo"" type=""audio/mpeg""></audio>","<audio controls preload=""none"" style=""width:100%""><source src=""https://qualtrics.ucl.ac.uk/CP/File.php?F=F_TfNGKQGgxhJuUcg"" type=""audio/mpeg""></audio>"
t066,"<audio controls preload=""none"" style=""width:100%""><source src=""https://qualtrics.ucl.ac.uk/CP/File.php?F=F_G0m18zpH5amZFxB"" type=""audio/mpeg""></audio>","<audio controls preload=""none"" style=""width:100%""><source src=""https://qualtrics.ucl.ac.uk/CP/File.php?F=F_Bvt3uPy6YSHzmve"" type=""audio/mpeg""></audio>"
t044,"<audio controls preload=""none"" style=""width:100%""><source src=""https://qualtrics.ucl.ac.uk/CP/File.php?F=F_Ys24qUYUSOlq7hD"" type=""audio/mpeg""></audio>","<audio controls preload=""none"" style=""width:100%""><source src=""https://qualtrics.ucl.ac.uk/CP/File.php?F=F_sYha8ou8gLDtxwm"" type=""audio/mpeg""></audio>"
t037,"<audio controls preload=""none"" style=""width:100%""><source src=""https://qualtrics.ucl.ac.uk/CP/File.php?F=F_JWFg1PmNUF5XXV3"" type=""audio/mpeg""></audio>","<audio controls preload=""none"" style=""width:100%""><source src=""https://qualtrics.ucl.ac.uk/CP/File.php?F=F_iZ2HBEvoh4jpPxX"" type=""audio/mpeg""></audio>"
t045,"<audio controls preload=""none"" style=""width:100%""><source src=""https://qualtrics.ucl.ac.uk/CP/File.php?F=F_B1ltoSlRl2TWrkS"" type=""audio/mpeg""></audio>","<audio controls preload=""none"" style=""width:100%""><source src=""https://qualtrics.ucl.ac.uk/CP/File.php?F=F_GrXuLltPZMNogND"" type=""audio/mpeg""></audio>"
