pair_id,source_id,genre,dim_target,perturbation,magnitude,score_H,score_T,score_R
classical_01::control::ctrl,classical_01,classical,control,control,0.0,1.000000,1.000000,1.000000
classical_01::shuffle::shuf_beat,classical_01,classical,S,shuffle,nan,0.999671,0.872727,0.953483
classical_01::shuffle::shuf_bar,classical_01,classical,S,shuffle,nan,0.999967,0.946091,0.956550
classical_01::reverse::rev,classical_01,classical,S,reverse,nan,1.000000,0.999952,0.922116
classical_01::displacement::disp_near,classical_01,classical,S,displacement,2.0,0.933715,0.589818,0.917982
classical_01::displacement::disp_far,classical_01,classical,S,displacement,7.5,0.968548,0.625940,0.910065
classical_02::control::ctrl,classical_02,classical,control,control,0.0,1.000000,1.000000,1.000000
classical_02::shuffle::shuf_beat,classical_02,classical,S,shuffle,nan,0.999472,0.855683,0.850294
classical_02::shuffle::shuf_bar,classical_02,classical,S,shuffle,nan,0.999902,0.951475,0.910461
classical_02::reverse::rev,classical_02,classical,S,reverse,nan,1.000000,0.999946,0.907924
classical_02::displacement::disp_near,classical_02,classical,S,displacement,2.0,0.941210,0.542017,0.874342
classical_02::displacement::disp_far,classical_02,classical,S,displacement,7.5,0.941390,0.550801,0.893493
classical_03::control::ctrl,classical_03,classical,control,control,0.0,1.000000,0.999995,1.000000
classical_03::shuffle::shuf_beat,classical_03,classical,S,shuffle,nan,0.999655,0.921304,0.910322
classical_03::shuffle::shuf_bar,classical_03,classical,S,shuffle,nan,0.999445,0.925267,0.791625
classical_03::reverse::rev,classical_03,classical,S,reverse,nan,1.000000,0.999956,0.831176
classical_03::displacement::disp_near,classical_03,classical,S,displacement,2.0,0.821961,0.445109,0.791977
classical_03::displacement::disp_far,classical_03,classical,S,displacement,7.5,0.770599,0.453553,0.791942
classical_04::control::ctrl,classical_04,classical,control,control,0.0,1.000000,1.000000,1.000000
classical_04::shuffle::shuf_beat,classical_04,classical,S,shuffle,nan,0.998624,0.888974,0.790890
classical_04::shuffle::shuf_bar,classical_04,classical,S,shuffle,nan,0.999327,0.957926,0.834368
classical_04::reverse::rev,classical_04,classical,S,reverse,nan,0.999178,0.999956,0.672210
classical_04::displacement::disp_near,classical_04,classical,S,displacement,2.0,0.971350,0.642707,0.790890
classical_04::displacement::disp_far,classical_04,classical,S,displacement,7.5,0.963363,0.647341,0.790890
classical_05::control::ctrl,classical_05,classical,control,control,0.0,1.000000,1.000000,1.000000
classical_05::shuffle::shuf_beat,classical_05,classical,S,shuffle,nan,0.999440,0.829276,0.736652
classical_05::shuffle::shuf_bar,classical_05,classical,S,shuffle,nan,0.999842,0.905288,0.804702
classical_05::reverse::rev,classical_05,classical,S,reverse,nan,1.000000,0.999923,0.785916
classical_05::displacement::disp_near,classical_05,classical,S,displacement,2.0,0.999057,0.856542,0.865571
classical_05::displacement::disp_far,classical_05,classical,S,displacement,7.5,0.955473,0.638155,0.846417
classical_06::control::ctrl,classical_06,classical,control,control,0.0,1.000000,1.000000,1.000000
classical_06::shuffle::shuf_beat,classical_06,classical,S,shuffle,nan,0.999551,0.947449,0.830190
classical_06::shuffle::shuf_bar,classical_06,classical,S,shuffle,nan,0.999996,0.989325,0.895804
classical_06::reverse::rev,classical_06,classical,S,reverse,nan,1.000000,0.999959,0.872415
classical_06::displacement::disp_near,classical_06,classical,S,displacement,2.0,0.849577,0.360190,0.899945
classical_06::displacement::disp_far,classical_06,classical,S,displacement,7.5,0.724454,0.378907,0.853559
classical_07::control::ctrl,classical_07,classical,control,control,0.0,1.000000,1.000000,1.000000
classical_07::shuffle::shuf_beat,classical_07,classical,S,shuffle,nan,0.999607,0.953446,0.880575
classical_07::shuffle::shuf_bar,classical_07,classical,S,shuffle,nan,0.999981,0.986093,0.853253
classical_07::reverse::rev,classical_07,classical,S,reverse,nan,1.000000,0.999955,0.812829
classical_07::displacement::disp_near,classical_07,classical,S,displacement,2.0,0.949289,0.571258,0.892213
classical_07::displacement::disp_far,classical_07,classical,S,displacement,7.5,0.963709,0.521452,0.892213
classical_08::control::ctrl,classical_08,classical,control,control,0.0,1.000000,1.000000,1.000000
classical_08::shuffle::shuf_beat,classical_08,classical,S,shuffle,nan,0.999147,0.889649,0.897380
classical_08::shuffle::shuf_bar,classical_08,classical,S,shuffle,nan,0.999478,0.885774,0.924282
classical_08::reverse::rev,classical_08,classical,S,reverse,nan,0.999992,0.999742,0.895504
classical_08::displacement::disp_near,classical_08,classical,S,displacement,2.0,0.970874,0.592405,0.899866
classical_08::displacement::disp_far,classical_08,classical,S,displacement,7.5,0.961321,0.581972,0.904917
classical_09::control::ctrl,classical_09,classical,control,control,0.0,1.000000,1.000000,1.000000
classical_09::shuffle::shuf_beat,classical_09,classical,S,shuffle,nan,0.999542,0.961627,0.866235
classical_09::shuffle::shuf_bar,classical_09,classical,S,shuffle,nan,0.999989,0.993556,0.881970
classical_09::reverse::rev,classical_09,classical,S,reverse,nan,1.000000,0.999955,0.739044
classical_09::displacement::disp_near,classical_09,classical,S,displacement,2.0,0.702618,0.510539,0.868340
classical_09::displacement::disp_far,classical_09,classical,S,displacement,7.5,0.620262,0.474748,0.767989
classical_10::control::ctrl,classical_10,classical,control,control,0.0,1.000000,1.000000,1.000000
classical_10::shuffle::shuf_beat,classical_10,classical,S,shuffle,nan,0.998172,0.898375,0.905149
classical_10::shuffle::shuf_bar,classical_10,classical,S,shuffle,nan,0.999918,0.968868,0.938363
classical_10::reverse::rev,classical_10,classical,S,reverse,nan,0.999999,0.999970,0.937879
classical_10::displacement::disp_near,classical_10,classical,S,displacement,2.0,0.894995,0.542668,0.866156
classical_10::displacement::disp_far,classical_10,classical,S,displacement,7.5,0.959272,0.593868,0.864072
classical_11::control::ctrl,classical_11,classical,control,control,0.0,1.000000,0.999999,1.000000
classical_11::shuffle::shuf_beat,classical_11,classical,S,shuffle,nan,0.999251,0.960894,0.879139
classical_11::shuffle::shuf_bar,classical_11,classical,S,shuffle,nan,0.999012,0.963569,0.831285
classical_11::reverse::rev,classical_11,classical,S,reverse,nan,1.000000,0.999972,0.847357
classical_11::displacement::disp_near,classical_11,classical,S,displacement,2.0,0.924258,0.459110,0.911365
classical_11::displacement::disp_far,classical_11,classical,S,displacement,7.5,0.906326,0.536452,0.889117
classical_12::control::ctrl,classical_12,classical,control,control,0.0,1.000000,1.000000,1.000000
classical_12::shuffle::shuf_beat,classical_12,classical,S,shuffle,nan,0.998868,0.878711,0.858522
classical_12::shuffle::shuf_bar,classical_12,classical,S,shuffle,nan,0.998881,0.941767,0.914416
classical_12::reverse::rev,classical_12,classical,S,reverse,nan,0.997573,0.999954,0.892324
classical_12::displacement::disp_near,classical_12,classical,S,displacement,2.0,0.781372,0.728550,0.834480
classical_12::displacement::disp_far,classical_12,classical,S,displacement,7.5,0.728902,0.639793,0.824911
classical_13::control::ctrl,classical_13,classical,control,control,0.0,1.000000,1.000000,1.000000
classical_13::shuffle::shuf_beat,classical_13,classical,S,shuffle,nan,0.999875,0.931883,0.924165
classical_13::shuffle::shuf_bar,classical_13,classical,S,shuffle,nan,0.999937,0.993526,0.916644
classical_13::reverse::rev,classical_13,classical,S,reverse,nan,0.999835,0.999898,0.917068
classical_13::displacement::disp_near,classical_13,classical,S,displacement,2.0,0.804183,0.475223,0.917655
classical_13::displacement::disp_far,classical_13,classical,S,displacement,7.5,0.849529,0.499855,0.922385
classical_14::control::ctrl,classical_14,classical,control,control,0.0,1.000000,1.000000,1.000000
classical_14::shuffle::shuf_beat,classical_14,classical,S,shuffle,nan,0.999785,0.954656,0.822015
classical_14::shuffle::shuf_bar,classical_14,classical,S,shuffle,nan,0.999845,0.984087,0.818350
classical_14::reverse::rev,classical_14,classical,S,reverse,nan,1.000000,0.999953,0.821757
classical_14::displacement::disp_near,classical_14,classical,S,displacement,2.0,0.845258,0.660309,0.657061
classical_14::displacement::disp_far,classical_14,classical,S,displacement,7.5,0.862406,0.641524,0.734378
classical_15::control::ctrl,classical_15,classical,control,control,0.0,1.000000,1.000000,1.000000
classical_15::shuffle::shuf_beat,classical_15,classical,S,shuffle,nan,0.998533,0.941353,0.954385
classical_15::shuffle::shuf_bar,classical_15,classical,S,shuffle,nan,0.999917,0.980897,0.939430
classical_15::reverse::rev,classical_15,classical,S,reverse,nan,0.998790,0.999953,0.958570
classical_15::displacement::disp_near,classical_15,classical,S,displacement,2.0,0.892534,0.512700,0.964821
classical_15::displacement::disp_far,classical_15,classical,S,displacement,7.5,0.889694,0.499997,0.919514
ambient_01::control::ctrl,ambient_01,ambient,control,control,0.0,1.000000,1.000000,1.000000
ambient_01::shuffle::shuf_beat,ambient_01,ambient,S,shuffle,nan,0.999704,0.905018,0.914001
ambient_01::shuffle::shuf_bar,ambient_01,ambient,S,shuffle,nan,0.999994,0.980204,0.913921
ambient_01::reverse::rev,ambient_01,ambient,S,reverse,nan,0.999758,0.999947,0.930429
ambient_01::displacement::disp_near,ambient_01,ambient,S,displacement,2.0,0.996113,0.585181,0.871149
ambient_01::displacement::disp_far,ambient_01,ambient,S,displacement,7.5,0.997555,0.526547,0.902309
ambient_02::control::ctrl,ambient_02,ambient,control,control,0.0,1.000000,1.000000,1.000000
ambient_02::shuffle::shuf_beat,ambient_02,ambient,S,shuffle,nan,0.999564,0.864868,0.373748
ambient_02::shuffle::shuf_bar,ambient_02,ambient,S,shuffle,nan,0.999105,0.931895,0.730498
ambient_02::reverse::rev,ambient_02,ambient,S,reverse,nan,0.999728,0.999958,0.719741
ambient_02::displacement::disp_near,ambient_02,ambient,S,displacement,2.0,0.989727,0.621757,0.727706
ambient_02::displacement::disp_far,ambient_02,ambient,S,displacement,7.5,0.972539,0.660044,0.719741
ambient_03::control::ctrl,ambient_03,ambient,control,control,0.0,1.000000,0.901012,0.999966
ambient_03::shuffle::shuf_beat,ambient_03,ambient,S,shuffle,nan,0.999805,0.894019,0.618274
ambient_03::shuffle::shuf_bar,ambient_03,ambient,S,shuffle,nan,0.999972,0.911274,0.682838
ambient_03::reverse::rev,ambient_03,ambient,S,reverse,nan,1.000000,0.901008,0.749998
ambient_03::displacement::disp_near,ambient_03,ambient,S,displacement,2.0,0.999235,0.786873,0.675854
ambient_03::displacement::disp_far,ambient_03,ambient,S,displacement,7.5,0.995266,0.761495,0.716104
ambient_04::control::ctrl,ambient_04,ambient,control,control,0.0,1.000000,1.000000,1.000000
ambient_04::shuffle::shuf_beat,ambient_04,ambient,S,shuffle,nan,0.999604,0.953484,0.927532
ambient_04::shuffle::shuf_bar,ambient_04,ambient,S,shuffle,nan,0.999703,0.948319,0.939170
ambient_04::reverse::rev,ambient_04,ambient,S,reverse,nan,1.000000,0.999974,0.875917
ambient_04::displacement::disp_near,ambient_04,ambient,S,displacement,2.0,0.803477,0.471616,0.931188
ambient_04::displacement::disp_far,ambient_04,ambient,S,displacement,7.5,0.892988,0.486695,0.916376
ambient_05::control::ctrl,ambient_05,ambient,control,control,0.0,1.000000,1.000000,1.000000
ambient_05::shuffle::shuf_beat,ambient_05,ambient,S,shuffle,nan,0.991991,0.831164,0.942398
ambient_05::shuffle::shuf_bar,ambient_05,ambient,S,shuffle,nan,0.998349,0.905250,0.970436
ambient_05::reverse::rev,ambient_05,ambient,S,reverse,nan,0.998922,0.999942,0.961282
ambient_05::displacement::disp_near,ambient_05,ambient,S,displacement,2.0,0.979451,0.656662,0.953241
ambient_05::displacement::disp_far,ambient_05,ambient,S,displacement,7.5,0.988498,0.646397,0.967553
ambient_06::control::ctrl,ambient_06,ambient,control,control,0.0,1.000000,1.000000,1.000000
ambient_06::shuffle::shuf_beat,ambient_06,ambient,S,shuffle,nan,0.999012,0.823892,0.811405
ambient_06::shuffle::shuf_bar,ambient_06,ambient,S,shuffle,nan,0.999796,0.885580,0.842905
ambient_06::reverse::rev,ambient_06,ambient,S,reverse,nan,0.999674,0.999966,0.859995
ambient_06::displacement::disp_near,ambient_06,ambient,S,displacement,2.0,0.952661,0.580343,0.909451
ambient_06::displacement::disp_far,ambient_06,ambient,S,displacement,7.5,0.958748,0.616917,0.862674
ambient_07::control::ctrl,ambient_07,ambient,control,control,0.0,1.000000,1.000000,1.000000
ambient_07::shuffle::shuf_beat,ambient_07,ambient,S,shuffle,nan,0.998665,0.872191,0.867908
ambient_07::shuffle::shuf_bar,ambient_07,ambient,S,shuffle,nan,0.999899,0.945614,0.921757
ambient_07::reverse::rev,ambient_07,ambient,S,reverse,nan,1.000000,0.999941,0.903241
ambient_07::displacement::disp_near,ambient_07,ambient,S,displacement,2.0,0.936326,0.450331,0.856411
ambient_07::displacement::disp_far,ambient_07,ambient,S,displacement,7.5,0.986790,0.498284,0.861771
ambient_08::control::ctrl,ambient_08,ambient,control,control,0.0,1.000000,1.000000,1.000000
ambient_08::shuffle::shuf_beat,ambient_08,ambient,S,shuffle,nan,0.993620,0.776060,0.974118
ambient_08::shuffle::shuf_bar,ambient_08,ambient,S,shuffle,nan,0.999466,0.862893,0.976623
ambient_08::reverse::rev,ambient_08,ambient,S,reverse,nan,1.000000,0.999961,0.974272
ambient_08::displacement::disp_near,ambient_08,ambient,S,displacement,2.0,0.612178,0.522000,0.968637
ambient_08::displacement::disp_far,ambient_08,ambient,S,displacement,7.5,0.600607,0.469586,0.967753
ambient_09::control::ctrl,ambient_09,ambient,control,control,0.0,1.000000,1.000000,1.000000
ambient_09::shuffle::shuf_beat,ambient_09,ambient,S,shuffle,nan,0.989084,0.882483,0.967251
ambient_09::shuffle::shuf_bar,ambient_09,ambient,S,shuffle,nan,0.999166,0.956812,0.952550
ambient_09::reverse::rev,ambient_09,ambient,S,reverse,nan,0.999997,0.999974,0.939410
ambient_09::displacement::disp_near,ambient_09,ambient,S,displacement,2.0,0.828244,0.515889,0.937560
ambient_09::displacement::disp_far,ambient_09,ambient,S,displacement,7.5,0.903980,0.566569,0.936740
ambient_10::control::ctrl,ambient_10,ambient,control,control,0.0,1.000000,1.000000,1.000000
ambient_10::shuffle::shuf_beat,ambient_10,ambient,S,shuffle,nan,0.998933,0.807640,0.964416
ambient_10::shuffle::shuf_bar,ambient_10,ambient,S,shuffle,nan,0.996776,0.865044,0.961442
ambient_10::reverse::rev,ambient_10,ambient,S,reverse,nan,0.999992,0.999891,0.959201
ambient_10::displacement::disp_near,ambient_10,ambient,S,displacement,2.0,0.983243,0.615441,0.969589
ambient_10::displacement::disp_far,ambient_10,ambient,S,displacement,7.5,0.994495,0.648341,0.957444
ambient_11::control::ctrl,ambient_11,ambient,control,control,0.0,1.000000,1.000000,1.000000
ambient_11::shuffle::shuf_beat,ambient_11,ambient,S,shuffle,nan,0.998832,0.858420,0.835312
ambient_11::shuffle::shuf_bar,ambient_11,ambient,S,shuffle,nan,0.999343,0.944883,0.874388
ambient_11::reverse::rev,ambient_11,ambient,S,reverse,nan,1.000000,0.999954,0.683818
ambient_11::displacement::disp_near,ambient_11,ambient,S,displacement,2.0,0.920276,0.614822,0.714516
ambient_11::displacement::disp_far,ambient_11,ambient,S,displacement,7.5,0.936251,0.481573,0.835676
ambient_12::control::ctrl,ambient_12,ambient,control,control,0.0,1.000000,0.999997,1.000000
ambient_12::shuffle::shuf_beat,ambient_12,ambient,S,shuffle,nan,0.999750,0.905904,0.966207
ambient_12::shuffle::shuf_bar,ambient_12,ambient,S,shuffle,nan,0.999804,0.965630,0.974615
ambient_12::reverse::rev,ambient_12,ambient,S,reverse,nan,0.999954,0.999721,0.970523
ambient_12::displacement::disp_near,ambient_12,ambient,S,displacement,2.0,0.998359,0.792852,0.975199
ambient_12::displacement::disp_far,ambient_12,ambient,S,displacement,7.5,0.996992,0.714661,0.968080
ambient_13::control::ctrl,ambient_13,ambient,control,control,0.0,1.000000,1.000000,1.000000
ambient_13::shuffle::shuf_beat,ambient_13,ambient,S,shuffle,nan,0.995701,0.838943,0.954260
ambient_13::shuffle::shuf_bar,ambient_13,ambient,S,shuffle,nan,0.999679,0.917012,0.941123
ambient_13::reverse::rev,ambient_13,ambient,S,reverse,nan,1.000000,0.999961,0.953687
ambient_13::displacement::disp_near,ambient_13,ambient,S,displacement,2.0,0.891181,0.390363,0.918694
ambient_13::displacement::disp_far,ambient_13,ambient,S,displacement,7.5,0.868641,0.413173,0.914594
ambient_14::control::ctrl,ambient_14,ambient,control,control,0.0,1.000000,1.000000,1.000000
ambient_14::shuffle::shuf_beat,ambient_14,ambient,S,shuffle,nan,0.998854,0.875293,0.939674
ambient_14::shuffle::shuf_bar,ambient_14,ambient,S,shuffle,nan,0.999897,0.957837,0.954831
ambient_14::reverse::rev,ambient_14,ambient,S,reverse,nan,1.000000,0.999976,0.954183
ambient_14::displacement::disp_near,ambient_14,ambient,S,displacement,2.0,0.989396,0.695692,0.955207
ambient_14::displacement::disp_far,ambient_14,ambient,S,displacement,7.5,0.949461,0.574876,0.954633
ambient_15::control::ctrl,ambient_15,ambient,control,control,0.0,1.000000,1.000000,1.000000
ambient_15::shuffle::shuf_beat,ambient_15,ambient,S,shuffle,nan,0.999781,0.936268,0.841697
ambient_15::shuffle::shuf_bar,ambient_15,ambient,S,shuffle,nan,0.999981,0.978582,0.846342
ambient_15::reverse::rev,ambient_15,ambient,S,reverse,nan,1.000000,0.999955,0.851615
ambient_15::displacement::disp_near,ambient_15,ambient,S,displacement,2.0,0.998492,0.689236,0.841697
ambient_15::displacement::disp_far,ambient_15,ambient,S,displacement,7.5,0.968673,0.568741,0.841697
electronic_01::control::ctrl,electronic_01,electronic,control,control,0.0,1.000000,1.000000,1.000000
electronic_01::shuffle::shuf_beat,electronic_01,electronic,S,shuffle,nan,0.999755,0.905717,0.921167
electronic_01::shuffle::shuf_bar,electronic_01,electronic,S,shuffle,nan,0.999961,0.965998,0.945674
electronic_01::reverse::rev,electronic_01,electronic,S,reverse,nan,1.000000,0.999961,0.946869
electronic_01::displacement::disp_near,electronic_01,electronic,S,displacement,2.0,0.983397,0.459335,0.922836
electronic_01::displacement::disp_far,electronic_01,electronic,S,displacement,7.5,0.981097,0.437065,0.933741
electronic_02::control::ctrl,electronic_02,electronic,control,control,0.0,1.000000,0.995529,0.999939
electronic_02::shuffle::shuf_beat,electronic_02,electronic,S,shuffle,nan,0.994486,0.736118,0.743511
electronic_02::shuffle::shuf_bar,electronic_02,electronic,S,shuffle,nan,0.999289,0.846816,0.776169
electronic_02::reverse::rev,electronic_02,electronic,S,reverse,nan,1.000000,0.995550,0.695455
electronic_02::displacement::disp_near,electronic_02,electronic,S,displacement,2.0,0.995761,0.745397,0.814004
electronic_02::displacement::disp_far,electronic_02,electronic,S,displacement,7.5,0.997445,0.683051,0.814004
electronic_03::control::ctrl,electronic_03,electronic,control,control,0.0,1.000000,1.000000,1.000000
electronic_03::shuffle::shuf_beat,electronic_03,electronic,S,shuffle,nan,0.998328,0.937991,0.687538
electronic_03::shuffle::shuf_bar,electronic_03,electronic,S,shuffle,nan,0.999767,0.975959,0.725111
electronic_03::reverse::rev,electronic_03,electronic,S,reverse,nan,0.999944,0.999944,0.742518
electronic_03::displacement::disp_near,electronic_03,electronic,S,displacement,2.0,0.972707,0.615977,0.654741
electronic_03::displacement::disp_far,electronic_03,electronic,S,displacement,7.5,0.974024,0.547794,0.652952
electronic_04::control::ctrl,electronic_04,electronic,control,control,0.0,1.000000,1.000000,1.000000
electronic_04::shuffle::shuf_beat,electronic_04,electronic,S,shuffle,nan,0.993693,0.944197,0.791254
electronic_04::shuffle::shuf_bar,electronic_04,electronic,S,shuffle,nan,0.989162,0.979756,0.831566
electronic_04::reverse::rev,electronic_04,electronic,S,reverse,nan,0.987037,0.999843,0.831566
electronic_04::displacement::disp_near,electronic_04,electronic,S,displacement,2.0,0.971954,0.704212,0.831566
electronic_04::displacement::disp_far,electronic_04,electronic,S,displacement,7.5,0.996929,0.898863,0.831566
electronic_05::control::ctrl,electronic_05,electronic,control,control,0.0,1.000000,1.000000,1.000000
electronic_05::shuffle::shuf_beat,electronic_05,electronic,S,shuffle,nan,0.999223,0.880530,0.666060
electronic_05::shuffle::shuf_bar,electronic_05,electronic,S,shuffle,nan,0.999851,0.961592,0.820013
electronic_05::reverse::rev,electronic_05,electronic,S,reverse,nan,1.000000,0.999889,0.728332
electronic_05::displacement::disp_near,electronic_05,electronic,S,displacement,2.0,0.994039,0.698906,0.728332
electronic_05::displacement::disp_far,electronic_05,electronic,S,displacement,7.5,0.991373,0.668475,0.728332
electronic_06::control::ctrl,electronic_06,electronic,control,control,0.0,1.000000,0.999946,1.000000
electronic_06::shuffle::shuf_beat,electronic_06,electronic,S,shuffle,nan,0.997909,0.927836,0.759306
electronic_06::shuffle::shuf_bar,electronic_06,electronic,S,shuffle,nan,0.997406,0.974569,0.827110
electronic_06::reverse::rev,electronic_06,electronic,S,reverse,nan,0.999999,0.999934,0.780189
electronic_06::displacement::disp_near,electronic_06,electronic,S,displacement,2.0,0.998081,0.654171,0.759306
electronic_06::displacement::disp_far,electronic_06,electronic,S,displacement,7.5,0.976082,0.555129,0.759306
electronic_07::control::ctrl,electronic_07,electronic,control,control,0.0,1.000000,1.000000,1.000000
electronic_07::shuffle::shuf_beat,electronic_07,electronic,S,shuffle,nan,0.999332,0.916824,0.772574
electronic_07::shuffle::shuf_bar,electronic_07,electronic,S,shuffle,nan,0.999869,0.975420,0.772574
electronic_07::reverse::rev,electronic_07,electronic,S,reverse,nan,0.999758,0.999959,0.772574
electronic_07::displacement::disp_near,electronic_07,electronic,S,displacement,2.0,0.951076,0.500543,0.772574
electronic_07::displacement::disp_far,electronic_07,electronic,S,displacement,7.5,0.969039,0.503784,0.772574
electronic_08::control::ctrl,electronic_08,electronic,control,control,0.0,1.000000,1.000000,1.000000
electronic_08::shuffle::shuf_beat,electronic_08,electronic,S,shuffle,nan,0.999002,0.893359,0.722548
electronic_08::shuffle::shuf_bar,electronic_08,electronic,S,shuffle,nan,0.999858,0.948839,0.769446
electronic_08::reverse::rev,electronic_08,electronic,S,reverse,nan,0.999951,0.999925,0.795771
electronic_08::displacement::disp_near,electronic_08,electronic,S,displacement,2.0,0.995372,0.791088,0.769446
electronic_08::displacement::disp_far,electronic_08,electronic,S,displacement,7.5,0.994054,0.692583,0.780564
electronic_09::control::ctrl,electronic_09,electronic,control,control,0.0,1.000000,1.000000,1.000000
electronic_09::shuffle::shuf_beat,electronic_09,electronic,S,shuffle,nan,0.999660,0.920554,0.670622
electronic_09::shuffle::shuf_bar,electronic_09,electronic,S,shuffle,nan,0.999949,0.964565,0.854585
electronic_09::reverse::rev,electronic_09,electronic,S,reverse,nan,0.999368,0.999923,0.690408
electronic_09::displacement::disp_near,electronic_09,electronic,S,displacement,2.0,0.996638,0.703528,0.850881
electronic_09::displacement::disp_far,electronic_09,electronic,S,displacement,7.5,0.998375,0.759076,0.850881
electronic_10::control::ctrl,electronic_10,electronic,control,control,0.0,1.000000,1.000000,1.000000
electronic_10::shuffle::shuf_beat,electronic_10,electronic,S,shuffle,nan,0.998726,0.857675,0.935469
electronic_10::shuffle::shuf_bar,electronic_10,electronic,S,shuffle,nan,0.998239,0.937233,0.923492
electronic_10::reverse::rev,electronic_10,electronic,S,reverse,nan,0.998870,0.999967,0.943150
electronic_10::displacement::disp_near,electronic_10,electronic,S,displacement,2.0,0.969857,0.802355,0.939005
electronic_10::displacement::disp_far,electronic_10,electronic,S,displacement,7.5,0.998304,0.886864,0.950598
electronic_11::control::ctrl,electronic_11,electronic,control,control,0.0,1.000000,1.000000,1.000000
electronic_11::shuffle::shuf_beat,electronic_11,electronic,S,shuffle,nan,0.999800,0.921619,0.659699
electronic_11::shuffle::shuf_bar,electronic_11,electronic,S,shuffle,nan,0.999426,0.966948,0.778823
electronic_11::reverse::rev,electronic_11,electronic,S,reverse,nan,0.999960,0.999972,0.730455
electronic_11::displacement::disp_near,electronic_11,electronic,S,displacement,2.0,0.943657,0.713618,0.811954
electronic_11::displacement::disp_far,electronic_11,electronic,S,displacement,7.5,0.984108,0.535380,0.730455
electronic_12::control::ctrl,electronic_12,electronic,control,control,0.0,1.000000,1.000000,1.000000
electronic_12::shuffle::shuf_beat,electronic_12,electronic,S,shuffle,nan,0.998665,0.902072,0.590960
electronic_12::shuffle::shuf_bar,electronic_12,electronic,S,shuffle,nan,0.999344,0.969423,0.808285
electronic_12::reverse::rev,electronic_12,electronic,S,reverse,nan,0.999999,0.999930,0.671097
electronic_12::displacement::disp_near,electronic_12,electronic,S,displacement,2.0,0.996986,0.633841,0.658675
electronic_12::displacement::disp_far,electronic_12,electronic,S,displacement,7.5,0.978314,0.539543,0.658675
electronic_13::control::ctrl,electronic_13,electronic,control,control,0.0,1.000000,0.992290,0.999997
electronic_13::shuffle::shuf_beat,electronic_13,electronic,S,shuffle,nan,0.999261,0.951291,0.750707
electronic_13::shuffle::shuf_bar,electronic_13,electronic,S,shuffle,nan,0.999513,0.983423,0.805698
electronic_13::reverse::rev,electronic_13,electronic,S,reverse,nan,0.999964,0.992311,0.794399
electronic_13::displacement::disp_near,electronic_13,electronic,S,displacement,2.0,0.999360,0.831771,0.918518
electronic_13::displacement::disp_far,electronic_13,electronic,S,displacement,7.5,0.998456,0.716471,0.709260
electronic_14::control::ctrl,electronic_14,electronic,control,control,0.0,1.000000,1.000000,1.000000
electronic_14::shuffle::shuf_beat,electronic_14,electronic,S,shuffle,nan,0.999600,0.939854,0.740997
electronic_14::shuffle::shuf_bar,electronic_14,electronic,S,shuffle,nan,0.999844,0.983536,0.807201
electronic_14::reverse::rev,electronic_14,electronic,S,reverse,nan,0.999865,0.999930,0.597516
electronic_14::displacement::disp_near,electronic_14,electronic,S,displacement,2.0,0.990891,0.773578,0.804967
electronic_14::displacement::disp_far,electronic_14,electronic,S,displacement,7.5,0.992041,0.808035,0.782820
electronic_15::control::ctrl,electronic_15,electronic,control,control,0.0,1.000000,1.000000,1.000000
electronic_15::shuffle::shuf_beat,electronic_15,electronic,S,shuffle,nan,0.999522,0.820352,0.896111
electronic_15::shuffle::shuf_bar,electronic_15,electronic,S,shuffle,nan,0.999953,0.912141,0.913406
electronic_15::reverse::rev,electronic_15,electronic,S,reverse,nan,1.000000,0.999968,0.911904
electronic_15::displacement::disp_near,electronic_15,electronic,S,displacement,2.0,0.977541,0.623569,0.889593
electronic_15::displacement::disp_far,electronic_15,electronic,S,displacement,7.5,0.982369,0.614944,0.893760
folk_01::control::ctrl,folk_01,folk,control,control,0.0,1.000000,1.000000,1.000000
folk_01::shuffle::shuf_beat,folk_01,folk,S,shuffle,nan,0.999747,0.770614,0.717595
folk_01::shuffle::shuf_bar,folk_01,folk,S,shuffle,nan,0.991176,0.875118,0.843639
folk_01::reverse::rev,folk_01,folk,S,reverse,nan,1.000000,0.999965,0.588440
folk_01::displacement::disp_near,folk_01,folk,S,displacement,2.0,0.993319,0.769987,0.743904
folk_01::displacement::disp_far,folk_01,folk,S,displacement,7.5,0.987622,0.772321,0.743904
folk_02::control::ctrl,folk_02,folk,control,control,0.0,1.000000,1.000000,1.000000
folk_02::shuffle::shuf_beat,folk_02,folk,S,shuffle,nan,0.998420,0.846886,0.914435
folk_02::shuffle::shuf_bar,folk_02,folk,S,shuffle,nan,0.999581,0.921255,0.916207
folk_02::reverse::rev,folk_02,folk,S,reverse,nan,0.992018,0.999942,0.915262
folk_02::displacement::disp_near,folk_02,folk,S,displacement,2.0,0.990893,0.641750,0.926595
folk_02::displacement::disp_far,folk_02,folk,S,displacement,7.5,0.990648,0.643915,0.915262
folk_03::control::ctrl,folk_03,folk,control,control,0.0,1.000000,1.000000,1.000000
folk_03::shuffle::shuf_beat,folk_03,folk,S,shuffle,nan,0.999760,0.946477,0.764135
folk_03::shuffle::shuf_bar,folk_03,folk,S,shuffle,nan,0.999568,0.993390,0.801648
folk_03::reverse::rev,folk_03,folk,S,reverse,nan,1.000000,0.999917,0.775071
folk_03::displacement::disp_near,folk_03,folk,S,displacement,2.0,0.963533,0.653341,0.806056
folk_03::displacement::disp_far,folk_03,folk,S,displacement,7.5,0.983232,0.758768,0.787518
folk_04::control::ctrl,folk_04,folk,control,control,0.0,1.000000,1.000000,1.000000
folk_04::shuffle::shuf_beat,folk_04,folk,S,shuffle,nan,0.998380,0.900116,0.861443
folk_04::shuffle::shuf_bar,folk_04,folk,S,shuffle,nan,0.999238,0.961608,0.925768
folk_04::reverse::rev,folk_04,folk,S,reverse,nan,0.998794,0.999970,0.939377
folk_04::displacement::disp_near,folk_04,folk,S,displacement,2.0,0.972498,0.674876,0.941164
folk_04::displacement::disp_far,folk_04,folk,S,displacement,7.5,0.682991,0.543452,0.927615
folk_05::control::ctrl,folk_05,folk,control,control,0.0,1.000000,1.000000,1.000000
folk_05::shuffle::shuf_beat,folk_05,folk,S,shuffle,nan,0.998879,0.940512,0.901148
folk_05::shuffle::shuf_bar,folk_05,folk,S,shuffle,nan,0.999973,0.988762,0.902237
folk_05::reverse::rev,folk_05,folk,S,reverse,nan,1.000000,0.999968,0.846681
folk_05::displacement::disp_near,folk_05,folk,S,displacement,2.0,0.997082,0.592520,0.846681
folk_05::displacement::disp_far,folk_05,folk,S,displacement,7.5,0.976368,0.478147,0.834982
folk_06::control::ctrl,folk_06,folk,control,control,0.0,1.000000,1.000000,1.000000
folk_06::shuffle::shuf_beat,folk_06,folk,S,shuffle,nan,0.998489,0.912740,0.903984
folk_06::shuffle::shuf_bar,folk_06,folk,S,shuffle,nan,0.999985,0.985065,0.913876
folk_06::reverse::rev,folk_06,folk,S,reverse,nan,0.999998,0.999973,0.876134
folk_06::displacement::disp_near,folk_06,folk,S,displacement,2.0,0.975276,0.565298,0.887814
folk_06::displacement::disp_far,folk_06,folk,S,displacement,7.5,0.949041,0.630135,0.897665
folk_07::control::ctrl,folk_07,folk,control,control,0.0,1.000000,1.000000,1.000000
folk_07::shuffle::shuf_beat,folk_07,folk,S,shuffle,nan,0.999472,0.921178,0.929505
folk_07::shuffle::shuf_bar,folk_07,folk,S,shuffle,nan,0.999796,0.978323,0.909826
folk_07::reverse::rev,folk_07,folk,S,reverse,nan,1.000000,0.999961,0.835747
folk_07::displacement::disp_near,folk_07,folk,S,displacement,2.0,0.916839,0.603354,0.911483
folk_07::displacement::disp_far,folk_07,folk,S,displacement,7.5,0.928804,0.516395,0.835747
folk_08::control::ctrl,folk_08,folk,control,control,0.0,1.000000,1.000000,1.000000
folk_08::shuffle::shuf_beat,folk_08,folk,S,shuffle,nan,0.999270,0.887154,0.741390
folk_08::shuffle::shuf_bar,folk_08,folk,S,shuffle,nan,0.999938,0.960291,0.799447
folk_08::reverse::rev,folk_08,folk,S,reverse,nan,1.000000,0.999968,0.813006
folk_08::displacement::disp_near,folk_08,folk,S,displacement,2.0,0.985591,0.739550,0.789614
folk_08::displacement::disp_far,folk_08,folk,S,displacement,7.5,0.966325,0.584074,0.789614
folk_09::control::ctrl,folk_09,folk,control,control,0.0,1.000000,1.000000,1.000000
folk_09::shuffle::shuf_beat,folk_09,folk,S,shuffle,nan,0.997753,0.877368,0.814924
folk_09::shuffle::shuf_bar,folk_09,folk,S,shuffle,nan,0.999764,0.957421,0.842510
folk_09::reverse::rev,folk_09,folk,S,reverse,nan,0.999605,0.999964,0.814095
folk_09::displacement::disp_near,folk_09,folk,S,displacement,2.0,0.998485,0.764718,0.814095
folk_09::displacement::disp_far,folk_09,folk,S,displacement,7.5,0.996906,0.757144,0.814095
folk_10::control::ctrl,folk_10,folk,control,control,0.0,1.000000,1.000000,1.000000
folk_10::shuffle::shuf_beat,folk_10,folk,S,shuffle,nan,0.999295,0.874573,0.826029
folk_10::shuffle::shuf_bar,folk_10,folk,S,shuffle,nan,0.999259,0.945822,0.837107
folk_10::reverse::rev,folk_10,folk,S,reverse,nan,0.999985,0.999943,0.648688
folk_10::displacement::disp_near,folk_10,folk,S,displacement,2.0,0.998587,0.793269,0.826436
folk_10::displacement::disp_far,folk_10,folk,S,displacement,7.5,0.996734,0.752342,0.826436
folk_11::control::ctrl,folk_11,folk,control,control,0.0,1.000000,1.000000,1.000000
folk_11::shuffle::shuf_beat,folk_11,folk,S,shuffle,nan,0.998315,0.930306,0.940126
folk_11::shuffle::shuf_bar,folk_11,folk,S,shuffle,nan,0.999897,0.987313,0.935241
folk_11::reverse::rev,folk_11,folk,S,reverse,nan,1.000000,0.999911,0.909087
folk_11::displacement::disp_near,folk_11,folk,S,displacement,2.0,0.981170,0.655640,0.863001
folk_11::displacement::disp_far,folk_11,folk,S,displacement,7.5,0.968970,0.637604,0.911680
folk_12::control::ctrl,folk_12,folk,control,control,0.0,1.000000,1.000000,1.000000
folk_12::shuffle::shuf_beat,folk_12,folk,S,shuffle,nan,0.997937,0.943046,0.789611
folk_12::shuffle::shuf_bar,folk_12,folk,S,shuffle,nan,0.999987,0.983440,0.854404
folk_12::reverse::rev,folk_12,folk,S,reverse,nan,0.999998,0.999955,0.820310
folk_12::displacement::disp_near,folk_12,folk,S,displacement,2.0,0.957784,0.563568,0.707843
folk_12::displacement::disp_far,folk_12,folk,S,displacement,7.5,0.935059,0.626203,0.792147
folk_13::control::ctrl,folk_13,folk,control,control,0.0,1.000000,1.000000,1.000000
folk_13::shuffle::shuf_beat,folk_13,folk,S,shuffle,nan,0.996996,0.774624,0.963599
folk_13::shuffle::shuf_bar,folk_13,folk,S,shuffle,nan,0.999439,0.873345,0.972792
folk_13::reverse::rev,folk_13,folk,S,reverse,nan,0.999994,0.999931,0.975763
folk_13::displacement::disp_near,folk_13,folk,S,displacement,2.0,0.986410,0.554126,0.968627
folk_13::displacement::disp_far,folk_13,folk,S,displacement,7.5,0.976721,0.482528,0.961440
folk_14::control::ctrl,folk_14,folk,control,control,0.0,1.000000,1.000000,1.000000
folk_14::shuffle::shuf_beat,folk_14,folk,S,shuffle,nan,0.998951,0.961834,0.954742
folk_14::shuffle::shuf_bar,folk_14,folk,S,shuffle,nan,0.999614,0.989231,0.890607
folk_14::reverse::rev,folk_14,folk,S,reverse,nan,1.000000,0.999968,0.913687
folk_14::displacement::disp_near,folk_14,folk,S,displacement,2.0,0.940828,0.616051,0.910935
folk_14::displacement::disp_far,folk_14,folk,S,displacement,7.5,0.944698,0.656910,0.874988
folk_15::control::ctrl,folk_15,folk,control,control,0.0,1.000000,1.000000,1.000000
folk_15::shuffle::shuf_beat,folk_15,folk,S,shuffle,nan,0.996930,0.966700,0.896110
folk_15::shuffle::shuf_bar,folk_15,folk,S,shuffle,nan,0.998414,0.989309,0.902618
folk_15::reverse::rev,folk_15,folk,S,reverse,nan,0.998953,0.999967,0.896110
folk_15::displacement::disp_near,folk_15,folk,S,displacement,2.0,0.944695,0.632576,0.874977
folk_15::displacement::disp_far,folk_15,folk,S,displacement,7.5,0.944973,0.626684,0.896110
jazz_01::control::ctrl,jazz_01,jazz,control,control,0.0,1.000000,1.000000,1.000000
jazz_01::shuffle::shuf_beat,jazz_01,jazz,S,shuffle,nan,0.999075,0.905155,0.807358
jazz_01::shuffle::shuf_bar,jazz_01,jazz,S,shuffle,nan,0.999799,0.966814,0.795613
jazz_01::reverse::rev,jazz_01,jazz,S,reverse,nan,0.999382,0.999950,0.555203
jazz_01::displacement::disp_near,jazz_01,jazz,S,displacement,2.0,0.976137,0.838624,0.830673
jazz_01::displacement::disp_far,jazz_01,jazz,S,displacement,7.5,0.996824,0.864725,0.843829
jazz_02::control::ctrl,jazz_02,jazz,control,control,0.0,1.000000,1.000000,1.000000
jazz_02::shuffle::shuf_beat,jazz_02,jazz,S,shuffle,nan,0.999454,0.914653,0.741124
jazz_02::shuffle::shuf_bar,jazz_02,jazz,S,shuffle,nan,0.999594,0.967987,0.803654
jazz_02::reverse::rev,jazz_02,jazz,S,reverse,nan,0.999553,0.999920,0.800433
jazz_02::displacement::disp_near,jazz_02,jazz,S,displacement,2.0,0.998278,0.702126,0.799779
jazz_02::displacement::disp_far,jazz_02,jazz,S,displacement,7.5,0.998181,0.669081,0.857748
jazz_03::control::ctrl,jazz_03,jazz,control,control,0.0,1.000000,1.000000,1.000000
jazz_03::shuffle::shuf_beat,jazz_03,jazz,S,shuffle,nan,0.999447,0.914177,0.792152
jazz_03::shuffle::shuf_bar,jazz_03,jazz,S,shuffle,nan,0.999858,0.970803,0.834100
jazz_03::reverse::rev,jazz_03,jazz,S,reverse,nan,1.000000,0.999956,0.827285
jazz_03::displacement::disp_near,jazz_03,jazz,S,displacement,2.0,0.995183,0.732043,0.827285
jazz_03::displacement::disp_far,jazz_03,jazz,S,displacement,7.5,0.985205,0.757381,0.827285
jazz_04::control::ctrl,jazz_04,jazz,control,control,0.0,1.000000,1.000000,1.000000
jazz_04::shuffle::shuf_beat,jazz_04,jazz,S,shuffle,nan,0.993509,0.932676,0.693180
jazz_04::shuffle::shuf_bar,jazz_04,jazz,S,shuffle,nan,0.998919,0.978206,0.796399
jazz_04::reverse::rev,jazz_04,jazz,S,reverse,nan,0.999950,0.999956,0.772071
jazz_04::displacement::disp_near,jazz_04,jazz,S,displacement,2.0,0.936288,0.607658,0.772071
jazz_04::displacement::disp_far,jazz_04,jazz,S,displacement,7.5,0.888429,0.467684,0.473097
jazz_05::control::ctrl,jazz_05,jazz,control,control,0.0,1.000000,1.000000,1.000000
jazz_05::shuffle::shuf_beat,jazz_05,jazz,S,shuffle,nan,0.999660,0.970083,0.884489
jazz_05::shuffle::shuf_bar,jazz_05,jazz,S,shuffle,nan,0.999947,0.982690,0.884489
jazz_05::reverse::rev,jazz_05,jazz,S,reverse,nan,1.000000,0.999971,0.891677
jazz_05::displacement::disp_near,jazz_05,jazz,S,displacement,2.0,0.773261,0.443737,0.790221
jazz_05::displacement::disp_far,jazz_05,jazz,S,displacement,7.5,0.871341,0.508717,0.837938
jazz_06::control::ctrl,jazz_06,jazz,control,control,0.0,1.000000,1.000000,1.000000
jazz_06::shuffle::shuf_beat,jazz_06,jazz,S,shuffle,nan,0.998990,0.951812,0.710447
jazz_06::shuffle::shuf_bar,jazz_06,jazz,S,shuffle,nan,0.999886,0.983387,0.710447
jazz_06::reverse::rev,jazz_06,jazz,S,reverse,nan,0.999996,0.999951,0.793144
jazz_06::displacement::disp_near,jazz_06,jazz,S,displacement,2.0,0.996415,0.752204,0.791605
jazz_06::displacement::disp_far,jazz_06,jazz,S,displacement,7.5,0.954825,0.630413,0.759527
jazz_07::control::ctrl,jazz_07,jazz,control,control,0.0,1.000000,1.000000,1.000000
jazz_07::shuffle::shuf_beat,jazz_07,jazz,S,shuffle,nan,0.999817,0.907675,0.872223
jazz_07::shuffle::shuf_bar,jazz_07,jazz,S,shuffle,nan,0.999948,0.972822,0.707134
jazz_07::reverse::rev,jazz_07,jazz,S,reverse,nan,1.000000,0.999971,0.842302
jazz_07::displacement::disp_near,jazz_07,jazz,S,displacement,2.0,0.995657,0.660203,0.701735
jazz_07::displacement::disp_far,jazz_07,jazz,S,displacement,7.5,0.992287,0.591221,0.701735
jazz_08::control::ctrl,jazz_08,jazz,control,control,0.0,1.000000,1.000000,1.000000
jazz_08::shuffle::shuf_beat,jazz_08,jazz,S,shuffle,nan,0.999384,0.938920,0.869761
jazz_08::shuffle::shuf_bar,jazz_08,jazz,S,shuffle,nan,0.999745,0.983304,0.842595
jazz_08::reverse::rev,jazz_08,jazz,S,reverse,nan,0.999999,0.999970,0.705379
jazz_08::displacement::disp_near,jazz_08,jazz,S,displacement,2.0,0.938450,0.574089,0.822965
jazz_08::displacement::disp_far,jazz_08,jazz,S,displacement,7.5,0.876697,0.614643,0.842595
jazz_09::control::ctrl,jazz_09,jazz,control,control,0.0,1.000000,1.000000,1.000000
jazz_09::shuffle::shuf_beat,jazz_09,jazz,S,shuffle,nan,0.999827,0.870882,0.949890
jazz_09::shuffle::shuf_bar,jazz_09,jazz,S,shuffle,nan,0.999790,0.949782,0.963220
jazz_09::reverse::rev,jazz_09,jazz,S,reverse,nan,0.999814,0.999917,0.966211
jazz_09::displacement::disp_near,jazz_09,jazz,S,displacement,2.0,0.996119,0.778763,0.955728
jazz_09::displacement::disp_far,jazz_09,jazz,S,displacement,7.5,0.986684,0.717654,0.940650
jazz_10::control::ctrl,jazz_10,jazz,control,control,0.0,1.000000,1.000000,1.000000
jazz_10::shuffle::shuf_beat,jazz_10,jazz,S,shuffle,nan,0.999660,0.944419,0.781429
jazz_10::shuffle::shuf_bar,jazz_10,jazz,S,shuffle,nan,0.999949,0.986687,0.812674
jazz_10::reverse::rev,jazz_10,jazz,S,reverse,nan,1.000000,0.999915,0.581918
jazz_10::displacement::disp_near,jazz_10,jazz,S,displacement,2.0,0.997106,0.801537,0.796947
jazz_10::displacement::disp_far,jazz_10,jazz,S,displacement,7.5,0.987830,0.715342,0.779930
jazz_11::control::ctrl,jazz_11,jazz,control,control,0.0,1.000000,1.000000,1.000000
jazz_11::shuffle::shuf_beat,jazz_11,jazz,S,shuffle,nan,0.999566,0.889228,0.756951
jazz_11::shuffle::shuf_bar,jazz_11,jazz,S,shuffle,nan,0.999946,0.962199,0.800767
jazz_11::reverse::rev,jazz_11,jazz,S,reverse,nan,0.999992,0.999961,0.859743
jazz_11::displacement::disp_near,jazz_11,jazz,S,displacement,2.0,0.988998,0.699963,0.757822
jazz_11::displacement::disp_far,jazz_11,jazz,S,displacement,7.5,0.976549,0.648632,0.719757
jazz_12::control::ctrl,jazz_12,jazz,control,control,0.0,1.000000,1.000000,1.000000
jazz_12::shuffle::shuf_beat,jazz_12,jazz,S,shuffle,nan,0.998670,0.880871,0.668908
jazz_12::shuffle::shuf_bar,jazz_12,jazz,S,shuffle,nan,0.999826,0.956090,0.668908
jazz_12::reverse::rev,jazz_12,jazz,S,reverse,nan,1.000000,0.999920,0.739093
jazz_12::displacement::disp_near,jazz_12,jazz,S,displacement,2.0,0.980453,0.488544,0.739093
jazz_12::displacement::disp_far,jazz_12,jazz,S,displacement,7.5,0.968537,0.532162,0.739093
jazz_13::control::ctrl,jazz_13,jazz,control,control,0.0,1.000000,1.000000,1.000000
jazz_13::shuffle::shuf_beat,jazz_13,jazz,S,shuffle,nan,0.999741,0.910425,0.713306
jazz_13::shuffle::shuf_bar,jazz_13,jazz,S,shuffle,nan,0.999928,0.967008,0.760301
jazz_13::reverse::rev,jazz_13,jazz,S,reverse,nan,1.000000,0.999967,0.826313
jazz_13::displacement::disp_near,jazz_13,jazz,S,displacement,2.0,0.983145,0.665651,0.795906
jazz_13::displacement::disp_far,jazz_13,jazz,S,displacement,7.5,0.992318,0.675291,0.760301
jazz_14::control::ctrl,jazz_14,jazz,control,control,0.0,1.000000,0.999890,1.000000
jazz_14::shuffle::shuf_beat,jazz_14,jazz,S,shuffle,nan,0.999544,0.958814,0.926411
jazz_14::shuffle::shuf_bar,jazz_14,jazz,S,shuffle,nan,0.999688,0.986498,0.955539
jazz_14::reverse::rev,jazz_14,jazz,S,reverse,nan,0.999917,0.999870,0.885682
jazz_14::displacement::disp_near,jazz_14,jazz,S,displacement,2.0,0.976588,0.618672,0.917317
jazz_14::displacement::disp_far,jazz_14,jazz,S,displacement,7.5,0.992860,0.585929,0.919538
jazz_15::control::ctrl,jazz_15,jazz,control,control,0.0,1.000000,1.000000,1.000000
jazz_15::shuffle::shuf_beat,jazz_15,jazz,S,shuffle,nan,0.999771,0.955035,0.826989
jazz_15::shuffle::shuf_bar,jazz_15,jazz,S,shuffle,nan,0.999994,0.980210,0.809890
jazz_15::reverse::rev,jazz_15,jazz,S,reverse,nan,1.000000,0.999916,0.813985
jazz_15::displacement::disp_near,jazz_15,jazz,S,displacement,2.0,0.912596,0.634926,0.787525
jazz_15::displacement::disp_far,jazz_15,jazz,S,displacement,7.5,0.959956,0.702396,0.795697
rock_01::control::ctrl,rock_01,rock,control,control,0.0,1.000000,0.999950,1.000000
rock_01::shuffle::shuf_beat,rock_01,rock,S,shuffle,nan,0.999337,0.873428,0.765644
rock_01::shuffle::shuf_bar,rock_01,rock,S,shuffle,nan,0.999513,0.938572,0.845307
rock_01::reverse::rev,rock_01,rock,S,reverse,nan,1.000000,0.999939,0.802910
rock_01::displacement::disp_near,rock_01,rock,S,displacement,2.0,0.961677,0.705101,0.829684
rock_01::displacement::disp_far,rock_01,rock,S,displacement,7.5,0.984846,0.620440,0.829684
rock_02::control::ctrl,rock_02,rock,control,control,0.0,1.000000,1.000000,1.000000
rock_02::shuffle::shuf_beat,rock_02,rock,S,shuffle,nan,0.999423,0.852821,0.808475
rock_02::shuffle::shuf_bar,rock_02,rock,S,shuffle,nan,0.999616,0.928832,0.852375
rock_02::reverse::rev,rock_02,rock,S,reverse,nan,1.000000,0.999877,0.818350
rock_02::displacement::disp_near,rock_02,rock,S,displacement,2.0,0.981044,0.713163,0.539336
rock_02::displacement::disp_far,rock_02,rock,S,displacement,7.5,0.950018,0.601612,0.539336
rock_03::control::ctrl,rock_03,rock,control,control,0.0,0.999960,0.937734,0.999882
rock_03::shuffle::shuf_beat,rock_03,rock,S,shuffle,nan,0.999582,0.869224,0.764405
rock_03::shuffle::shuf_bar,rock_03,rock,S,shuffle,nan,0.999789,0.932821,0.536949
rock_03::reverse::rev,rock_03,rock,S,reverse,nan,0.998365,0.937599,0.532454
rock_03::displacement::disp_near,rock_03,rock,S,displacement,2.0,0.999038,0.640028,0.803885
rock_03::displacement::disp_far,rock_03,rock,S,displacement,7.5,0.998601,0.601170,0.764405
rock_04::control::ctrl,rock_04,rock,control,control,0.0,1.000000,1.000000,1.000000
rock_04::shuffle::shuf_beat,rock_04,rock,S,shuffle,nan,0.999865,0.809426,0.547275
rock_04::shuffle::shuf_bar,rock_04,rock,S,shuffle,nan,0.999966,0.905052,0.809405
rock_04::reverse::rev,rock_04,rock,S,reverse,nan,0.999996,0.999902,0.611512
rock_04::displacement::disp_near,rock_04,rock,S,displacement,2.0,0.986578,0.804001,0.820309
rock_04::displacement::disp_far,rock_04,rock,S,displacement,7.5,0.981098,0.788996,0.758134
rock_05::control::ctrl,rock_05,rock,control,control,0.0,1.000000,1.000000,1.000000
rock_05::shuffle::shuf_beat,rock_05,rock,S,shuffle,nan,0.998489,0.884761,0.825142
rock_05::shuffle::shuf_bar,rock_05,rock,S,shuffle,nan,0.999280,0.958427,0.822070
rock_05::reverse::rev,rock_05,rock,S,reverse,nan,0.999967,0.999964,0.805226
rock_05::displacement::disp_near,rock_05,rock,S,displacement,2.0,0.995351,0.717336,0.805226
rock_05::displacement::disp_far,rock_05,rock,S,displacement,7.5,0.991978,0.661905,0.805226
rock_06::control::ctrl,rock_06,rock,control,control,0.0,1.000000,1.000000,1.000000
rock_06::shuffle::shuf_beat,rock_06,rock,S,shuffle,nan,0.999566,0.820606,0.767883
rock_06::shuffle::shuf_bar,rock_06,rock,S,shuffle,nan,0.999931,0.915896,0.773781
rock_06::reverse::rev,rock_06,rock,S,reverse,nan,1.000000,0.999840,0.803637
rock_06::displacement::disp_near,rock_06,rock,S,displacement,2.0,0.989375,0.803998,0.803637
rock_06::displacement::disp_far,rock_06,rock,S,displacement,7.5,0.994734,0.784731,0.756640
rock_07::control::ctrl,rock_07,rock,control,control,0.0,1.000000,1.000000,1.000000
rock_07::shuffle::shuf_beat,rock_07,rock,S,shuffle,nan,0.994916,0.901350,0.823136
rock_07::shuffle::shuf_bar,rock_07,rock,S,shuffle,nan,0.999574,0.958138,0.868300
rock_07::reverse::rev,rock_07,rock,S,reverse,nan,1.000000,0.999691,0.848655
rock_07::displacement::disp_near,rock_07,rock,S,displacement,2.0,0.949733,0.508468,0.848655
rock_07::displacement::disp_far,rock_07,rock,S,displacement,7.5,0.905440,0.462265,0.849519
rock_08::control::ctrl,rock_08,rock,control,control,0.0,1.000000,1.000000,1.000000
rock_08::shuffle::shuf_beat,rock_08,rock,S,shuffle,nan,0.998550,0.788481,0.875146
rock_08::shuffle::shuf_bar,rock_08,rock,S,shuffle,nan,0.999917,0.891220,0.861323
rock_08::reverse::rev,rock_08,rock,S,reverse,nan,0.998435,0.999954,0.866350
rock_08::displacement::disp_near,rock_08,rock,S,displacement,2.0,0.966702,0.750649,0.834621
rock_08::displacement::disp_far,rock_08,rock,S,displacement,7.5,0.967725,0.709863,0.878473
rock_09::control::ctrl,rock_09,rock,control,control,0.0,1.000000,1.000000,1.000000
rock_09::shuffle::shuf_beat,rock_09,rock,S,shuffle,nan,0.998495,0.859129,0.908243
rock_09::shuffle::shuf_bar,rock_09,rock,S,shuffle,nan,0.998804,0.933264,0.925331
rock_09::reverse::rev,rock_09,rock,S,reverse,nan,0.998803,0.999910,0.912685
rock_09::displacement::disp_near,rock_09,rock,S,displacement,2.0,0.994095,0.692943,0.914146
rock_09::displacement::disp_far,rock_09,rock,S,displacement,7.5,0.995123,0.718526,0.881832
rock_10::control::ctrl,rock_10,rock,control,control,0.0,1.000000,1.000000,1.000000
rock_10::shuffle::shuf_beat,rock_10,rock,S,shuffle,nan,0.999716,0.924416,0.860844
rock_10::shuffle::shuf_bar,rock_10,rock,S,shuffle,nan,0.999806,0.972193,0.876297
rock_10::reverse::rev,rock_10,rock,S,reverse,nan,0.999998,0.999958,0.704772
rock_10::displacement::disp_near,rock_10,rock,S,displacement,2.0,0.981800,0.756208,0.686812
rock_10::displacement::disp_far,rock_10,rock,S,displacement,7.5,0.974246,0.654665,0.682516
rock_11::control::ctrl,rock_11,rock,control,control,0.0,1.000000,0.996864,0.999989
rock_11::shuffle::shuf_beat,rock_11,rock,S,shuffle,nan,0.999454,0.880956,0.567008
rock_11::shuffle::shuf_bar,rock_11,rock,S,shuffle,nan,0.997074,0.955150,0.612950
rock_11::reverse::rev,rock_11,rock,S,reverse,nan,0.999971,0.996890,0.795019
rock_11::displacement::disp_near,rock_11,rock,S,displacement,2.0,0.985803,0.769299,0.783593
rock_11::displacement::disp_far,rock_11,rock,S,displacement,7.5,0.985929,0.581983,0.738981
rock_12::control::ctrl,rock_12,rock,control,control,0.0,1.000000,1.000000,1.000000
rock_12::shuffle::shuf_beat,rock_12,rock,S,shuffle,nan,0.999384,0.877240,0.829811
rock_12::shuffle::shuf_bar,rock_12,rock,S,shuffle,nan,0.999973,0.951920,0.841268
rock_12::reverse::rev,rock_12,rock,S,reverse,nan,0.999952,0.999920,0.840752
rock_12::displacement::disp_near,rock_12,rock,S,displacement,2.0,0.978549,0.682228,0.900643
rock_12::displacement::disp_far,rock_12,rock,S,displacement,7.5,0.954696,0.532954,0.814785
rock_13::control::ctrl,rock_13,rock,control,control,0.0,1.000000,1.000000,1.000000
rock_13::shuffle::shuf_beat,rock_13,rock,S,shuffle,nan,0.999349,0.898766,0.818403
rock_13::shuffle::shuf_bar,rock_13,rock,S,shuffle,nan,0.999942,0.963367,0.872063
rock_13::reverse::rev,rock_13,rock,S,reverse,nan,1.000000,0.999912,0.887149
rock_13::displacement::disp_near,rock_13,rock,S,displacement,2.0,0.998359,0.697537,0.856362
rock_13::displacement::disp_far,rock_13,rock,S,displacement,7.5,0.991845,0.659257,0.847968
rock_14::control::ctrl,rock_14,rock,control,control,0.0,1.000000,0.991346,0.999852
rock_14::shuffle::shuf_beat,rock_14,rock,S,shuffle,nan,0.999863,0.805534,0.888650
rock_14::shuffle::shuf_bar,rock_14,rock,S,shuffle,nan,0.999629,0.908197,0.914216
rock_14::reverse::rev,rock_14,rock,S,reverse,nan,1.000000,0.991369,0.847960
rock_14::displacement::disp_near,rock_14,rock,S,displacement,2.0,0.942216,0.530411,0.911291
rock_14::displacement::disp_far,rock_14,rock,S,displacement,7.5,0.979871,0.423063,0.910048
rock_15::control::ctrl,rock_15,rock,control,control,0.0,1.000000,1.000000,1.000000
rock_15::shuffle::shuf_beat,rock_15,rock,S,shuffle,nan,0.999094,0.827212,0.748833
rock_15::shuffle::shuf_bar,rock_15,rock,S,shuffle,nan,0.999758,0.914852,0.876161
rock_15::reverse::rev,rock_15,rock,S,reverse,nan,1.000000,0.999966,0.848927
rock_15::displacement::disp_near,rock_15,rock,S,displacement,2.0,0.983131,0.784522,0.852288
rock_15::displacement::disp_far,rock_15,rock,S,displacement,7.5,0.988092,0.764004,0.729963
