pair_id,source_id,genre,dim_target,perturbation,magnitude,score_H,score_T,score_R,score_S
classical_01::time_stretch::-20pct,classical_01,classical,R,time_stretch,-20.0,0.992700,0.832874,0.899010,0.677054
classical_01::lowpass::lp8000,classical_01,classical,T,lowpass,8000.0,1.000000,0.769588,0.998931,0.702932
classical_01::style_swap::swap_cross,classical_01,classical,S,style_swap,nan,0.752344,0.368767,0.923001,0.176412
classical_02::pitch_shift::+2st,classical_02,classical,H,pitch_shift,2.0,0.853691,0.668537,0.987932,0.441408
classical_02::time_stretch::-5pct,classical_02,classical,R,time_stretch,-5.0,0.987616,0.887476,0.871704,0.506985
classical_02::distortion::drv32,classical_02,classical,T,distortion,32.0,0.999584,0.700835,0.991625,0.470777
classical_03::time_stretch::-10pct,classical_03,classical,R,time_stretch,-10.0,0.998640,0.827331,0.911539,0.584044
classical_03::time_stretch::+10pct,classical_03,classical,R,time_stretch,10.0,0.995055,0.823081,0.795428,0.620597
classical_03::lowpass::lp4000,classical_03,classical,T,lowpass,4000.0,1.000000,0.972752,0.999907,0.598615
classical_04::pitch_shift::-4st,classical_04,classical,H,pitch_shift,-4.0,0.869044,0.510307,0.836366,0.357573
classical_04::time_stretch::-20pct,classical_04,classical,R,time_stretch,-20.0,0.990022,0.810012,0.768752,0.537521
classical_04::lowpass::lp8000,classical_04,classical,T,lowpass,8000.0,0.997413,0.502134,0.997216,0.507775
classical_05::pitch_shift::-1st,classical_05,classical,H,pitch_shift,-1.0,0.741797,0.775013,0.993046,0.434098
classical_05::pitch_shift::+4st,classical_05,classical,H,pitch_shift,4.0,0.782209,0.541134,0.971788,0.302900
classical_06::lowpass::lp4000,classical_06,classical,T,lowpass,4000.0,0.998771,0.490043,0.957920,0.241743
classical_06::style_swap::swap_cross,classical_06,classical,S,style_swap,nan,0.792884,0.419755,0.816154,0.237341
classical_07::control::ctrl,classical_07,classical,control,control,0.0,1.000000,1.000000,1.000000,0.446105
classical_07::pitch_shift::+1st,classical_07,classical,H,pitch_shift,1.0,0.600514,0.763957,0.996124,0.297539
classical_07::time_stretch::-5pct,classical_07,classical,R,time_stretch,-5.0,0.998958,0.913179,0.764064,0.431593
classical_08::control::ctrl,classical_08,classical,control,control,0.0,1.000000,0.999999,1.000000,0.655191
classical_08::pitch_shift::+1st,classical_08,classical,H,pitch_shift,1.0,0.518705,0.724380,0.978514,0.575449
classical_08::time_stretch::+20pct,classical_08,classical,R,time_stretch,20.0,0.995619,0.858115,0.902028,0.612793
classical_09::time_stretch::-10pct,classical_09,classical,R,time_stretch,-10.0,0.996058,0.879424,0.826647,0.392878
classical_09::lowpass::lp2000,classical_09,classical,T,lowpass,2000.0,0.999938,0.493333,0.997980,0.347230
classical_10::pitch_shift::-2st,classical_10,classical,H,pitch_shift,-2.0,0.398501,0.717309,0.998499,0.438344
classical_10::time_stretch::+5pct,classical_10,classical,R,time_stretch,5.0,0.998959,0.921803,0.822893,0.538598
classical_10::lowpass::lp2000,classical_10,classical,T,lowpass,2000.0,0.999695,0.523815,0.895710,0.437991
classical_11::pitch_shift::-2st,classical_11,classical,H,pitch_shift,-2.0,0.642655,0.659545,0.975134,0.476390
classical_11::time_stretch::+20pct,classical_11,classical,R,time_stretch,20.0,0.994651,0.840143,0.891559,0.529224
classical_11::distortion::drv12,classical_11,classical,T,distortion,12.0,0.999528,0.677214,0.926972,0.492230
classical_12::pitch_shift::-4st,classical_12,classical,H,pitch_shift,-4.0,0.582538,0.561240,0.989128,0.574395
classical_12::time_stretch::+5pct,classical_12,classical,R,time_stretch,5.0,0.996357,0.818449,0.887994,0.581581
classical_12::distortion::drv4,classical_12,classical,T,distortion,4.0,0.999976,0.911601,0.999164,0.553816
classical_13::pitch_shift::+4st,classical_13,classical,H,pitch_shift,4.0,0.940872,0.510135,0.953590,0.383715
classical_13::distortion::drv12,classical_13,classical,T,distortion,12.0,0.999149,0.874491,0.999662,0.381545
classical_14::pitch_shift::+2st,classical_14,classical,H,pitch_shift,2.0,0.847323,0.701918,0.994254,0.531120
classical_14::time_stretch::+10pct,classical_14,classical,R,time_stretch,10.0,0.995918,0.877451,0.788686,0.583598
classical_14::distortion::drv4,classical_14,classical,T,distortion,4.0,0.999901,0.732630,0.996008,0.446074
classical_15::pitch_shift::-1st,classical_15,classical,H,pitch_shift,-1.0,0.980375,0.796266,0.980046,0.530666
classical_15::distortion::drv32,classical_15,classical,T,distortion,32.0,0.999995,0.795471,0.984163,0.430897
ambient_01::pitch_shift::+4st,ambient_01,ambient,H,pitch_shift,4.0,0.990242,0.554156,0.977953,0.387655
ambient_01::time_stretch::-20pct,ambient_01,ambient,R,time_stretch,-20.0,0.996081,0.854459,0.940198,0.419180
ambient_01::lowpass::lp4000,ambient_01,ambient,T,lowpass,4000.0,0.999705,0.420645,0.976311,0.432117
ambient_02::pitch_shift::-1st,ambient_02,ambient,H,pitch_shift,-1.0,0.980168,0.863342,0.965930,0.260561
ambient_02::time_stretch::-5pct,ambient_02,ambient,R,time_stretch,-5.0,0.998109,0.905995,0.680434,0.241740
ambient_02::lowpass::lp8000,ambient_02,ambient,T,lowpass,8000.0,0.999909,0.730702,0.997834,0.287157
ambient_03::pitch_shift::+2st,ambient_03,ambient,H,pitch_shift,2.0,0.964597,0.791860,0.986558,0.468793
ambient_03::distortion::drv12,ambient_03,ambient,T,distortion,12.0,0.998971,0.482798,0.974375,0.329145
ambient_04::pitch_shift::-1st,ambient_04,ambient,H,pitch_shift,-1.0,0.624931,0.703136,0.980484,0.417977
ambient_04::time_stretch::+5pct,ambient_04,ambient,R,time_stretch,5.0,0.998667,0.859665,0.947555,0.455716
ambient_04::style_swap::swap_cross,ambient_04,ambient,S,style_swap,nan,0.808082,0.365466,0.902280,0.222272
ambient_05::control::ctrl,ambient_05,ambient,control,control,0.0,1.000000,1.000000,1.000000,0.477227
ambient_05::pitch_shift::+4st,ambient_05,ambient,H,pitch_shift,4.0,0.709007,0.610169,0.972436,0.378695
ambient_06::pitch_shift::+2st,ambient_06,ambient,H,pitch_shift,2.0,0.918250,0.638247,0.979534,0.468557
ambient_06::time_stretch::+20pct,ambient_06,ambient,R,time_stretch,20.0,0.997393,0.858057,0.544828,0.575818
ambient_06::lowpass::lp4000,ambient_06,ambient,T,lowpass,4000.0,0.999962,0.437038,0.706214,0.484680
ambient_07::pitch_shift::-2st,ambient_07,ambient,H,pitch_shift,-2.0,0.475544,0.693452,0.995526,0.522512
ambient_07::time_stretch::+10pct,ambient_07,ambient,R,time_stretch,10.0,0.993662,0.783235,0.868030,0.530653
ambient_07::distortion::drv32,ambient_07,ambient,T,distortion,32.0,0.993088,0.492756,0.989364,0.357639
ambient_08::pitch_shift::+1st,ambient_08,ambient,H,pitch_shift,1.0,0.412957,0.648361,0.980038,0.461683
ambient_08::time_stretch::+5pct,ambient_08,ambient,R,time_stretch,5.0,0.995742,0.759189,0.954690,0.569718
ambient_08::lowpass::lp2000,ambient_08,ambient,T,lowpass,2000.0,0.999518,0.410427,0.995290,0.492413
ambient_09::time_stretch::-10pct,ambient_09,ambient,R,time_stretch,-10.0,0.997007,0.826427,0.940848,0.561595
ambient_09::time_stretch::-5pct,ambient_09,ambient,R,time_stretch,-5.0,0.996700,0.829800,0.943232,0.538781
ambient_09::distortion::drv12,ambient_09,ambient,T,distortion,12.0,0.997609,0.603286,0.973955,0.484512
ambient_10::time_stretch::+10pct,ambient_10,ambient,R,time_stretch,10.0,0.996185,0.718537,0.974248,0.443166
ambient_10::lowpass::lp8000,ambient_10,ambient,T,lowpass,8000.0,0.999983,0.527196,0.992339,0.471796
ambient_10::style_swap::swap_cross,ambient_10,ambient,S,style_swap,nan,0.848337,0.375335,0.951722,0.235561
ambient_11::control::ctrl,ambient_11,ambient,control,control,0.0,1.000000,0.999877,1.000000,0.568523
ambient_11::pitch_shift::-4st,ambient_11,ambient,H,pitch_shift,-4.0,0.778960,0.511355,0.989224,0.375752
ambient_12::pitch_shift::-2st,ambient_12,ambient,H,pitch_shift,-2.0,0.989990,0.540245,0.990141,0.172982
ambient_12::time_stretch::+20pct,ambient_12,ambient,R,time_stretch,20.0,0.998811,0.809149,0.972630,0.184172
ambient_12::lowpass::lp2000,ambient_12,ambient,T,lowpass,2000.0,0.999641,0.439588,0.999651,0.169329
ambient_13::pitch_shift::-4st,ambient_13,ambient,H,pitch_shift,-4.0,0.502812,0.574493,0.976161,0.522460
ambient_13::distortion::drv4,ambient_13,ambient,T,distortion,4.0,0.999618,0.731847,0.961314,0.530451
ambient_14::pitch_shift::+1st,ambient_14,ambient,H,pitch_shift,1.0,0.294587,0.709103,0.979591,0.430536
ambient_14::time_stretch::-20pct,ambient_14,ambient,R,time_stretch,-20.0,0.997146,0.741875,0.967773,0.561226
ambient_14::distortion::drv32,ambient_14,ambient,T,distortion,32.0,0.968898,0.431887,0.975873,0.272473
ambient_15::time_stretch::-10pct,ambient_15,ambient,R,time_stretch,-10.0,0.998977,0.827475,0.751499,0.500053
ambient_15::distortion::drv4,ambient_15,ambient,T,distortion,4.0,0.999996,0.916117,0.997311,0.507857
electronic_01::pitch_shift::-2st,electronic_01,electronic,H,pitch_shift,-2.0,0.943377,0.558342,0.982404,0.263381
electronic_01::time_stretch::-5pct,electronic_01,electronic,R,time_stretch,-5.0,0.994412,0.870161,0.910436,0.251816
electronic_01::distortion::drv32,electronic_01,electronic,T,distortion,32.0,0.999307,0.901550,0.998470,0.208202
electronic_02::time_stretch::-10pct,electronic_02,electronic,R,time_stretch,-10.0,0.998896,0.799323,0.757714,0.645156
electronic_02::lowpass::lp4000,electronic_02,electronic,T,lowpass,4000.0,0.999997,0.375579,0.998910,0.427779
electronic_03::pitch_shift::+2st,electronic_03,electronic,H,pitch_shift,2.0,0.865848,0.726958,0.989391,0.409670
electronic_03::lowpass::lp8000,electronic_03,electronic,T,lowpass,8000.0,0.999999,0.446726,0.996841,0.522885
electronic_04::pitch_shift::-4st,electronic_04,electronic,H,pitch_shift,-4.0,0.824782,0.462464,0.982024,0.454751
electronic_04::lowpass::lp8000,electronic_04,electronic,T,lowpass,8000.0,0.999702,0.453247,0.997904,0.574934
electronic_05::time_stretch::-10pct,electronic_05,electronic,R,time_stretch,-10.0,0.998647,0.874621,0.512413,0.744394
electronic_05::time_stretch::-5pct,electronic_05,electronic,R,time_stretch,-5.0,0.997834,0.893229,0.615291,0.720287
electronic_05::distortion::drv4,electronic_05,electronic,T,distortion,4.0,0.999875,0.794447,0.957147,0.737746
electronic_06::pitch_shift::+1st,electronic_06,electronic,H,pitch_shift,1.0,0.924315,0.799070,0.993957,0.404807
electronic_06::time_stretch::+10pct,electronic_06,electronic,R,time_stretch,10.0,0.996000,0.875474,0.663344,0.425121
electronic_06::lowpass::lp2000,electronic_06,electronic,T,lowpass,2000.0,0.992157,0.427195,0.960003,0.273001
electronic_07::pitch_shift::-4st,electronic_07,electronic,H,pitch_shift,-4.0,0.782825,0.376568,0.982155,0.322924
electronic_07::time_stretch::+5pct,electronic_07,electronic,R,time_stretch,5.0,0.994286,0.941496,0.731634,0.417003
electronic_07::distortion::drv4,electronic_07,electronic,T,distortion,4.0,0.999524,0.459366,0.988212,0.431577
electronic_08::time_stretch::-20pct,electronic_08,electronic,R,time_stretch,-20.0,0.996177,0.873981,0.569971,0.606220
electronic_08::lowpass::lp2000,electronic_08,electronic,T,lowpass,2000.0,0.999816,0.425735,0.952490,0.417412
electronic_08::style_swap::swap_cross,electronic_08,electronic,S,style_swap,nan,0.933138,0.442963,0.602297,0.361063
electronic_09::pitch_shift::-2st,electronic_09,electronic,H,pitch_shift,-2.0,0.966522,0.642653,0.988915,0.416091
electronic_09::time_stretch::-20pct,electronic_09,electronic,R,time_stretch,-20.0,0.995051,0.882512,0.652276,0.442253
electronic_09::distortion::drv12,electronic_09,electronic,T,distortion,12.0,0.999210,0.582498,0.982563,0.349520
electronic_10::control::ctrl,electronic_10,electronic,control,control,0.0,1.000000,1.000000,1.000000,0.553827
electronic_10::pitch_shift::-1st,electronic_10,electronic,H,pitch_shift,-1.0,0.924260,0.841631,0.964513,0.470790
electronic_10::time_stretch::+20pct,electronic_10,electronic,R,time_stretch,20.0,0.991387,0.866588,0.869375,0.492779
electronic_11::pitch_shift::+4st,electronic_11,electronic,H,pitch_shift,4.0,0.954171,0.654065,0.980891,0.352401
electronic_11::time_stretch::+10pct,electronic_11,electronic,R,time_stretch,10.0,0.998811,0.875070,0.719916,0.390150
electronic_11::distortion::drv12,electronic_11,electronic,T,distortion,12.0,0.998973,0.535874,0.837593,0.323061
electronic_12::distortion::drv32,electronic_12,electronic,T,distortion,32.0,0.995996,0.578183,0.924676,0.304124
electronic_12::style_swap::swap_cross,electronic_12,electronic,S,style_swap,nan,0.664361,0.405363,0.296410,0.309166
electronic_13::pitch_shift::+1st,electronic_13,electronic,H,pitch_shift,1.0,0.990022,0.846979,0.995149,0.454060
electronic_13::time_stretch::+5pct,electronic_13,electronic,R,time_stretch,5.0,0.995675,0.939544,0.649420,0.560693
electronic_13::lowpass::lp4000,electronic_13,electronic,T,lowpass,4000.0,0.999963,0.466768,0.955501,0.372823
electronic_14::control::ctrl,electronic_14,electronic,control,control,0.0,1.000000,1.000000,1.000000,0.477563
electronic_14::pitch_shift::+2st,electronic_14,electronic,H,pitch_shift,2.0,0.953595,0.769485,0.987276,0.410055
electronic_15::pitch_shift::-1st,electronic_15,electronic,H,pitch_shift,-1.0,0.754466,0.668843,0.961246,0.333103
electronic_15::pitch_shift::+4st,electronic_15,electronic,H,pitch_shift,4.0,0.812661,0.448871,0.941874,0.272096
electronic_15::time_stretch::+20pct,electronic_15,electronic,R,time_stretch,20.0,0.996340,0.807332,0.930228,0.454398
folk_01::pitch_shift::-2st,folk_01,folk,H,pitch_shift,-2.0,0.915867,0.634098,0.993936,0.477215
folk_01::time_stretch::+10pct,folk_01,folk,R,time_stretch,10.0,0.999226,0.860793,0.617776,0.530178
folk_01::lowpass::lp4000,folk_01,folk,T,lowpass,4000.0,0.999577,0.436635,0.997038,0.440329
folk_02::lowpass::lp2000,folk_02,folk,T,lowpass,2000.0,0.999117,0.436612,0.990093,0.405708
folk_02::style_swap::swap_cross,folk_02,folk,S,style_swap,nan,0.856775,0.399971,0.845349,0.393612
folk_03::pitch_shift::-1st,folk_03,folk,H,pitch_shift,-1.0,0.825199,0.853602,0.998321,0.494687
folk_03::time_stretch::-5pct,folk_03,folk,R,time_stretch,-5.0,0.993916,0.918630,0.887856,0.492590
folk_03::style_swap::swap_cross,folk_03,folk,S,style_swap,nan,0.803247,0.466366,0.829112,0.242691
folk_04::pitch_shift::+2st,folk_04,folk,H,pitch_shift,2.0,0.846576,0.718263,0.990419,0.522850
folk_04::distortion::drv4,folk_04,folk,T,distortion,4.0,0.999715,0.842910,0.995841,0.507779
folk_05::pitch_shift::+2st,folk_05,folk,H,pitch_shift,2.0,0.491396,0.752254,0.990030,0.387404
folk_05::time_stretch::+5pct,folk_05,folk,R,time_stretch,5.0,0.995987,0.698477,0.907469,0.462199
folk_05::distortion::drv32,folk_05,folk,T,distortion,32.0,0.991879,0.492514,0.977080,0.323853
folk_06::pitch_shift::-4st,folk_06,folk,H,pitch_shift,-4.0,0.477208,0.405352,0.985892,0.289073
folk_06::time_stretch::-5pct,folk_06,folk,R,time_stretch,-5.0,0.997731,0.929437,0.867629,0.523389
folk_06::distortion::drv12,folk_06,folk,T,distortion,12.0,0.988309,0.447689,0.962217,0.325166
folk_07::pitch_shift::+4st,folk_07,folk,H,pitch_shift,4.0,0.810400,0.583263,0.992704,0.394605
folk_07::time_stretch::+10pct,folk_07,folk,R,time_stretch,10.0,0.997475,0.926249,0.895941,0.497624
folk_07::lowpass::lp8000,folk_07,folk,T,lowpass,8000.0,0.999923,0.434923,0.999002,0.629827
folk_08::pitch_shift::-4st,folk_08,folk,H,pitch_shift,-4.0,0.820058,0.576210,0.982354,0.591836
folk_08::time_stretch::+20pct,folk_08,folk,R,time_stretch,20.0,0.995535,0.877720,0.651707,0.599108
folk_08::distortion::drv12,folk_08,folk,T,distortion,12.0,0.995694,0.576370,0.934029,0.454002
folk_09::time_stretch::-10pct,folk_09,folk,R,time_stretch,-10.0,0.997143,0.903518,0.756639,0.446836
folk_09::time_stretch::+20pct,folk_09,folk,R,time_stretch,20.0,0.994003,0.867867,0.753252,0.440001
folk_09::lowpass::lp8000,folk_09,folk,T,lowpass,8000.0,0.999124,0.468288,0.997113,0.454399
folk_10::pitch_shift::+1st,folk_10,folk,H,pitch_shift,1.0,0.965698,0.864911,0.995334,0.477758
folk_10::lowpass::lp4000,folk_10,folk,T,lowpass,4000.0,0.998985,0.484099,0.969395,0.485041
folk_11::control::ctrl,folk_11,folk,control,control,0.0,1.000000,1.000000,1.000000,0.477750
folk_11::time_stretch::-10pct,folk_11,folk,R,time_stretch,-10.0,0.990601,0.888742,0.887925,0.462203
folk_11::time_stretch::+5pct,folk_11,folk,R,time_stretch,5.0,0.993987,0.892803,0.911550,0.485859
folk_12::pitch_shift::+4st,folk_12,folk,H,pitch_shift,4.0,0.397902,0.548767,0.991913,0.368963
folk_12::time_stretch::-20pct,folk_12,folk,R,time_stretch,-20.0,0.915478,0.725314,0.975848,0.432439
folk_12::lowpass::lp2000,folk_12,folk,T,lowpass,2000.0,0.999930,0.709958,0.999308,0.375289
folk_13::pitch_shift::-1st,folk_13,folk,H,pitch_shift,-1.0,0.592876,0.694521,0.972710,0.492430
folk_13::time_stretch::-20pct,folk_13,folk,R,time_stretch,-20.0,0.999018,0.752715,0.956087,0.485554
folk_13::distortion::drv4,folk_13,folk,T,distortion,4.0,0.999204,0.741861,0.981443,0.463057
folk_14::pitch_shift::+1st,folk_14,folk,H,pitch_shift,1.0,0.611960,0.830936,0.996428,0.469422
folk_14::distortion::drv32,folk_14,folk,T,distortion,32.0,0.986576,0.506475,0.910489,0.223433
folk_15::control::ctrl,folk_15,folk,control,control,0.0,1.000000,1.000000,1.000000,0.372339
folk_15::pitch_shift::-2st,folk_15,folk,H,pitch_shift,-2.0,0.912725,0.715427,0.977403,0.322066
jazz_01::pitch_shift::+4st,jazz_01,jazz,H,pitch_shift,4.0,0.979255,0.632955,0.974728,0.398691
jazz_01::time_stretch::-5pct,jazz_01,jazz,R,time_stretch,-5.0,0.999409,0.917339,0.669678,0.566965
jazz_01::lowpass::lp2000,jazz_01,jazz,T,lowpass,2000.0,0.999924,0.403677,0.631155,0.362549
jazz_02::control::ctrl,jazz_02,jazz,control,control,0.0,1.000000,0.999670,1.000000,0.580969
jazz_02::pitch_shift::-2st,jazz_02,jazz,H,pitch_shift,-2.0,0.977953,0.717239,0.993941,0.605483
jazz_02::time_stretch::+20pct,jazz_02,jazz,R,time_stretch,20.0,0.996909,0.876668,0.790168,0.636280
jazz_03::time_stretch::-10pct,jazz_03,jazz,R,time_stretch,-10.0,0.999141,0.910360,0.655716,0.515101
jazz_03::time_stretch::+10pct,jazz_03,jazz,R,time_stretch,10.0,0.998600,0.925665,0.642027,0.574017
jazz_03::lowpass::lp4000,jazz_03,jazz,T,lowpass,4000.0,1.000000,0.471218,0.988066,0.481339
jazz_04::time_stretch::-5pct,jazz_04,jazz,R,time_stretch,-5.0,0.984518,0.937155,0.703732,0.507801
jazz_04::distortion::drv32,jazz_04,jazz,T,distortion,32.0,0.989587,0.575665,0.722916,0.150445
jazz_04::style_swap::swap_cross,jazz_04,jazz,S,style_swap,nan,0.900001,0.422502,0.559796,0.220270
jazz_05::distortion::drv4,jazz_05,jazz,T,distortion,4.0,0.989317,0.816036,0.999333,0.485378
jazz_05::style_swap::swap_cross,jazz_05,jazz,S,style_swap,nan,0.979215,0.398114,0.835873,0.206090
jazz_06::pitch_shift::+2st,jazz_06,jazz,H,pitch_shift,2.0,0.825657,0.731589,0.992789,0.515100
jazz_06::time_stretch::-20pct,jazz_06,jazz,R,time_stretch,-20.0,0.992170,0.724790,0.624426,0.582662
jazz_06::distortion::drv32,jazz_06,jazz,T,distortion,32.0,0.995713,0.650281,0.987992,0.227547
jazz_07::pitch_shift::-1st,jazz_07,jazz,H,pitch_shift,-1.0,0.953151,0.806026,0.994348,0.586996
jazz_07::pitch_shift::+4st,jazz_07,jazz,H,pitch_shift,4.0,0.958885,0.577004,0.983866,0.498094
jazz_08::time_stretch::-10pct,jazz_08,jazz,R,time_stretch,-10.0,0.995936,0.917998,0.819422,0.587897
jazz_08::time_stretch::+10pct,jazz_08,jazz,R,time_stretch,10.0,0.992301,0.893967,0.800040,0.602590
jazz_08::lowpass::lp4000,jazz_08,jazz,T,lowpass,4000.0,1.000000,0.558029,0.992617,0.501392
jazz_09::pitch_shift::-4st,jazz_09,jazz,H,pitch_shift,-4.0,0.994061,0.516404,0.973318,0.351306
jazz_09::time_stretch::-20pct,jazz_09,jazz,R,time_stretch,-20.0,0.999384,0.877346,0.861449,0.393604
jazz_09::distortion::drv12,jazz_09,jazz,T,distortion,12.0,0.999983,0.623076,0.966704,0.400831
jazz_10::pitch_shift::-4st,jazz_10,jazz,H,pitch_shift,-4.0,0.990766,0.571303,0.987998,0.591702
jazz_10::time_stretch::+5pct,jazz_10,jazz,R,time_stretch,5.0,0.998717,0.918838,0.771496,0.625064
jazz_10::lowpass::lp2000,jazz_10,jazz,T,lowpass,2000.0,0.999998,0.436763,0.981925,0.447706
jazz_11::pitch_shift::+2st,jazz_11,jazz,H,pitch_shift,2.0,0.952501,0.803105,0.990049,0.649239
jazz_11::time_stretch::+20pct,jazz_11,jazz,R,time_stretch,20.0,0.996643,0.889300,0.567176,0.643605
jazz_11::distortion::drv4,jazz_11,jazz,T,distortion,4.0,0.999640,0.667982,0.982016,0.539313
jazz_12::control::ctrl,jazz_12,jazz,control,control,0.0,1.000000,1.000000,1.000000,0.515110
jazz_12::pitch_shift::-2st,jazz_12,jazz,H,pitch_shift,-2.0,0.964715,0.613721,0.991132,0.492409
jazz_12::time_stretch::+5pct,jazz_12,jazz,R,time_stretch,5.0,0.994082,0.939438,0.612320,0.500036
jazz_13::pitch_shift::-1st,jazz_13,jazz,H,pitch_shift,-1.0,0.971654,0.850097,0.996736,0.740714
jazz_13::lowpass::lp8000,jazz_13,jazz,T,lowpass,8000.0,0.999986,0.626364,0.997522,0.708000
jazz_14::pitch_shift::+1st,jazz_14,jazz,H,pitch_shift,1.0,0.958233,0.794704,0.996430,0.580963
jazz_14::lowpass::lp8000,jazz_14,jazz,T,lowpass,8000.0,0.999976,0.711622,0.998700,0.620811
jazz_15::pitch_shift::+1st,jazz_15,jazz,H,pitch_shift,1.0,0.733897,0.739804,0.997638,0.351045
jazz_15::distortion::drv12,jazz_15,jazz,T,distortion,12.0,0.995833,0.472711,0.993901,0.311719
rock_01::time_stretch::+5pct,rock_01,rock,R,time_stretch,5.0,0.998297,0.923269,0.695345,0.560264
rock_01::distortion::drv32,rock_01,rock,T,distortion,32.0,0.991500,0.479739,0.869504,0.167014
rock_02::time_stretch::+10pct,rock_02,rock,R,time_stretch,10.0,0.999512,0.838224,0.628721,0.514713
rock_02::distortion::drv4,rock_02,rock,T,distortion,4.0,0.999922,0.561756,0.834589,0.520341
rock_03::pitch_shift::+1st,rock_03,rock,H,pitch_shift,1.0,0.986410,0.858350,0.994055,0.475231
rock_03::distortion::drv12,rock_03,rock,T,distortion,12.0,0.999614,0.563157,0.681929,0.379263
rock_04::time_stretch::-20pct,rock_04,rock,R,time_stretch,-20.0,0.999406,0.832399,0.597066,0.548219
rock_04::lowpass::lp8000,rock_04,rock,T,lowpass,8000.0,0.999997,0.421840,0.739355,0.557232
rock_05::lowpass::lp4000,rock_05,rock,T,lowpass,4000.0,0.999973,0.439485,0.936217,0.394206
rock_05::style_swap::swap_cross,rock_05,rock,S,style_swap,nan,0.931089,0.378912,0.429377,0.272039
rock_06::control::ctrl,rock_06,rock,control,control,0.0,1.000000,1.000000,1.000000,0.628784
rock_06::time_stretch::-10pct,rock_06,rock,R,time_stretch,-10.0,0.999174,0.843983,0.585267,0.624222
rock_07::distortion::drv32,rock_07,rock,T,distortion,32.0,0.993046,0.506539,0.721084,0.151008
rock_08::time_stretch::-5pct,rock_08,rock,R,time_stretch,-5.0,0.997952,0.889419,0.785184,0.611306
rock_08::lowpass::lp2000,rock_08,rock,T,lowpass,2000.0,0.999968,0.386494,0.911645,0.460358
rock_09::distortion::drv12,rock_09,rock,T,distortion,12.0,0.998614,0.655789,0.985898,0.337139
rock_10::pitch_shift::+4st,rock_10,rock,H,pitch_shift,4.0,0.809564,0.654294,0.986224,0.390827
rock_10::distortion::drv4,rock_10,rock,T,distortion,4.0,0.999858,0.839045,0.996388,0.418865
rock_11::pitch_shift::-1st,rock_11,rock,H,pitch_shift,-1.0,0.973119,0.765898,0.995487,0.521149
rock_11::time_stretch::+20pct,rock_11,rock,R,time_stretch,20.0,0.999298,0.877905,0.619531,0.515581
rock_12::control::ctrl,rock_12,rock,control,control,0.0,1.000000,1.000000,1.000000,0.551183
rock_13::lowpass::lp2000,rock_13,rock,T,lowpass,2000.0,0.999984,0.420524,0.926292,0.367890
rock_14::pitch_shift::-4st,rock_14,rock,H,pitch_shift,-4.0,0.942684,0.384552,0.974378,0.389851
rock_15::pitch_shift::-2st,rock_15,rock,H,pitch_shift,-2.0,0.957724,0.667047,0.994458,0.468946
rock_15::pitch_shift::+2st,rock_15,rock,H,pitch_shift,2.0,0.959909,0.720896,0.988665,0.374125
