pair_id,musecp_key,musecp_chroma_mean,musecp_chroma_dtw,musecp_bpm,musecp_beat_f,musecp_beat_ig,musecp_struct_f,musecp_ari,musecp_contour,musecp_motif,musecp_mfcc_skl,musecp_mfcc_cos,musecp_mean12,musecp_mean10
s01::cand01,0.833333,0.985710,0.959201,0.010724,0.000000,0.000000,0.966121,0.000000,0.654370,0.000000,0.235090,0.995923,0.427946,0.393190
s01::cand03,1.000000,0.950244,0.937067,0.341450,0.000000,0.000000,1.000000,1.000000,0.606073,0.000000,0.138738,0.991064,0.518162,0.517252
s01::cand05,1.000000,0.957560,0.931393,0.287811,0.000000,0.000000,1.000000,1.000000,0.620876,0.500000,0.112349,0.988269,0.554366,0.566145
s01::cand02,1.000000,0.900750,0.911543,0.400340,0.000000,0.000000,1.000000,1.000000,0.613327,0.000000,0.194572,0.975575,0.493544,0.492542
s01::cand04,1.000000,0.973652,0.931586,0.796997,0.000000,0.000000,1.000000,1.000000,0.651965,0.000000,0.344417,0.990478,0.592668,0.581299
s01::cand00,0.833333,0.957858,0.914826,0.405358,0.000000,0.000000,1.000000,1.000000,0.635738,0.500000,0.152539,0.991473,0.553791,0.557963
s01::cand07,1.000000,0.947004,0.940322,0.196270,0.000000,0.000000,1.000000,1.000000,0.574777,0.000000,0.204103,0.968550,0.492562,0.495537
s01::cand06,1.000000,0.949140,0.922000,0.859245,0.000000,0.000000,1.000000,1.000000,0.613487,0.250000,0.202527,0.988183,0.582856,0.589083
s02::cand00,1.000000,0.998872,0.992288,1.000000,1.000000,1.000000,1.000000,1.000000,0.793308,0.285714,0.671343,0.994031,0.893163,0.898156
s02::cand01,0.833333,0.997339,0.986986,1.000000,1.000000,1.000000,1.000000,1.000000,0.678012,0.142857,0.698439,0.987931,0.842167,0.838222
s02::cand02,0.833333,0.997473,0.977511,1.000000,1.000000,1.000000,1.000000,1.000000,0.732854,0.285714,0.685965,0.993834,0.863708,0.861125
s02::cand03,0.833333,0.995356,0.975794,1.000000,1.000000,1.000000,1.000000,1.000000,0.663044,0.285714,0.687280,0.992071,0.848172,0.843664
s02::cand04,1.000000,0.999157,0.985170,1.000000,1.000000,1.000000,0.960472,0.750122,0.731813,0.571429,0.659291,0.996415,0.872807,0.873418
s02::cand05,0.833333,0.999258,0.988310,1.000000,1.000000,1.000000,1.000000,1.000000,0.778267,0.285714,0.606484,0.991182,0.866622,0.876623
s02::cand07,1.000000,0.998566,0.986168,1.000000,1.000000,1.000000,1.000000,1.000000,0.714488,0.571429,0.608473,0.997589,0.895577,0.906221
s02::cand06,0.833333,0.996834,0.977357,1.000000,1.000000,1.000000,1.000000,1.000000,0.682690,0.571429,0.686319,0.997125,0.879886,0.877980
s03::cand00,0.166667,0.988727,0.968220,1.000000,0.000000,0.000000,1.000000,1.000000,0.664035,0.272727,0.418433,0.992332,0.592094,0.569905
s03::cand01,0.166667,0.985577,0.953148,1.000000,0.000000,0.000000,1.000000,1.000000,0.670508,0.272727,0.569019,0.996308,0.605302,0.563821
s03::cand04,1.000000,0.995060,0.965497,1.000000,0.000000,0.000000,1.000000,1.000000,0.696273,0.272727,0.517272,0.988797,0.677109,0.662224
s03::cand03,1.000000,0.996478,0.979526,1.000000,0.000000,0.000000,1.000000,1.000000,0.711715,0.454545,0.548944,0.986411,0.702272,0.690268
s03::cand05,1.000000,0.991217,0.948184,1.000000,0.000000,0.000000,1.000000,1.000000,0.646078,0.272727,0.623736,0.978925,0.665161,0.642071
s03::cand02,1.000000,0.995694,0.978528,1.000000,0.000000,0.000000,1.000000,1.000000,0.695701,0.272727,0.568215,0.987577,0.686225,0.667702
s03::cand07,1.000000,0.973834,0.930379,1.000000,0.000000,0.000000,1.000000,1.000000,0.628788,0.272727,0.531772,0.993821,0.649316,0.623212
s03::cand06,0.166667,0.971948,0.932716,1.000000,0.000000,0.000000,1.000000,1.000000,0.591220,0.272727,0.479429,0.990789,0.565473,0.531486
s04::cand00,1.000000,0.991708,0.972084,1.000000,0.000000,0.000000,1.000000,1.000000,0.680750,0.200000,0.084637,0.997541,0.629460,0.652649
s04::cand01,1.000000,0.987147,0.947772,0.600094,0.000000,0.000000,1.000000,1.000000,0.664276,1.000000,0.051306,0.997221,0.646028,0.676957
s04::cand02,0.333333,0.982407,0.977266,0.025465,0.000000,0.000000,1.000000,1.000000,0.658072,0.600000,0.087655,0.995395,0.519013,0.521373
s04::cand03,1.000000,0.997820,0.976552,0.000908,0.000000,0.000000,1.000000,1.000000,0.692971,0.400000,0.311920,0.994521,0.590757,0.579994
s04::cand04,1.000000,0.911988,0.891828,1.000000,0.000000,0.000000,1.000000,1.000000,0.642002,0.200000,0.278337,0.992693,0.582686,0.575920
s04::cand05,1.000000,0.979253,0.946033,1.000000,0.000000,0.000000,1.000000,1.000000,0.644269,1.000000,0.100857,0.998653,0.678188,0.708238
s04::cand06,1.000000,0.929617,0.921859,1.000000,0.000000,0.000000,1.000000,1.000000,0.662859,0.200000,0.253279,0.983666,0.594964,0.600696
s04::cand07,1.000000,0.997987,0.987063,0.010382,0.000000,0.000000,1.000000,1.000000,0.707013,0.800000,0.238345,0.998275,0.625874,0.628497
s05::cand00,1.000000,0.996091,0.973284,0.727439,0.000000,0.000000,1.000000,1.000000,0.699717,0.428571,0.532198,0.997584,0.678214,0.654962
s05::cand01,1.000000,0.996151,0.970104,1.000000,0.000000,0.000000,0.983051,0.000000,0.664422,0.285714,0.554561,0.996711,0.595608,0.553694
s05::cand02,1.000000,0.997798,0.984458,1.000000,0.000000,0.000000,0.983051,0.000000,0.736427,0.285714,0.504242,0.995160,0.608458,0.576614
s05::cand04,1.000000,0.996389,0.977178,0.540514,0.000000,0.000000,0.866837,0.000000,0.758082,1.000000,0.539917,0.997477,0.607568,0.569299
s05::cand06,1.000000,0.997853,0.980254,0.727439,0.000000,0.000000,0.866837,0.000000,0.781392,0.428571,0.482198,0.992656,0.572415,0.538042
s05::cand05,1.000000,0.997399,0.975067,1.000000,0.000000,0.000000,1.000000,1.000000,0.732404,0.428571,0.606090,0.996600,0.715298,0.690943
s05::cand03,1.000000,0.996870,0.973205,0.727439,0.000000,0.000000,1.000000,1.000000,0.709442,1.000000,0.491632,0.997840,0.723851,0.714620
s05::cand07,0.833333,0.972166,0.950780,1.000000,0.000000,0.000000,0.983051,0.000000,0.614965,0.142857,0.456147,0.975464,0.521257,0.493060
s06::cand00,1.000000,0.961251,0.920606,0.038499,0.000000,0.000000,0.820393,0.000000,0.527165,0.000000,0.347404,0.995629,0.373921,0.314491
s06::cand01,1.000000,0.963862,0.918940,0.009308,0.000000,0.000000,0.791396,0.000000,0.592086,0.000000,0.333045,0.979644,0.365372,0.318252
s06::cand03,0.333333,0.935386,0.914980,0.429798,0.000000,0.000000,1.000000,1.000000,0.509036,0.000000,0.385061,0.989461,0.463393,0.421846
s06::cand02,0.500000,0.955784,0.912578,1.000000,0.000000,0.000000,1.000000,1.000000,0.537003,0.000000,0.419106,0.994083,0.543274,0.509899
s06::cand04,0.000000,0.925687,0.895687,0.386743,0.000000,0.000000,1.000000,1.000000,0.559729,0.000000,0.328104,0.992017,0.427139,0.383535
s06::cand06,0.333333,0.911216,0.859059,0.011875,0.000000,0.000000,0.866837,0.000000,0.527047,0.000000,0.330246,0.985151,0.279664,0.211544
s06::cand05,0.500000,0.948822,0.882646,0.386743,0.000000,0.000000,1.000000,1.000000,0.520481,0.000000,0.320894,0.990941,0.464002,0.429498
s06::cand07,0.333333,0.936192,0.903921,0.007720,0.000000,0.000000,1.000000,1.000000,0.528124,0.000000,0.375656,0.991003,0.428339,0.379783
s07::cand00,1.000000,0.999421,0.992192,1.000000,1.000000,0.000000,1.000000,1.000000,0.900661,0.461538,0.793471,0.998115,0.860302,0.840277
s07::cand01,1.000000,0.999113,0.987777,1.000000,0.000000,0.000000,1.000000,1.000000,0.851512,0.538462,0.768773,0.998088,0.769877,0.734886
s07::cand02,1.000000,0.997081,0.979944,1.000000,0.000000,0.000000,1.000000,1.000000,0.785864,0.230769,0.758821,0.993593,0.724515,0.685136
s07::cand03,1.000000,0.999357,0.991471,1.000000,1.000000,0.000000,1.000000,1.000000,0.870115,0.538462,0.769137,0.995492,0.856458,0.840721
s07::cand04,1.000000,0.998521,0.985351,1.000000,1.000000,0.000000,1.000000,1.000000,0.854128,0.692308,0.791547,0.995101,0.865960,0.849611
s07::cand05,1.000000,0.999515,0.993420,1.000000,1.000000,0.000000,1.000000,1.000000,0.886406,1.000000,0.810012,0.997247,0.904111,0.891435
s07::cand06,1.000000,0.999342,0.989651,1.000000,1.000000,0.000000,1.000000,1.000000,0.881807,0.692308,0.848250,0.997870,0.880648,0.858006
s07::cand07,1.000000,0.998525,0.992168,1.000000,1.000000,0.000000,1.000000,1.000000,0.916269,0.307692,0.833108,0.997391,0.853777,0.828026
s08::cand00,1.000000,0.987197,0.980848,1.000000,1.000000,1.000000,1.000000,1.000000,0.647407,0.000000,0.661220,0.951138,0.805229,0.826686
s08::cand01,1.000000,0.986047,0.985866,1.000000,1.000000,1.000000,1.000000,1.000000,0.658956,1.000000,0.765101,0.959691,0.908342,0.930850
s08::cand02,1.000000,0.961484,0.963855,1.000000,1.000000,1.000000,0.949243,0.000000,0.612895,0.000000,0.715100,0.995259,0.721470,0.685695
s08::cand03,0.500000,0.995759,0.991412,1.000000,1.000000,1.000000,0.915773,0.000000,0.723028,1.000000,0.752270,0.939302,0.765986,0.777215
s08::cand04,1.000000,0.993556,0.988918,1.000000,1.000000,1.000000,0.915773,0.000000,0.658169,1.000000,0.631483,0.979347,0.806615,0.810521
s08::cand05,1.000000,0.995238,0.989243,1.000000,1.000000,1.000000,0.949243,0.000000,0.633929,1.000000,0.706461,0.971196,0.813594,0.815718
s08::cand06,1.000000,0.989531,0.988677,1.000000,1.000000,1.000000,0.949243,0.000000,0.640049,1.000000,0.739757,0.951291,0.803266,0.814359
s08::cand07,1.000000,0.970474,0.968291,1.000000,1.000000,1.000000,0.949243,0.000000,0.588791,0.000000,0.686814,0.962309,0.697786,0.686006
s09::cand00,0.500000,0.986085,0.954941,1.000000,0.000000,0.000000,1.000000,1.000000,0.582859,0.200000,0.468517,0.991611,0.597758,0.570969
s09::cand01,0.833333,0.988976,0.949440,0.710493,0.000000,0.000000,0.899254,0.000000,0.681733,0.400000,0.493702,0.990860,0.530129,0.487228
s09::cand02,0.333333,0.983379,0.961036,1.000000,1.000000,0.000000,0.899254,0.000000,0.630821,0.200000,0.374013,0.993312,0.560587,0.536923
s09::cand05,0.333333,0.973360,0.911029,0.710493,0.000000,0.000000,0.882928,0.000000,0.600371,0.200000,0.386158,0.984754,0.418476,0.371406
s09::cand04,0.333333,0.981540,0.957624,1.000000,0.000000,0.000000,0.899254,0.000000,0.633186,0.200000,0.593495,0.990693,0.497145,0.435254
s09::cand06,0.833333,0.992749,0.974724,1.000000,0.000000,0.000000,0.899254,0.000000,0.755939,0.400000,0.297246,0.980392,0.551074,0.545013
s09::cand03,0.166667,0.969712,0.937314,1.000000,1.000000,0.000000,1.000000,1.000000,0.627754,0.100000,0.554913,0.993255,0.651524,0.623391
s09::cand07,0.500000,0.984067,0.958089,1.000000,1.000000,0.000000,1.000000,1.000000,0.762596,0.200000,0.514064,0.996029,0.722954,0.712113
s10::cand00,0.833333,0.991780,0.938747,1.000000,1.000000,0.000000,1.000000,1.000000,0.646465,0.400000,0.302440,0.998301,0.721019,0.734609
s10::cand01,0.833333,0.967772,0.907673,1.000000,1.000000,0.000000,0.899254,0.000000,0.591811,0.200000,0.531658,0.998676,0.590870,0.549381
s10::cand02,1.000000,0.990969,0.961305,1.000000,1.000000,0.000000,1.000000,1.000000,0.698297,0.200000,0.571383,0.998449,0.763639,0.751893
s10::cand03,1.000000,0.992601,0.978418,1.000000,1.000000,0.000000,1.000000,1.000000,0.756107,0.400000,0.358790,0.993084,0.772011,0.792716
s10::cand05,0.333333,0.985310,0.933387,1.000000,1.000000,0.000000,1.000000,1.000000,0.653777,0.200000,0.420395,0.990338,0.667127,0.661224
s10::cand04,0.833333,0.988005,0.932254,1.000000,1.000000,0.000000,1.000000,1.000000,0.633346,0.200000,0.490903,0.998218,0.717929,0.707316
s10::cand07,0.833333,0.988276,0.928404,1.000000,1.000000,0.000000,0.899254,0.000000,0.604038,0.200000,0.441949,0.992934,0.594735,0.569665
s10::cand06,0.833333,0.976504,0.919566,1.000000,1.000000,0.000000,1.000000,1.000000,0.613465,0.200000,0.579109,0.994051,0.712196,0.692553
s11::cand00,0.833333,0.997561,0.985946,1.000000,1.000000,0.000000,0.915773,0.000000,0.690056,0.250000,0.649573,0.994151,0.664694,0.626633
s11::cand01,0.833333,0.997766,0.987207,1.000000,1.000000,0.000000,0.915773,0.000000,0.742627,0.166667,0.641241,0.995765,0.668343,0.630823
s11::cand04,0.666667,0.997127,0.967499,0.105951,0.000000,0.000000,0.882928,0.000000,0.680755,0.250000,0.496353,0.983729,0.454050,0.401051
s11::cand02,0.666667,0.998255,0.983425,1.000000,1.000000,0.000000,1.000000,1.000000,0.760133,0.250000,0.702296,0.998614,0.775717,0.749834
s11::cand03,1.000000,0.998226,0.985506,0.128634,0.666667,0.000000,0.915773,0.000000,0.712689,0.250000,0.753985,0.997138,0.595355,0.528042
s11::cand05,0.833333,0.995990,0.979905,1.000000,1.000000,0.000000,0.915773,0.000000,0.678368,0.083333,0.652716,0.997619,0.648499,0.604154
s11::cand07,1.000000,0.998221,0.978679,0.128634,0.000000,0.000000,0.915773,0.000000,0.670703,0.333333,0.650531,0.997627,0.525978,0.457397
s11::cand06,1.000000,0.998297,0.978522,1.000000,1.000000,0.000000,1.000000,1.000000,0.751528,0.333333,0.524084,0.994231,0.785732,0.787563
s12::cand00,1.000000,0.997228,0.947287,0.678422,0.000000,0.000000,0.708029,0.000000,0.702418,0.000000,0.672695,0.973659,0.475232,0.412039
s12::cand01,1.000000,0.988341,0.931558,1.000000,1.000000,1.000000,1.000000,1.000000,0.666957,0.000000,0.681721,0.939245,0.787114,0.811466
s12::cand02,1.000000,0.996199,0.960323,1.000000,1.000000,1.000000,1.000000,1.000000,0.703225,0.000000,0.630109,0.987925,0.832260,0.834913
s12::cand04,1.000000,0.992809,0.944455,1.000000,1.000000,1.000000,1.000000,1.000000,0.651907,0.111111,0.697677,0.956141,0.811995,0.826408
s12::cand05,1.000000,0.997946,0.971967,1.000000,1.000000,1.000000,0.940126,0.865110,0.787655,0.111111,0.716013,0.978632,0.839267,0.839644
s12::cand03,1.000000,0.990864,0.946800,1.000000,1.000000,1.000000,0.708029,0.000000,0.620503,0.000000,0.672474,0.930053,0.622934,0.622635
s12::cand07,0.500000,0.998176,0.954650,1.000000,1.000000,1.000000,1.000000,1.000000,0.740768,0.000000,0.642297,0.963313,0.782079,0.791975
s12::cand06,1.000000,0.979297,0.935186,1.000000,1.000000,1.000000,0.708029,0.000000,0.529243,0.000000,0.390058,0.962693,0.588746,0.592100
s13::cand00,1.000000,0.997794,0.986857,0.386743,0.666667,0.000000,1.000000,1.000000,0.847686,0.750000,0.581856,0.998835,0.771348,0.759534
s13::cand01,1.000000,0.992052,0.965607,1.000000,0.666667,0.000000,1.000000,1.000000,0.655962,0.750000,0.507030,0.979578,0.756812,0.766199
s13::cand02,1.000000,0.993635,0.977151,0.630903,1.000000,0.000000,1.000000,1.000000,0.727743,0.500000,0.498379,0.994011,0.759351,0.759300
s13::cand04,1.000000,0.993523,0.965826,1.000000,0.666667,0.000000,1.000000,1.000000,0.663714,0.750000,0.516980,0.991735,0.767675,0.768694
s13::cand03,1.000000,0.992795,0.967223,1.000000,0.666667,0.000000,1.000000,1.000000,0.664690,0.750000,0.615337,0.990670,0.777674,0.769165
s13::cand05,1.000000,0.995794,0.957173,1.000000,0.666667,0.000000,1.000000,1.000000,0.625999,0.750000,0.525961,0.991581,0.759276,0.757606
s13::cand06,1.000000,0.990699,0.959543,1.000000,0.666667,0.000000,1.000000,1.000000,0.623921,0.500000,0.491134,0.984402,0.728773,0.730859
s13::cand07,1.000000,0.998930,0.992791,1.000000,1.000000,0.000000,1.000000,1.000000,0.827477,0.750000,0.658988,0.997683,0.856202,0.852562
s14::cand00,1.000000,0.998488,0.988340,1.000000,1.000000,0.000000,1.000000,1.000000,0.832850,0.166667,0.684101,0.994796,0.807714,0.793431
s14::cand01,1.000000,0.994940,0.972665,0.004593,0.000000,0.000000,0.899254,0.000000,0.627744,0.000000,0.544166,0.995917,0.460241,0.393165
s14::cand02,1.000000,0.999299,0.995394,0.004593,0.000000,0.000000,1.000000,1.000000,0.902714,0.166667,0.675362,0.994201,0.656007,0.612934
s14::cand03,1.000000,0.996190,0.971445,0.004593,0.000000,0.000000,1.000000,1.000000,0.702136,0.000000,0.520539,0.992471,0.577633,0.539634
s14::cand04,1.000000,0.999208,0.993547,1.000000,0.000000,0.000000,1.000000,1.000000,0.861597,0.000000,0.634362,0.993346,0.711837,0.685728
s14::cand05,1.000000,0.999104,0.992940,1.000000,1.000000,0.000000,1.000000,1.000000,0.852694,0.166667,0.576975,0.992019,0.800286,0.800082
s14::cand06,0.333333,0.990074,0.967274,1.000000,1.000000,0.000000,1.000000,1.000000,0.657851,0.000000,0.494339,0.989356,0.671634,0.658104
s14::cand07,1.000000,0.998790,0.993320,1.000000,0.666667,0.000000,1.000000,1.000000,0.821101,0.000000,0.731195,0.996788,0.771829,0.742937
s15::cand00,1.000000,0.965277,0.911966,0.050251,0.000000,0.000000,1.000000,1.000000,0.649286,0.333333,0.582304,0.953656,0.549350,0.527610
s15::cand01,1.000000,0.979938,0.899568,0.078083,0.000000,0.000000,0.777624,0.000000,0.653675,0.250000,0.628271,0.988266,0.435871,0.359216
s15::cand02,1.000000,0.963545,0.905335,0.340732,0.400000,0.704163,0.866837,0.000000,0.588527,0.250000,0.483495,0.992701,0.542912,0.502442
s15::cand04,1.000000,0.979536,0.914896,0.004593,0.000000,0.000000,0.866837,0.000000,0.628483,0.333333,0.553216,0.972212,0.440740,0.386746
s15::cand03,1.000000,0.953964,0.899642,0.078083,0.000000,0.000000,1.000000,1.000000,0.675218,0.250000,0.556553,0.959859,0.542529,0.517916
s15::cand05,1.000000,0.991597,0.945059,0.039558,0.000000,0.000000,1.000000,1.000000,0.708639,0.416667,0.482338,0.994178,0.602913,0.573459
s15::cand06,1.000000,0.980897,0.923019,0.078083,0.000000,0.000000,1.000000,1.000000,0.667320,0.416667,0.562937,0.992114,0.593992,0.554218
s15::cand07,1.000000,0.974721,0.918925,0.039558,0.000000,0.000000,1.000000,1.000000,0.659416,0.250000,0.599922,0.995017,0.577452,0.527510
s16::cand00,1.000000,0.994766,0.982396,1.000000,1.000000,0.000000,1.000000,1.000000,0.710474,0.000000,0.530298,0.986109,0.745699,0.744951
s16::cand01,1.000000,0.995642,0.981202,1.000000,1.000000,0.000000,0.882928,0.000000,0.746529,0.000000,0.465741,0.988017,0.634939,0.618682
s16::cand02,0.833333,0.998484,0.981276,1.000000,1.000000,0.000000,1.000000,1.000000,0.698518,0.000000,0.473203,0.993985,0.729581,0.726755
s16::cand03,1.000000,0.990394,0.965249,1.000000,1.000000,0.000000,1.000000,1.000000,0.689172,0.125000,0.420566,0.986810,0.733615,0.743684
s16::cand05,1.000000,0.997383,0.978338,1.000000,1.000000,0.000000,0.882928,0.000000,0.803428,0.250000,0.443214,0.989670,0.664882,0.656177
s16::cand04,0.666667,0.997468,0.980519,1.000000,1.000000,0.000000,1.000000,1.000000,0.732269,0.000000,0.519319,0.995715,0.727361,0.716982
s16::cand06,0.833333,0.998373,0.980606,1.000000,1.000000,0.000000,1.000000,1.000000,0.733258,0.000000,0.457167,0.995506,0.735166,0.734307
s16::cand07,1.000000,0.996126,0.974499,1.000000,1.000000,0.000000,1.000000,1.000000,0.665662,0.000000,0.420237,0.994452,0.728846,0.732162
s17::cand00,1.000000,0.997983,0.965483,1.000000,1.000000,0.000000,1.000000,1.000000,0.729882,0.416667,0.740675,0.986873,0.801990,0.785519
s17::cand01,1.000000,0.998078,0.978445,1.000000,1.000000,0.000000,1.000000,1.000000,0.804637,0.750000,0.722614,0.989515,0.848136,0.841141
s17::cand02,1.000000,0.991260,0.969044,1.000000,1.000000,0.000000,1.000000,1.000000,0.824346,0.500000,0.681955,0.981227,0.815789,0.813761
s17::cand03,1.000000,0.994335,0.972100,1.000000,1.000000,0.000000,1.000000,1.000000,0.820864,0.416667,0.752108,0.984660,0.819879,0.807243
s17::cand05,1.000000,0.995783,0.946406,1.000000,1.000000,0.000000,1.000000,1.000000,0.738931,0.250000,0.680603,0.973900,0.767958,0.762133
s17::cand04,0.833333,0.982644,0.920433,1.000000,1.000000,0.000000,0.866837,0.000000,0.685796,0.333333,0.664478,0.977553,0.622057,0.586283
s17::cand06,1.000000,0.997981,0.978275,0.386743,1.000000,0.000000,0.921260,0.579413,0.822685,0.750000,0.765125,0.993426,0.752969,0.718617
s17::cand07,1.000000,0.997558,0.975246,1.000000,1.000000,0.000000,1.000000,1.000000,0.841133,0.500000,0.662079,0.982400,0.822055,0.822877
s18::cand00,0.333333,0.998219,0.990932,1.000000,0.666667,0.000000,0.915773,0.000000,0.779180,0.444444,0.623083,0.997471,0.629576,0.585277
s18::cand01,1.000000,0.998717,0.988892,1.000000,0.666667,0.000000,1.000000,1.000000,0.728765,0.444444,0.543911,0.996707,0.770251,0.764606
s18::cand02,1.000000,0.998306,0.987814,1.000000,0.666667,0.000000,1.000000,1.000000,0.768957,0.444444,0.598156,0.996663,0.782971,0.773096
s18::cand04,1.000000,0.999107,0.992740,1.000000,0.666667,0.000000,0.915773,0.000000,0.802303,0.444444,0.641728,0.999476,0.693668,0.658316
s18::cand03,1.000000,0.998459,0.991723,1.000000,0.666667,0.000000,1.000000,1.000000,0.780660,0.111111,0.528726,0.994529,0.750172,0.744082
s18::cand05,0.333333,0.998592,0.991135,1.000000,0.666667,0.000000,1.000000,1.000000,0.802801,0.444444,0.552331,0.993338,0.728135,0.715586
s18::cand06,1.000000,0.999249,0.993745,1.000000,0.666667,0.000000,1.000000,1.000000,0.810915,0.444444,0.589302,0.997275,0.792728,0.785448
s18::cand07,1.000000,0.998379,0.987683,1.000000,0.666667,0.000000,1.000000,1.000000,0.756542,0.222222,0.589423,0.997663,0.761812,0.748038
s19::cand00,1.000000,0.871256,0.879949,0.039558,0.000000,0.000000,0.915773,0.000000,0.544544,0.000000,0.155210,0.979968,0.323638,0.290236
s19::cand01,0.333333,0.772672,0.778125,0.024937,0.000000,0.000000,0.915773,0.000000,0.517800,0.000000,0.328604,0.986640,0.213294,0.130968
s19::cand02,0.833333,0.807049,0.800899,0.050716,0.000000,0.000000,0.915773,0.000000,0.562726,0.000000,0.350864,0.978815,0.283324,0.218191
s19::cand03,1.000000,0.851774,0.803519,0.050716,0.000000,0.000000,0.915773,0.000000,0.594833,0.000000,0.215107,0.983579,0.309432,0.262914
s19::cand04,0.333333,0.796751,0.854919,0.050716,0.000000,0.000000,0.915773,0.000000,0.563551,0.000000,0.261045,0.984044,0.250379,0.185931
s19::cand05,0.833333,0.815433,0.862023,0.035098,0.000000,0.000000,0.915773,0.000000,0.536528,0.000000,0.269411,0.986030,0.297059,0.239380
s19::cand06,0.500000,0.815572,0.815842,0.064532,0.000000,0.000000,0.915773,0.000000,0.479287,0.000000,0.198605,0.976564,0.231802,0.177190
s19::cand07,0.500000,0.812504,0.860060,0.018140,0.000000,0.000000,0.915773,0.000000,0.510595,0.000000,0.203379,0.975201,0.247422,0.196377
s20::cand00,1.000000,0.997724,0.984280,1.000000,1.000000,1.000000,1.000000,1.000000,0.799056,0.000000,0.651572,0.995887,0.866404,0.867107
s20::cand01,0.833333,0.991850,0.978283,1.000000,1.000000,1.000000,1.000000,1.000000,0.716276,0.000000,0.626275,0.993364,0.828424,0.826633
s20::cand02,0.833333,0.995561,0.983783,1.000000,1.000000,1.000000,1.000000,1.000000,0.763580,0.000000,0.664477,0.997681,0.847342,0.841241
s20::cand03,1.000000,0.998204,0.988175,1.000000,1.000000,1.000000,1.000000,1.000000,0.804367,0.333333,0.698146,0.996722,0.902090,0.903448
s20::cand04,1.000000,0.998755,0.990756,1.000000,1.000000,1.000000,1.000000,1.000000,0.850616,0.000000,0.544407,0.996644,0.868006,0.881898
s20::cand05,1.000000,0.997110,0.979962,1.000000,1.000000,1.000000,1.000000,1.000000,0.764456,0.000000,0.550102,0.994526,0.846693,0.857226
s20::cand06,1.000000,0.998607,0.984465,1.000000,1.000000,1.000000,1.000000,1.000000,0.789163,0.333333,0.652718,0.997864,0.894079,0.898662
s20::cand07,1.000000,0.998455,0.983719,1.000000,1.000000,1.000000,1.000000,1.000000,0.778524,0.500000,0.636758,0.997352,0.903653,0.912545
s21::cand00,1.000000,0.957723,0.832975,0.308962,1.000000,0.000000,0.978832,0.893908,0.600079,0.250000,0.427241,0.994854,0.604327,0.581553
s21::cand01,1.000000,0.981087,0.866298,0.571607,1.000000,0.000000,0.979534,0.881059,0.662161,0.250000,0.504696,0.995130,0.665261,0.644743
s21::cand02,1.000000,0.914321,0.750856,0.571607,0.000000,0.000000,0.899254,0.000000,0.611682,0.250000,0.521430,0.996466,0.418091,0.345019
s21::cand04,1.000000,0.961648,0.901592,1.000000,1.000000,0.000000,0.957715,0.801512,0.635927,0.250000,0.509744,0.992032,0.687499,0.673164
s21::cand03,1.000000,0.938176,0.787753,0.571607,1.000000,0.000000,0.957715,0.801512,0.598396,0.250000,0.537324,0.988802,0.598111,0.564906
s21::cand05,1.000000,0.960434,0.847634,0.472506,0.000000,0.000000,0.899254,0.000000,0.563294,0.250000,0.461635,0.995421,0.443682,0.384029
s21::cand06,1.000000,0.951105,0.848999,1.000000,1.000000,0.000000,0.957715,0.801512,0.610011,0.250000,0.464826,0.973421,0.644259,0.641136
s21::cand07,1.000000,0.967658,0.853112,1.000000,0.000000,0.000000,0.899254,0.000000,0.638107,0.250000,0.515036,0.988403,0.507422,0.459181
s22::cand00,0.333333,0.990840,0.947478,0.038236,0.000000,0.000000,0.940803,0.657418,0.634226,0.300000,0.564376,0.988716,0.486094,0.427157
s22::cand01,0.333333,0.962318,0.921561,0.038236,0.000000,0.000000,0.959110,0.780398,0.618559,0.300000,0.360008,0.984366,0.454413,0.418108
s22::cand03,0.333333,0.958438,0.906783,0.038236,0.000000,0.000000,0.959110,0.780398,0.561426,0.100000,0.318729,0.952435,0.395840,0.377403
s22::cand04,0.333333,0.986136,0.935728,0.469752,1.000000,1.000000,0.959110,0.780398,0.623753,0.400000,0.445469,0.986588,0.690291,0.688740
s22::cand02,0.333333,0.971169,0.943264,0.038236,0.000000,0.000000,0.940803,0.657418,0.605652,0.300000,0.477091,0.984272,0.460080,0.410289
s22::cand05,0.333333,0.908231,0.912421,0.038236,0.000000,0.000000,0.882928,0.000000,0.544910,0.100000,0.495128,0.994955,0.338076,0.253456
s22::cand06,0.166667,0.976556,0.938002,0.058817,0.400000,0.704163,0.940803,0.657418,0.595588,0.300000,0.503558,0.989785,0.544483,0.504038
s22::cand07,0.333333,0.989092,0.961357,0.038236,0.000000,0.000000,0.940803,0.657418,0.670770,0.600000,0.503659,0.992321,0.518033,0.470347
s23::cand00,1.000000,0.965813,0.948241,1.000000,1.000000,1.000000,1.000000,1.000000,0.652600,0.000000,0.464160,0.990849,0.791932,0.805107
s23::cand01,1.000000,0.978574,0.958190,1.000000,0.500000,0.000000,0.953722,0.615531,0.667323,0.000000,0.469279,0.993535,0.636684,0.616115
s23::cand02,1.000000,0.984118,0.961153,1.000000,1.000000,1.000000,1.000000,1.000000,0.676194,0.500000,0.517541,0.992370,0.855728,0.873801
s23::cand03,1.000000,0.982404,0.960382,1.000000,1.000000,1.000000,1.000000,1.000000,0.734747,0.000000,0.598842,0.994556,0.834124,0.836005
s23::cand04,1.000000,0.989407,0.974285,1.000000,1.000000,1.000000,1.000000,1.000000,0.727069,0.000000,0.518961,0.994314,0.831476,0.843035
s23::cand05,1.000000,0.987713,0.965800,1.000000,1.000000,1.000000,0.953722,0.615531,0.685545,0.000000,0.583669,0.989705,0.780597,0.777384
s23::cand06,1.000000,0.990348,0.972851,1.000000,1.000000,1.000000,1.000000,1.000000,0.677042,0.500000,0.522669,0.989137,0.860639,0.881522
s23::cand07,1.000000,0.988524,0.977931,1.000000,1.000000,1.000000,1.000000,1.000000,0.728640,0.000000,0.535235,0.988417,0.830637,0.844494
s24::cand00,0.500000,0.993716,0.982227,1.000000,0.000000,0.000000,1.000000,1.000000,0.799167,0.272727,0.573333,0.989741,0.666552,0.641799
s24::cand01,1.000000,0.997504,0.978711,1.000000,1.000000,0.000000,1.000000,1.000000,0.634107,0.272727,0.679506,0.995596,0.775394,0.754612
s24::cand02,1.000000,0.982890,0.956409,1.000000,1.000000,0.000000,1.000000,1.000000,0.694319,0.000000,0.621867,0.992504,0.743079,0.725430
s24::cand03,1.000000,0.995289,0.983998,0.571607,1.000000,0.000000,1.000000,1.000000,0.792114,0.272727,0.711279,0.995546,0.773810,0.748762
s24::cand04,1.000000,0.998905,0.995372,1.000000,1.000000,0.000000,1.000000,1.000000,0.920404,0.181818,0.769846,0.998983,0.839699,0.817854
s24::cand05,1.000000,0.987534,0.959927,1.000000,1.000000,0.000000,1.000000,1.000000,0.630647,0.000000,0.431780,0.986375,0.710174,0.714480
s24::cand06,1.000000,0.998444,0.991973,1.000000,1.000000,0.000000,1.000000,1.000000,0.892819,0.272727,0.769952,0.998399,0.840375,0.819098
s24::cand07,1.000000,0.994772,0.973747,1.000000,1.000000,0.000000,1.000000,1.000000,0.609937,0.272727,0.592026,0.998817,0.761036,0.745898
s25::cand00,1.000000,0.982572,0.921337,0.044585,0.000000,0.813348,0.982154,0.646925,0.604141,0.333333,0.494285,0.908134,0.545691,0.569054
s25::cand01,1.000000,0.985855,0.928996,1.000000,1.000000,1.000000,0.928895,0.289623,0.610024,0.250000,0.435152,0.868632,0.648071,0.729521
s25::cand02,0.500000,0.991507,0.921505,0.044585,0.400000,0.704163,1.000000,1.000000,0.594184,0.250000,0.415198,0.930363,0.562444,0.582093
s25::cand03,0.833333,0.975940,0.896631,0.044585,0.400000,0.704163,1.000000,1.000000,0.600623,0.250000,0.533073,0.966679,0.612701,0.599855
s25::cand04,1.000000,0.983946,0.912118,1.000000,1.000000,1.000000,0.964330,0.468804,0.632140,0.166667,0.467251,0.954609,0.720561,0.746771
s25::cand05,1.000000,0.984340,0.934479,1.000000,1.000000,1.000000,0.928895,0.289623,0.652790,0.416667,0.429336,0.924546,0.706354,0.757457
s25::cand06,1.000000,0.978364,0.909351,1.000000,1.000000,1.000000,0.928895,0.289623,0.659139,0.166667,0.536651,0.962340,0.711255,0.720987
s25::cand07,1.000000,0.990567,0.958164,1.000000,1.000000,1.000000,0.928895,0.289623,0.705682,0.333333,0.537269,0.985123,0.769627,0.773544
s26::cand00,1.000000,0.994884,0.976391,1.000000,1.000000,1.000000,0.938776,0.694119,0.760611,0.181818,0.543260,0.996534,0.819191,0.823548
s26::cand01,1.000000,0.998668,0.985200,1.000000,1.000000,1.000000,0.938776,0.694119,0.811050,0.181818,0.552197,0.994693,0.832873,0.840252
s26::cand02,1.000000,0.996305,0.977775,1.000000,1.000000,1.000000,1.000000,1.000000,0.795886,0.545455,0.471650,0.990732,0.886425,0.917648
s26::cand03,1.000000,0.994224,0.982031,1.000000,0.000000,0.000000,0.938776,0.694119,0.825493,0.181818,0.449162,0.993798,0.654880,0.640272
s26::cand04,1.000000,0.996324,0.972011,1.000000,1.000000,1.000000,1.000000,1.000000,0.733641,0.181818,0.606236,0.992687,0.857723,0.864824
s26::cand05,0.500000,0.987918,0.967487,1.000000,1.000000,1.000000,0.938776,0.694119,0.710761,0.181818,0.571001,0.991812,0.762408,0.755537
s26::cand06,1.000000,0.998046,0.980095,1.000000,1.000000,1.000000,1.000000,1.000000,0.800360,0.181818,0.456188,0.991970,0.857569,0.884015
s26::cand07,1.000000,0.992701,0.958520,1.000000,1.000000,1.000000,1.000000,1.000000,0.656422,0.272727,0.523513,0.977345,0.826362,0.849297
s27::cand00,1.000000,0.995346,0.971277,1.000000,0.000000,0.000000,1.000000,1.000000,0.721431,0.166667,0.593498,0.993884,0.686309,0.659810
s27::cand01,0.500000,0.982781,0.932544,0.823664,0.000000,0.000000,0.899254,0.000000,0.632573,0.166667,0.649915,0.994155,0.493454,0.421099
s27::cand02,0.500000,0.986615,0.959810,0.832117,0.000000,0.000000,0.899254,0.000000,0.708366,0.500000,0.496556,0.993929,0.530774,0.485299
s27::cand04,0.500000,0.992788,0.961055,0.823664,0.000000,0.000000,0.899254,0.000000,0.736889,0.166667,0.628497,0.997248,0.526282,0.460816
s27::cand03,0.500000,0.988470,0.968825,0.832117,0.000000,0.000000,1.000000,1.000000,0.727890,0.333333,0.679086,0.994841,0.651955,0.607115
s27::cand05,1.000000,0.993302,0.957400,1.000000,0.000000,0.000000,1.000000,1.000000,0.688403,0.333333,0.532486,0.992280,0.681078,0.662415
s27::cand06,1.000000,0.992971,0.962107,1.000000,0.000000,0.000000,1.000000,1.000000,0.647970,0.166667,0.607076,0.994419,0.670194,0.638361
s27::cand07,1.000000,0.993225,0.976945,1.000000,0.000000,0.000000,1.000000,1.000000,0.741892,0.500000,0.313108,0.973811,0.677001,0.699166
s28::cand00,0.833333,0.980104,0.937061,0.292156,0.000000,0.000000,0.805668,0.000000,0.673597,0.111111,0.311990,0.996264,0.423732,0.378223
s28::cand01,0.833333,0.957176,0.884840,0.007773,0.000000,0.000000,0.805668,0.000000,0.671808,0.111111,0.214315,0.992144,0.360635,0.317911
s28::cand02,0.833333,0.958989,0.887844,0.099547,0.000000,0.000000,1.000000,1.000000,0.647044,0.111111,0.236907,0.995255,0.500477,0.480509
s28::cand03,0.833333,0.909683,0.836375,0.006514,0.000000,0.000000,0.805668,0.000000,0.600418,0.111111,0.249284,0.997195,0.319963,0.260857
s28::cand04,0.833333,0.961533,0.887279,0.007773,0.000000,0.000000,0.805668,0.000000,0.630110,0.111111,0.241832,0.997022,0.361172,0.311375
s28::cand05,0.833333,0.972901,0.920236,0.292156,0.000000,0.000000,1.000000,1.000000,0.701579,0.333333,0.263073,0.996568,0.565074,0.553738
s28::cand06,0.833333,0.977489,0.928688,0.292156,0.000000,0.000000,0.805668,0.000000,0.633927,0.222222,0.199874,0.993689,0.408320,0.375764
s28::cand07,0.833333,0.968601,0.870555,0.006514,0.000000,0.000000,0.805668,0.000000,0.575148,0.111111,0.201191,0.997193,0.343439,0.295065
s29::cand00,1.000000,0.998054,0.985085,1.000000,1.000000,0.000000,1.000000,1.000000,0.848691,0.750000,0.586617,0.984172,0.841089,0.853833
s29::cand01,0.166667,0.996433,0.979842,1.000000,1.000000,0.000000,1.000000,1.000000,0.801509,0.083333,0.663671,0.996115,0.720458,0.690279
s29::cand02,0.166667,0.993090,0.954175,1.000000,1.000000,0.000000,1.000000,1.000000,0.726396,0.166667,0.630020,0.996129,0.699728,0.669615
s29::cand03,1.000000,0.997651,0.981536,1.000000,1.000000,0.000000,1.000000,1.000000,0.826195,0.250000,0.723044,0.999131,0.817608,0.797104
s29::cand04,1.000000,0.997184,0.983948,1.000000,1.000000,0.000000,1.000000,1.000000,0.853195,0.416667,0.655449,0.995595,0.827928,0.820673
s29::cand05,0.166667,0.996743,0.982362,1.000000,1.000000,0.000000,1.000000,1.000000,0.824031,0.083333,0.648977,0.994430,0.723075,0.696551
s29::cand06,0.500000,0.997385,0.981304,1.000000,1.000000,0.000000,1.000000,1.000000,0.867982,0.083333,0.715875,0.994438,0.766031,0.739699
s29::cand07,0.500000,0.995561,0.978665,1.000000,1.000000,0.000000,1.000000,1.000000,0.817891,0.333333,0.649015,0.987566,0.764465,0.751461
s30::cand00,0.500000,0.994108,0.966438,1.000000,1.000000,1.000000,1.000000,1.000000,0.741374,0.400000,0.703313,0.997286,0.846067,0.835141
s30::cand01,1.000000,0.998099,0.982400,1.000000,1.000000,1.000000,1.000000,1.000000,0.795275,0.400000,0.694138,0.996148,0.903137,0.905646
s30::cand02,1.000000,0.996545,0.970578,1.000000,1.000000,1.000000,0.961796,0.703879,0.670926,0.100000,0.625488,0.988584,0.804035,0.801118
s30::cand03,1.000000,0.993295,0.959097,1.000000,1.000000,1.000000,1.000000,1.000000,0.683033,0.300000,0.740947,0.995306,0.868252,0.858554
s30::cand04,0.500000,0.985955,0.929591,1.000000,1.000000,1.000000,1.000000,1.000000,0.672951,0.400000,0.621667,0.993379,0.806565,0.800969
s30::cand05,1.000000,0.998279,0.965385,1.000000,1.000000,1.000000,1.000000,1.000000,0.706619,0.200000,0.677409,0.993793,0.860740,0.858669
s30::cand06,1.000000,0.995893,0.976684,1.000000,1.000000,1.000000,1.000000,1.000000,0.761581,0.200000,0.722757,0.998859,0.882066,0.874698
s30::cand07,1.000000,0.997360,0.986747,1.000000,1.000000,1.000000,1.000000,1.000000,0.790915,0.200000,0.714066,0.995137,0.888297,0.886109
s31::cand00,1.000000,0.974204,0.889727,0.016547,0.000000,0.813348,0.956288,0.816877,0.569512,0.000000,0.471977,0.930795,0.515129,0.517860
s31::cand01,0.333333,0.961446,0.890640,1.000000,0.800000,0.828598,0.901890,0.512880,0.571540,0.000000,0.413632,0.949059,0.572405,0.579954
s31::cand02,1.000000,0.989955,0.953798,1.000000,0.800000,0.828598,0.956288,0.816877,0.666382,0.666667,0.623549,0.997561,0.824895,0.819533
s31::cand03,1.000000,0.982337,0.911149,1.000000,0.800000,0.828598,0.956288,0.816877,0.547361,0.111111,0.468861,0.974346,0.707823,0.716199
s31::cand04,0.333333,0.969014,0.898894,0.016547,0.000000,0.000000,0.851022,0.000000,0.575030,0.000000,0.446505,0.943859,0.305907,0.260005
s31::cand05,0.166667,0.988738,0.947611,0.469752,0.800000,0.828598,0.918579,0.619363,0.696850,0.222222,0.529537,0.993742,0.639471,0.611740
s31::cand06,1.000000,0.989082,0.932015,1.000000,0.800000,0.828598,0.956288,0.816877,0.594558,0.000000,0.440871,0.978865,0.717018,0.727292
s31::cand07,1.000000,0.981589,0.904554,0.016547,0.000000,0.813348,0.851022,0.000000,0.581354,0.000000,0.403509,0.926008,0.421117,0.417296
s32::cand00,1.000000,0.958942,0.935277,1.000000,1.000000,0.000000,1.000000,1.000000,0.657931,0.555556,0.580166,0.991605,0.761573,0.753542
s32::cand01,1.000000,0.986885,0.961818,1.000000,0.000000,0.000000,1.000000,1.000000,0.692885,0.555556,0.546254,0.990830,0.700108,0.684632
s32::cand02,0.833333,0.910719,0.897556,1.000000,1.000000,0.000000,1.000000,1.000000,0.500103,0.333333,0.605369,0.997801,0.675371,0.642201
s32::cand03,1.000000,0.961887,0.936152,1.000000,1.000000,0.000000,1.000000,1.000000,0.636985,0.666667,0.634722,0.993600,0.775230,0.761560
s32::cand04,1.000000,0.959177,0.935792,1.000000,1.000000,0.000000,0.882928,0.000000,0.604368,0.444444,0.604125,0.991959,0.633236,0.596262
s32::cand05,1.000000,0.954269,0.902978,0.116098,0.666667,0.000000,0.882928,0.000000,0.678269,0.444444,0.554377,0.993458,0.528503,0.475678
s32::cand06,1.000000,0.932635,0.914049,0.116098,0.000000,0.000000,1.000000,1.000000,0.657862,0.444444,0.528401,0.990131,0.572038,0.533722
s32::cand07,1.000000,0.941106,0.950425,0.116098,0.000000,0.000000,0.882928,0.000000,0.579721,0.555556,0.532190,0.983273,0.466119,0.411385
s33::cand00,1.000000,0.997367,0.968399,1.000000,0.000000,0.704163,0.978832,0.893908,0.693605,0.363636,0.563205,0.979238,0.729397,0.726511
s33::cand01,1.000000,0.998289,0.970840,1.000000,0.000000,0.000000,0.899254,0.000000,0.627474,0.363636,0.619808,0.985668,0.575463,0.529774
s33::cand02,1.000000,0.998216,0.978019,1.000000,0.000000,0.000000,0.899254,0.000000,0.620176,0.272727,0.579740,0.974692,0.557748,0.521932
s33::cand03,1.000000,0.996553,0.959412,1.000000,0.000000,0.000000,0.899254,0.000000,0.567835,0.181818,0.613764,0.968696,0.533072,0.492633
s33::cand04,0.833333,0.995030,0.945922,1.000000,0.000000,0.000000,0.899254,0.000000,0.621842,0.272727,0.549678,0.994813,0.541737,0.491113
s33::cand05,1.000000,0.998258,0.966077,1.000000,0.666667,0.704163,1.000000,1.000000,0.582979,0.272727,0.575459,0.981263,0.772600,0.775269
s33::cand06,1.000000,0.991762,0.963212,1.000000,0.000000,0.704163,1.000000,1.000000,0.585903,0.363636,0.565125,0.989079,0.725708,0.714323
s33::cand07,1.000000,0.998123,0.972419,1.000000,0.000000,0.704163,0.978832,0.893908,0.655510,0.272727,0.502044,0.990129,0.716812,0.710761
s34::cand00,1.000000,0.988217,0.943003,1.000000,1.000000,1.000000,1.000000,1.000000,0.640769,0.000000,0.354028,0.967871,0.769988,0.810155
s34::cand01,1.000000,0.973575,0.943557,1.000000,1.000000,1.000000,0.974799,0.854897,0.662101,0.000000,0.357735,0.985365,0.762107,0.786863
s34::cand02,1.000000,0.974181,0.944670,1.000000,1.000000,1.000000,0.974799,0.854897,0.604858,0.200000,0.363985,0.976540,0.763595,0.794608
s34::cand03,1.000000,0.994764,0.962738,1.000000,1.000000,1.000000,1.000000,1.000000,0.671966,0.200000,0.430896,0.992897,0.825653,0.848182
s34::cand05,1.000000,0.993368,0.973155,1.000000,1.000000,1.000000,1.000000,1.000000,0.703777,0.000000,0.415998,0.978799,0.807497,0.839038
s34::cand04,1.000000,0.985369,0.955621,1.000000,1.000000,1.000000,1.000000,1.000000,0.611055,0.000000,0.476658,0.991662,0.795604,0.807323
s34::cand06,1.000000,0.985474,0.963716,1.000000,1.000000,1.000000,1.000000,1.000000,0.689343,0.000000,0.466234,0.990143,0.811133,0.828428
s34::cand07,1.000000,0.978488,0.938104,1.000000,1.000000,1.000000,0.932449,0.000000,0.618504,0.000000,0.519842,0.989419,0.691755,0.679002
s35::cand00,1.000000,0.986822,0.969552,1.000000,1.000000,0.000000,0.882928,0.000000,0.776942,1.000000,0.528016,0.991268,0.725391,0.716926
s35::cand01,1.000000,0.996242,0.984881,1.000000,1.000000,0.000000,1.000000,1.000000,0.836110,0.333333,0.613177,0.995359,0.813157,0.808433
s35::cand02,1.000000,0.996097,0.984494,1.000000,1.000000,0.000000,1.000000,1.000000,0.856568,1.000000,0.423216,0.990471,0.849416,0.879515
s35::cand03,1.000000,0.992014,0.975338,1.000000,1.000000,0.000000,1.000000,1.000000,0.726866,0.333333,0.425487,0.994033,0.767245,0.777902
s35::cand04,1.000000,0.998915,0.982088,1.000000,1.000000,0.000000,1.000000,1.000000,0.792071,0.000000,0.491089,0.974421,0.750988,0.765151
s35::cand05,1.000000,0.997407,0.985635,1.000000,1.000000,0.000000,1.000000,1.000000,0.811169,1.000000,0.481108,0.989786,0.847327,0.870267
s35::cand06,1.000000,0.987759,0.972067,1.000000,1.000000,0.000000,1.000000,1.000000,0.784350,0.333333,0.514018,0.989484,0.781787,0.787721
s35::cand07,1.000000,0.998428,0.988664,1.000000,1.000000,0.000000,0.882928,0.000000,0.876357,1.000000,0.565401,0.991626,0.759084,0.752392
s36::cand00,1.000000,0.999630,0.983644,1.000000,1.000000,0.000000,1.000000,1.000000,0.715755,0.250000,0.410022,0.996666,0.763888,0.773802
s36::cand01,1.000000,0.995509,0.972930,1.000000,1.000000,0.000000,1.000000,1.000000,0.632479,0.125000,0.442480,0.987751,0.730291,0.736226
s36::cand02,1.000000,0.996070,0.979252,1.000000,1.000000,0.000000,1.000000,1.000000,0.700828,0.625000,0.566691,0.998207,0.806878,0.804553
s36::cand03,1.000000,0.997360,0.977395,1.000000,1.000000,0.000000,1.000000,1.000000,0.751551,0.000000,0.471440,0.998904,0.754702,0.753362
s36::cand04,1.000000,0.994325,0.961846,1.000000,1.000000,0.000000,1.000000,1.000000,0.707751,0.000000,0.487863,0.996584,0.740253,0.735736
s36::cand05,1.000000,0.997340,0.978092,1.000000,1.000000,0.000000,1.000000,1.000000,0.749569,0.000000,0.500893,0.998209,0.757194,0.753188
s36::cand06,0.666667,0.966063,0.949749,1.000000,1.000000,0.000000,1.000000,1.000000,0.553995,0.000000,0.366693,0.993364,0.654208,0.650147
s36::cand07,1.000000,0.999048,0.994498,1.000000,1.000000,0.000000,1.000000,1.000000,0.860170,0.375000,0.541332,0.997932,0.819609,0.823223
s37::cand00,0.833333,0.997348,0.978896,0.112693,0.400000,0.704163,0.978832,0.893908,0.674632,0.000000,0.583851,0.996835,0.657922,0.624701
s37::cand01,1.000000,0.990239,0.974033,1.000000,1.000000,1.000000,1.000000,1.000000,0.716130,0.000000,0.568390,0.991706,0.833136,0.840819
s37::cand02,0.833333,0.981945,0.917734,0.112693,0.400000,0.704163,0.978832,0.893908,0.646823,0.000000,0.494139,0.998674,0.617960,0.586599
s37::cand03,0.833333,0.988706,0.950757,1.000000,1.000000,1.000000,0.978832,0.893908,0.664951,0.000000,0.636613,0.985768,0.790421,0.785538
s37::cand04,1.000000,0.985675,0.946242,1.000000,1.000000,1.000000,1.000000,1.000000,0.591132,0.000000,0.535187,0.995352,0.797226,0.799106
s37::cand05,0.833333,0.994895,0.978097,1.000000,1.000000,1.000000,1.000000,1.000000,0.701189,0.000000,0.536045,0.986095,0.812564,0.824479
s37::cand06,1.000000,0.995227,0.983354,1.000000,1.000000,1.000000,1.000000,1.000000,0.758853,0.000000,0.598914,0.996919,0.852728,0.856514
s37::cand07,0.833333,0.995381,0.979151,1.000000,1.000000,1.000000,0.978832,0.893908,0.712763,0.000000,0.552790,0.996058,0.809368,0.810929
s38::cand00,1.000000,0.980855,0.904871,1.000000,0.000000,0.000000,1.000000,1.000000,0.611183,0.000000,0.468138,0.989636,0.607828,0.584610
s38::cand01,0.500000,0.958799,0.856151,0.109383,0.000000,0.000000,1.000000,1.000000,0.611313,0.000000,0.464039,0.978107,0.459468,0.415905
s38::cand02,1.000000,0.925579,0.870379,0.141202,0.000000,0.000000,1.000000,1.000000,0.553274,0.400000,0.359490,0.964610,0.499279,0.487112
s38::cand03,1.000000,0.979498,0.937706,0.141202,0.000000,0.000000,0.882928,0.000000,0.565847,0.000000,0.423666,0.969276,0.408794,0.366910
s38::cand05,1.000000,0.990846,0.893526,1.000000,0.666667,0.000000,1.000000,1.000000,0.630812,0.000000,0.328798,0.976956,0.644248,0.655490
s38::cand04,1.000000,0.974027,0.911445,0.141202,0.000000,0.000000,1.000000,1.000000,0.587865,0.000000,0.439329,0.981402,0.523308,0.493094
s38::cand06,1.000000,0.944438,0.847252,0.141202,0.000000,0.000000,0.891740,0.607574,0.540415,0.000000,0.388572,0.937811,0.389367,0.372050
s38::cand07,1.000000,0.969559,0.895848,0.141202,0.000000,0.000000,1.000000,1.000000,0.619730,0.000000,0.486561,0.980523,0.526750,0.491970
s39::cand00,1.000000,0.987895,0.952153,1.000000,1.000000,0.000000,1.000000,1.000000,0.619350,0.375000,0.425114,0.989719,0.738206,0.746399
s39::cand01,0.500000,0.990816,0.966521,1.000000,1.000000,0.000000,1.000000,1.000000,0.582866,0.125000,0.522352,0.981412,0.679659,0.670291
s39::cand02,0.666667,0.994646,0.974874,1.000000,1.000000,0.000000,1.000000,1.000000,0.584915,0.125000,0.504612,0.983123,0.697423,0.692525
s39::cand03,0.166667,0.988873,0.962359,1.000000,1.000000,0.000000,1.000000,1.000000,0.644395,0.250000,0.489812,0.997128,0.678397,0.660848
s39::cand05,1.000000,0.996465,0.968275,1.000000,1.000000,0.000000,1.000000,1.000000,0.642792,0.125000,0.559790,0.998173,0.749908,0.737082
s39::cand04,0.333333,0.982712,0.935992,1.000000,1.000000,0.000000,1.000000,1.000000,0.578903,0.125000,0.551347,0.985712,0.657413,0.636670
s39::cand06,1.000000,0.992431,0.967404,1.000000,1.000000,0.000000,1.000000,1.000000,0.548073,0.125000,0.460103,0.990808,0.715122,0.713476
s39::cand07,1.000000,0.990029,0.961642,1.000000,1.000000,0.000000,1.000000,1.000000,0.584356,0.125000,0.565116,0.990780,0.730094,0.718287
s40::cand00,1.000000,0.969090,0.890668,0.003459,0.400000,0.704163,0.938776,0.694119,0.674934,0.416667,0.568740,0.994215,0.627352,0.591916
s40::cand01,1.000000,0.989381,0.947782,0.000763,0.800000,0.704163,1.000000,1.000000,0.741126,0.416667,0.450388,0.990884,0.725838,0.727496
s40::cand02,1.000000,0.994532,0.973611,0.000763,0.400000,0.704163,1.000000,1.000000,0.724793,0.666667,0.576162,0.993984,0.736072,0.721625
s40::cand03,0.500000,0.974476,0.869833,0.422600,0.500000,0.000000,0.938776,0.694119,0.647478,0.250000,0.656353,0.997904,0.557592,0.494391
s40::cand04,1.000000,0.988130,0.887194,0.003459,0.400000,0.704163,1.000000,1.000000,0.637643,0.416667,0.629336,0.983628,0.666165,0.638979
s40::cand06,0.833333,0.978335,0.932740,1.000000,1.000000,1.000000,1.000000,1.000000,0.692463,0.416667,0.580353,0.992232,0.832642,0.838322
s40::cand05,1.000000,0.997244,0.961673,0.000359,0.000000,0.000000,0.659091,0.000000,0.751916,0.666667,0.688507,0.998891,0.494282,0.413630
s40::cand07,0.500000,0.969391,0.900140,0.003459,0.400000,0.704163,1.000000,1.000000,0.664761,0.250000,0.551148,0.995379,0.612571,0.575497
