key,id,ref,est,degraded_metrics,dim_target,genre,harmony_tonality.chroma_similarity.chroma_dtw_cosine,harmony_tonality.chroma_similarity.mean_chroma_cosine,harmony_tonality.key_relatedness.distance_norm_0to1,magnitude,melodic_content.contour_dtw_similarity,melodic_content.motif_3gram_recall,perturbation,rhythm_meter.beat_mir_eval.F-measure,rhythm_meter.beat_mir_eval.Information gain,rhythm_meter.delta_bpm_folded,source_id,structural_form.ari,structural_form.pairwise_f,timbre_texture.mean_mfcc_cosine,timbre_texture.mfcc_skl_similarity
s01::cand01,s01::cand01,results/rerank_ace/audio/s01__A.wav,results/rerank_ace/audio/s01_cand01__B.wav,,rerank,s01,0.9592012411393295,0.9857098330184505,0.16666666666666666,1.0,0.6543695546317986,0.0,ace_inpaint_candidate,0.0,0.0,45.35246548587329,s01,0.0,0.9661214953271028,0.9959226634299425,0.23508950116277838
s01::cand03,s01::cand03,results/rerank_ace/audio/s01__A.wav,results/rerank_ace/audio/s01_cand03__B.wav,,rerank,s01,0.937067323652772,0.9502442410848827,0.0,3.0,0.6060730420008166,0.0,ace_inpaint_candidate,0.0,0.0,10.745531892123289,s01,1.0,1.0,0.9910641399049909,0.1387379911599663
s01::cand05,s01::cand05,results/rerank_ace/audio/s01__A.wav,results/rerank_ace/audio/s01_cand05__B.wav,,rerank,s01,0.9313929450069879,0.9575601322990719,0.0,5.0,0.620876255919866,0.5,ace_inpaint_candidate,0.0,0.0,12.454516267123289,s01,1.0,1.0,0.988269456806821,0.11234880192599331
s01::cand02,s01::cand02,results/rerank_ace/audio/s01__A.wav,results/rerank_ace/audio/s01_cand02__B.wav,,rerank,s01,0.9115433339532888,0.9007502770488919,0.0,2.0,0.6133268595777108,0.0,ace_inpaint_candidate,0.0,0.0,9.154408508502598,s01,1.0,1.0,0.975574898470105,0.19457200862866003
s01::cand04,s01::cand04,results/rerank_ace/audio/s01__A.wav,results/rerank_ace/audio/s01_cand04__B.wav,,rerank,s01,0.9315857424687121,0.9736517134916228,0.0,4.0,0.6519649975890368,0.0,ace_inpaint_candidate,0.0,0.0,2.2690414251844047,s01,1.0,1.0,0.9904780489353233,0.34441706940948374
s01::cand00,s01::cand00,results/rerank_ace/audio/s01__A.wav,results/rerank_ace/audio/s01_cand00__B.wav,,rerank,s01,0.9148256749249156,0.9578580685346428,0.16666666666666666,0.0,0.6357384373874825,0.5,ace_inpaint_candidate,0.0,0.0,9.029858732876711,s01,1.0,1.0,0.9914734434557931,0.15253923654199358
s01::cand07,s01::cand07,results/rerank_ace/audio/s01__A.wav,results/rerank_ace/audio/s01_cand07__B.wav,,rerank,s01,0.9403215244844673,0.947003538680127,0.0,7.0,0.5747768561772248,0.0,ace_inpaint_candidate,0.0,0.0,16.28264126712329,s01,1.0,1.0,0.9685502237639244,0.20410274107064585
s01::cand06,s01::cand06,results/rerank_ace/audio/s01__A.wav,results/rerank_ace/audio/s01_cand06__B.wav,,rerank,s01,0.9220004055500255,0.9491396366689404,0.0,6.0,0.6134873346820773,0.25,ace_inpaint_candidate,0.0,0.0,1.5170162671232887,s01,1.0,1.0,0.9881827086660866,0.2025270279222716
s02::cand00,s02::cand00,results/rerank_ace/audio/s02__A.wav,results/rerank_ace/audio/s02_cand00__B.wav,,rerank,s02,0.9922882771516653,0.9988722686641108,0.0,0.0,0.7933080154909624,0.2857142857142857,ace_inpaint_candidate,1.0,1.0,0.0,s02,1.0,1.0,0.9940312588052883,0.6713429369747093
s02::cand01,s02::cand01,results/rerank_ace/audio/s02__A.wav,results/rerank_ace/audio/s02_cand01__B.wav,,rerank,s02,0.9869861512114728,0.9973389932632387,0.16666666666666666,1.0,0.6780118657224466,0.14285714285714285,ace_inpaint_candidate,1.0,1.0,0.0,s02,1.0,1.0,0.9879312505559398,0.6984394255626997
s02::cand02,s02::cand02,results/rerank_ace/audio/s02__A.wav,results/rerank_ace/audio/s02_cand02__B.wav,,rerank,s02,0.9775109149445353,0.9974734267590485,0.16666666666666666,2.0,0.7328540071658647,0.2857142857142857,ace_inpaint_candidate,1.0,1.0,0.0,s02,1.0,1.0,0.9938337574206663,0.6859646808573291
s02::cand03,s02::cand03,results/rerank_ace/audio/s02__A.wav,results/rerank_ace/audio/s02_cand03__B.wav,,rerank,s02,0.9757939761587296,0.9953559680789863,0.16666666666666666,3.0,0.6630440428242086,0.2857142857142857,ace_inpaint_candidate,1.0,1.0,0.0,s02,1.0,1.0,0.9920708534761511,0.6872798971866523
s02::cand04,s02::cand04,results/rerank_ace/audio/s02__A.wav,results/rerank_ace/audio/s02_cand04__B.wav,,rerank,s02,0.9851695991922459,0.9991569836488672,0.0,4.0,0.7318125256330138,0.5714285714285714,ace_inpaint_candidate,1.0,1.0,0.0,s02,0.7501223421018245,0.9604715672676838,0.9964154889040157,0.6592911781098718
s02::cand05,s02::cand05,results/rerank_ace/audio/s02__A.wav,results/rerank_ace/audio/s02_cand05__B.wav,,rerank,s02,0.9883101403342672,0.9992584484598726,0.16666666666666666,5.0,0.7782672818879313,0.2857142857142857,ace_inpaint_candidate,1.0,1.0,0.0,s02,1.0,1.0,0.9911820346887753,0.6064839160047693
s02::cand07,s02::cand07,results/rerank_ace/audio/s02__A.wav,results/rerank_ace/audio/s02_cand07__B.wav,,rerank,s02,0.986168098238749,0.9985663451297874,0.0,7.0,0.7144876244207059,0.5714285714285714,ace_inpaint_candidate,1.0,1.0,0.0,s02,1.0,1.0,0.9975891570395203,0.6084731788814433
s02::cand06,s02::cand06,results/rerank_ace/audio/s02__A.wav,results/rerank_ace/audio/s02_cand06__B.wav,,rerank,s02,0.9773573941688761,0.9968339131972704,0.16666666666666666,6.0,0.6826899550234609,0.5714285714285714,ace_inpaint_candidate,1.0,1.0,0.0,s02,1.0,1.0,0.9971245741244598,0.6863186131788697
s03::cand00,s03::cand00,results/rerank_ace/audio/s03__A.wav,results/rerank_ace/audio/s03_cand00__B.wav,,rerank,s03,0.9682202685838996,0.9887270675516855,0.8333333333333334,0.0,0.6640354001593084,0.2727272727272727,ace_inpaint_candidate,0.0,0.0,0.0,s03,1.0,1.0,0.9923321702399636,0.4184329376858757
s03::cand01,s03::cand01,results/rerank_ace/audio/s03__A.wav,results/rerank_ace/audio/s03_cand01__B.wav,,rerank,s03,0.9531480431617335,0.9855772672701567,0.8333333333333334,1.0,0.6705082197979172,0.2727272727272727,ace_inpaint_candidate,0.0,0.0,0.0,s03,1.0,1.0,0.9963075268412608,0.5690191647137002
s03::cand04,s03::cand04,results/rerank_ace/audio/s03__A.wav,results/rerank_ace/audio/s03_cand04__B.wav,,rerank,s03,0.9654973714812398,0.9950597629408247,0.0,4.0,0.6962734340203025,0.2727272727272727,ace_inpaint_candidate,0.0,0.0,0.0,s03,1.0,1.0,0.9887968885208536,0.5172717893773094
s03::cand03,s03::cand03,results/rerank_ace/audio/s03__A.wav,results/rerank_ace/audio/s03_cand03__B.wav,,rerank,s03,0.979526152422577,0.9964777273286004,0.0,3.0,0.7117145328461265,0.45454545454545453,ace_inpaint_candidate,0.0,0.0,0.0,s03,1.0,1.0,0.9864111491136387,0.5489443762679735
s03::cand05,s03::cand05,results/rerank_ace/audio/s03__A.wav,results/rerank_ace/audio/s03_cand05__B.wav,,rerank,s03,0.9481835391085267,0.9912174653305791,0.0,5.0,0.6460778546283767,0.2727272727272727,ace_inpaint_candidate,0.0,0.0,0.0,s03,1.0,1.0,0.9789245425928462,0.6237360434489536
s03::cand02,s03::cand02,results/rerank_ace/audio/s03__A.wav,results/rerank_ace/audio/s03_cand02__B.wav,,rerank,s03,0.9785279987591557,0.995694458212012,0.0,2.0,0.6957006427914342,0.2727272727272727,ace_inpaint_candidate,0.0,0.0,0.0,s03,1.0,1.0,0.9875772691069961,0.5682153256454765
s03::cand07,s03::cand07,results/rerank_ace/audio/s03__A.wav,results/rerank_ace/audio/s03_cand07__B.wav,,rerank,s03,0.9303792714331598,0.9738344514086137,0.0,7.0,0.6287879423799734,0.2727272727272727,ace_inpaint_candidate,0.0,0.0,0.0,s03,1.0,1.0,0.9938214360345738,0.5317716026116214
s03::cand06,s03::cand06,results/rerank_ace/audio/s03__A.wav,results/rerank_ace/audio/s03_cand06__B.wav,"[""structural_form""]",rerank,s03,0.932716317449402,0.971948019536365,0.8333333333333334,6.0,0.5912196749708728,0.2727272727272727,ace_inpaint_candidate,0.0,0.0,0.0,s03,1.0,1.0,0.9907892959939816,0.47942921689291146
s04::cand00,s04::cand00,results/rerank_ace/audio/s04__A.wav,results/rerank_ace/audio/s04_cand00__B.wav,,rerank,s04,0.9720844693166731,0.9917084412575835,0.0,0.0,0.6807502523565379,0.2,ace_inpaint_candidate,0.0,0.0,0.0,s04,1.0,1.0,0.9975407544875997,0.08463687737157748
s04::cand01,s04::cand01,results/rerank_ace/audio/s04__A.wav,results/rerank_ace/audio/s04_cand01__B.wav,,rerank,s04,0.9477720134426083,0.987146923702812,0.0,1.0,0.6642756825596672,1.0,ace_inpaint_candidate,0.0,0.0,5.1066884881422965,s04,1.0,1.0,0.9972208866806536,0.051305535209103754
s04::cand02,s04::cand02,results/rerank_ace/audio/s04__A.wav,results/rerank_ace/audio/s04_cand02__B.wav,,rerank,s04,0.9772656548040105,0.9824065306703317,0.6666666666666666,2.0,0.6580720006990671,0.6,ace_inpaint_candidate,0.0,0.0,36.704323508522734,s04,1.0,1.0,0.9953951473082321,0.08765483323261311
s04::cand03,s04::cand03,results/rerank_ace/audio/s04__A.wav,results/rerank_ace/audio/s04_cand03__B.wav,,rerank,s04,0.9765517165919428,0.9978195125555405,0.0,3.0,0.6929708483453478,0.4,ace_inpaint_candidate,0.0,0.0,70.04127788782318,s04,1.0,1.0,0.9945214074272424,0.31191974486726426
s04::cand04,s04::cand04,results/rerank_ace/audio/s04__A.wav,results/rerank_ace/audio/s04_cand04__B.wav,,rerank,s04,0.8918281954796852,0.9119882620270026,0.0,4.0,0.6420015418784999,0.2,ace_inpaint_candidate,0.0,0.0,0.0,s04,1.0,1.0,0.9926926668383547,0.2783365533643833
s04::cand05,s04::cand05,results/rerank_ace/audio/s04__A.wav,results/rerank_ace/audio/s04_cand05__B.wav,,rerank,s04,0.946032685472691,0.9792533242955039,0.0,5.0,0.6442691686973859,1.0,ace_inpaint_candidate,0.0,0.0,0.0,s04,1.0,1.0,0.9986531435319024,0.10085651523540497
s04::cand06,s04::cand06,results/rerank_ace/audio/s04__A.wav,results/rerank_ace/audio/s04_cand06__B.wav,,rerank,s04,0.9218585868071798,0.9296171071934355,0.0,6.0,0.6628588943264717,0.2,ace_inpaint_candidate,0.0,0.0,0.0,s04,1.0,1.0,0.9836664063305538,0.2532793264314769
s04::cand07,s04::cand07,results/rerank_ace/audio/s04__A.wav,results/rerank_ace/audio/s04_cand07__B.wav,,rerank,s04,0.9870629237479056,0.9979872889514009,0.0,7.0,0.707013274521807,0.8,ace_inpaint_candidate,0.0,0.0,45.676491477272734,s04,1.0,1.0,0.9982754684458284,0.2383447756436009
s05::cand00,s05::cand00,results/rerank_ace/audio/s05__A.wav,results/rerank_ace/audio/s05_cand00__B.wav,,rerank,s05,0.9732835569687575,0.996091426038179,0.0,0.0,0.6997169379578454,0.42857142857142855,ace_inpaint_candidate,0.0,0.0,3.182246767241381,s05,1.0,1.0,0.9975836965935597,0.5321977150906874
s05::cand01,s05::cand01,results/rerank_ace/audio/s05__A.wav,results/rerank_ace/audio/s05_cand01__B.wav,,rerank,s05,0.9701037069997073,0.9961507460299422,0.0,1.0,0.6644216327933485,0.2857142857142857,ace_inpaint_candidate,0.0,0.0,0.0,s05,0.0,0.983050847457627,0.9967114065943733,0.5545605987458583
s05::cand02,s05::cand02,results/rerank_ace/audio/s05__A.wav,results/rerank_ace/audio/s05_cand02__B.wav,,rerank,s05,0.9844579845620026,0.9977984655072123,0.0,2.0,0.7364265733984827,0.2857142857142857,ace_inpaint_candidate,0.0,0.0,0.0,s05,0.0,0.983050847457627,0.9951602519505794,0.5042419164785631
s05::cand04,s05::cand04,results/rerank_ace/audio/s05__A.wav,results/rerank_ace/audio/s05_cand04__B.wav,,rerank,s05,0.9771783149660471,0.9963894261833712,0.0,4.0,0.7580819764998954,1.0,ace_inpaint_candidate,0.0,0.0,6.15234375,s05,0.0,0.8668373879641486,0.9974770945088524,0.5399174309584832
s05::cand06,s05::cand06,results/rerank_ace/audio/s05__A.wav,results/rerank_ace/audio/s05_cand06__B.wav,,rerank,s05,0.9802535269426031,0.997852565449668,0.0,6.0,0.7813919123203177,0.42857142857142855,ace_inpaint_candidate,0.0,0.0,3.182246767241381,s05,0.0,0.8668373879641486,0.9926559884421071,0.4821982274577691
s05::cand05,s05::cand05,results/rerank_ace/audio/s05__A.wav,results/rerank_ace/audio/s05_cand05__B.wav,,rerank,s05,0.9750665583532571,0.9973985544659562,0.0,5.0,0.7324042893779903,0.42857142857142855,ace_inpaint_candidate,0.0,0.0,0.0,s05,1.0,1.0,0.9965995096801922,0.6060898511289902
s05::cand03,s05::cand03,results/rerank_ace/audio/s05__A.wav,results/rerank_ace/audio/s05_cand03__B.wav,,rerank,s05,0.9732047391601107,0.9968699971923086,0.0,3.0,0.7094419945066391,1.0,ace_inpaint_candidate,0.0,0.0,3.182246767241381,s05,1.0,1.0,0.9978398614336395,0.4916318458166219
s05::cand07,s05::cand07,results/rerank_ace/audio/s05__A.wav,results/rerank_ace/audio/s05_cand07__B.wav,,rerank,s05,0.9507797967928782,0.9721661382949073,0.16666666666666666,7.0,0.6149645640114874,0.14285714285714285,ace_inpaint_candidate,0.0,0.0,0.0,s05,0.0,0.983050847457627,0.9754644992333493,0.4561473730740293
s06::cand00,s06::cand00,results/rerank_ace/audio/s06__A.wav,results/rerank_ace/audio/s06_cand00__B.wav,,rerank,s06,0.9206064653253992,0.9612509539039822,0.0,0.0,0.5271649578011537,0.0,ace_inpaint_candidate,0.0,0.0,32.57123161764707,s06,0.0,0.8203932022659113,0.9956292378131669,0.3474044674793444
s06::cand01,s06::cand01,results/rerank_ace/audio/s06__A.wav,results/rerank_ace/audio/s06_cand01__B.wav,,rerank,s06,0.9189401557649574,0.9638615950029975,0.0,1.0,0.5920859102122443,0.0,ace_inpaint_candidate,0.0,0.0,46.76894796380091,s06,0.0,0.791396381017412,0.9796435517838814,0.3330448693490277
s06::cand03,s06::cand03,results/rerank_ace/audio/s06__A.wav,results/rerank_ace/audio/s06_cand03__B.wav,,rerank,s06,0.914980068538047,0.9353857212783083,0.6666666666666666,3.0,0.5090363335014021,0.0,ace_inpaint_candidate,0.0,0.0,8.444393382352928,s06,1.0,1.0,0.9894613034662075,0.38506142235827284
s06::cand02,s06::cand02,results/rerank_ace/audio/s06__A.wav,results/rerank_ace/audio/s06_cand02__B.wav,,rerank,s06,0.9125784338620438,0.9557841293599368,0.5,2.0,0.5370025098836522,0.0,ace_inpaint_candidate,0.0,0.0,0.0,s06,1.0,1.0,0.9940830443334581,0.41910573764189785
s06::cand04,s06::cand04,results/rerank_ace/audio/s06__A.wav,results/rerank_ace/audio/s06_cand04__B.wav,,rerank,s06,0.895686817218975,0.9256866163529036,1.0,4.0,0.5597291684121317,0.0,ace_inpaint_candidate,0.0,0.0,9.499942555147072,s06,1.0,1.0,0.9920170681992675,0.32810419523441503
s06::cand06,s06::cand06,results/rerank_ace/audio/s06__A.wav,results/rerank_ace/audio/s06_cand06__B.wav,,rerank,s06,0.8590594772930354,0.9112160513375365,0.6666666666666666,6.0,0.5270473562490747,0.0,ace_inpaint_candidate,0.0,0.0,44.33306525735293,s06,0.0,0.8668373879641486,0.9851511499378504,0.33024554461368577
s06::cand05,s06::cand05,results/rerank_ace/audio/s06__A.wav,results/rerank_ace/audio/s06_cand05__B.wav,,rerank,s06,0.8826464589996413,0.9488219570804393,0.5,5.0,0.5204806171768284,0.0,ace_inpaint_candidate,0.0,0.0,9.499942555147072,s06,1.0,1.0,0.990941269676811,0.3208942141659506
s06::cand07,s06::cand07,results/rerank_ace/audio/s06__A.wav,results/rerank_ace/audio/s06_cand07__B.wav,,rerank,s06,0.9039210759955215,0.9361919359726736,0.6666666666666666,7.0,0.5281242995207936,0.0,ace_inpaint_candidate,0.0,0.0,48.63970588235293,s06,1.0,1.0,0.9910033154134279,0.3756555035511915
s07::cand00,s07::cand00,results/rerank_ace/audio/s07__A.wav,results/rerank_ace/audio/s07_cand00__B.wav,,rerank,s07,0.9921920625083721,0.999420873860522,0.0,0.0,0.9006608174066633,0.46153846153846156,ace_inpaint_candidate,1.0,0.0,0.0,s07,1.0,1.0,0.9981148963171511,0.7934706118156735
s07::cand01,s07::cand01,results/rerank_ace/audio/s07__A.wav,results/rerank_ace/audio/s07_cand01__B.wav,,rerank,s07,0.9877770279023248,0.9991133261782069,0.0,1.0,0.8515119398998499,0.5384615384615384,ace_inpaint_candidate,0.0,0.0,0.0,s07,1.0,1.0,0.998087581214686,0.7687733313708276
s07::cand02,s07::cand02,results/rerank_ace/audio/s07__A.wav,results/rerank_ace/audio/s07_cand02__B.wav,,rerank,s07,0.9799444731252763,0.9970806618298681,0.0,2.0,0.7858635380426595,0.23076923076923078,ace_inpaint_candidate,0.0,0.0,0.0,s07,1.0,1.0,0.993592905667795,0.7588212779896385
s07::cand03,s07::cand03,results/rerank_ace/audio/s07__A.wav,results/rerank_ace/audio/s07_cand03__B.wav,,rerank,s07,0.9914708895268336,0.9993566431808395,0.0,3.0,0.8701149445566753,0.5384615384615384,ace_inpaint_candidate,1.0,0.0,0.0,s07,1.0,1.0,0.99549223620018,0.7691369677611515
s07::cand04,s07::cand04,results/rerank_ace/audio/s07__A.wav,results/rerank_ace/audio/s07_cand04__B.wav,,rerank,s07,0.9853512832936773,0.9985205605060208,0.0,4.0,0.8541276291349997,0.6923076923076923,ace_inpaint_candidate,1.0,0.0,0.0,s07,1.0,1.0,0.9951012762074029,0.7915472520904868
s07::cand05,s07::cand05,results/rerank_ace/audio/s07__A.wav,results/rerank_ace/audio/s07_cand05__B.wav,,rerank,s07,0.9934202695864954,0.9995151221531885,0.0,5.0,0.8864058606139319,1.0,ace_inpaint_candidate,1.0,0.0,0.0,s07,1.0,1.0,0.9972471467950096,0.8100123139215762
s07::cand06,s07::cand06,results/rerank_ace/audio/s07__A.wav,results/rerank_ace/audio/s07_cand06__B.wav,,rerank,s07,0.989650570268845,0.9993422453656667,0.0,6.0,0.8818071821540023,0.6923076923076923,ace_inpaint_candidate,1.0,0.0,0.0,s07,1.0,1.0,0.9978695520257618,0.8482495594561034
s07::cand07,s07::cand07,results/rerank_ace/audio/s07__A.wav,results/rerank_ace/audio/s07_cand07__B.wav,,rerank,s07,0.9921682391927265,0.9985248191242634,0.0,7.0,0.9162688987308052,0.3076923076923077,ace_inpaint_candidate,1.0,0.0,0.0,s07,1.0,1.0,0.9973910214417507,0.8331081969728561
s08::cand00,s08::cand00,results/rerank_ace/audio/s08__A.wav,results/rerank_ace/audio/s08_cand00__B.wav,,rerank,s08,0.980847537815568,0.9871969383807565,0.0,0.0,0.6474069345983309,0.0,ace_inpaint_candidate,1.0,1.0,0.0,s08,1.0,1.0,0.9511381914553475,0.6612197026029601
s08::cand01,s08::cand01,results/rerank_ace/audio/s08__A.wav,results/rerank_ace/audio/s08_cand01__B.wav,,rerank,s08,0.9858664256614862,0.9860472736429559,0.0,1.0,0.6589564454606884,1.0,ace_inpaint_candidate,1.0,1.0,0.0,s08,1.0,1.0,0.9596906858856393,0.7651008931514717
s08::cand02,s08::cand02,results/rerank_ace/audio/s08__A.wav,results/rerank_ace/audio/s08_cand02__B.wav,,rerank,s08,0.9638552933895749,0.9614841401250608,0.0,2.0,0.6128950181141102,0.0,ace_inpaint_candidate,1.0,1.0,0.0,s08,0.0,0.9492430988423864,0.99525854332329,0.71509964464829
s08::cand03,s08::cand03,results/rerank_ace/audio/s08__A.wav,results/rerank_ace/audio/s08_cand03__B.wav,,rerank,s08,0.991411672126125,0.9957591440741299,0.5,3.0,0.7230281338673,1.0,ace_inpaint_candidate,1.0,1.0,0.0,s08,0.0,0.9157733537519143,0.9393023786739968,0.7522699489997032
s08::cand04,s08::cand04,results/rerank_ace/audio/s08__A.wav,results/rerank_ace/audio/s08_cand04__B.wav,,rerank,s08,0.9889180661236566,0.9935555235053799,0.0,4.0,0.6581687145684176,1.0,ace_inpaint_candidate,1.0,1.0,0.0,s08,0.0,0.9157733537519143,0.9793474025165072,0.6314828056089083
s08::cand05,s08::cand05,results/rerank_ace/audio/s08__A.wav,results/rerank_ace/audio/s08_cand05__B.wav,,rerank,s08,0.9892434994333731,0.9952378843518294,0.0,5.0,0.6339287494802419,1.0,ace_inpaint_candidate,1.0,1.0,0.0,s08,0.0,0.9492430988423864,0.9711956473213101,0.7064605091307531
s08::cand06,s08::cand06,results/rerank_ace/audio/s08__A.wav,results/rerank_ace/audio/s08_cand06__B.wav,,rerank,s08,0.9886765293888533,0.9895311584950699,0.0,6.0,0.6400490355491153,1.0,ace_inpaint_candidate,1.0,1.0,0.0,s08,0.0,0.9492430988423864,0.951291349300957,0.7397569790878206
s08::cand07,s08::cand07,results/rerank_ace/audio/s08__A.wav,results/rerank_ace/audio/s08_cand07__B.wav,,rerank,s08,0.9682908933057275,0.9704735166082262,0.0,7.0,0.5887914667952157,0.0,ace_inpaint_candidate,1.0,1.0,0.0,s08,0.0,0.9492430988423864,0.9623092131380022,0.6868135075541151
s09::cand00,s09::cand00,results/rerank_ace/audio/s09__A.wav,results/rerank_ace/audio/s09_cand00__B.wav,,rerank,s09,0.9549405979041384,0.9860851747798027,0.5,0.0,0.5828585659160422,0.2,ace_inpaint_candidate,0.0,0.0,0.0,s09,1.0,1.0,0.9916109615040355,0.4685174629451845
s09::cand01,s09::cand01,results/rerank_ace/audio/s09__A.wav,results/rerank_ace/audio/s09_cand01__B.wav,,rerank,s09,0.9494399240004847,0.98897616734952,0.16666666666666666,1.0,0.6817333863177245,0.4,ace_inpaint_candidate,0.0,0.0,3.41796875,s09,0.0,0.8992537313432836,0.9908603108633934,0.4937023452024757
s09::cand02,s09::cand02,results/rerank_ace/audio/s09__A.wav,results/rerank_ace/audio/s09_cand02__B.wav,,rerank,s09,0.9610355972290375,0.9833794405842468,0.6666666666666666,2.0,0.630820845279781,0.2,ace_inpaint_candidate,1.0,0.0,0.0,s09,0.0,0.8992537313432836,0.9933116215855569,0.3740129141958722
s09::cand05,s09::cand05,results/rerank_ace/audio/s09__A.wav,results/rerank_ace/audio/s09_cand05__B.wav,,rerank,s09,0.9110291132818651,0.9733603209289263,0.6666666666666666,5.0,0.6003707978019885,0.2,ace_inpaint_candidate,0.0,0.0,3.41796875,s09,0.0,0.882928368570527,0.9847535851427763,0.3861581936383313
s09::cand04,s09::cand04,results/rerank_ace/audio/s09__A.wav,results/rerank_ace/audio/s09_cand04__B.wav,,rerank,s09,0.9576235305199807,0.981539692162612,0.6666666666666666,4.0,0.6331863392923367,0.2,ace_inpaint_candidate,0.0,0.0,0.0,s09,0.0,0.8992537313432836,0.9906931419822748,0.5934947250052437
s09::cand06,s09::cand06,results/rerank_ace/audio/s09__A.wav,results/rerank_ace/audio/s09_cand06__B.wav,,rerank,s09,0.9747238399272291,0.9927493234076263,0.16666666666666666,6.0,0.7559392559127964,0.4,ace_inpaint_candidate,0.0,0.0,0.0,s09,0.0,0.8992537313432836,0.980392314893675,0.29724631367574644
s09::cand03,s09::cand03,results/rerank_ace/audio/s09__A.wav,results/rerank_ace/audio/s09_cand03__B.wav,,rerank,s09,0.9373142632947351,0.9697118940997833,0.8333333333333334,3.0,0.6277537814881934,0.1,ace_inpaint_candidate,1.0,0.0,0.0,s09,1.0,1.0,0.9932549675623381,0.554912833855152
s09::cand07,s09::cand07,results/rerank_ace/audio/s09__A.wav,results/rerank_ace/audio/s09_cand07__B.wav,,rerank,s09,0.9580893280287771,0.9840673633033801,0.5,7.0,0.7625959740915812,0.2,ace_inpaint_candidate,1.0,0.0,0.0,s09,1.0,1.0,0.9960288057240475,0.5140643947041033
s10::cand00,s10::cand00,results/rerank_ace/audio/s10__A.wav,results/rerank_ace/audio/s10_cand00__B.wav,,rerank,s10,0.9387473166565629,0.9917804655038918,0.16666666666666666,0.0,0.6464651157834866,0.4,ace_inpaint_candidate,1.0,0.0,0.0,s10,1.0,1.0,0.9983009998146624,0.3024399170349602
s10::cand01,s10::cand01,results/rerank_ace/audio/s10__A.wav,results/rerank_ace/audio/s10_cand01__B.wav,,rerank,s10,0.9076733608336114,0.9677719385388963,0.16666666666666666,1.0,0.5918109270394645,0.2,ace_inpaint_candidate,1.0,0.0,0.0,s10,0.0,0.8992537313432836,0.9986764965120772,0.531657617246544
s10::cand02,s10::cand02,results/rerank_ace/audio/s10__A.wav,results/rerank_ace/audio/s10_cand02__B.wav,,rerank,s10,0.9613053803541697,0.9909685054389694,0.0,2.0,0.6982968154815758,0.2,ace_inpaint_candidate,1.0,0.0,0.0,s10,1.0,1.0,0.9984490622571326,0.5713829694505624
s10::cand03,s10::cand03,results/rerank_ace/audio/s10__A.wav,results/rerank_ace/audio/s10_cand03__B.wav,,rerank,s10,0.9784182869310217,0.992601370128383,0.0,3.0,0.7561066406904446,0.4,ace_inpaint_candidate,1.0,0.0,0.0,s10,1.0,1.0,0.9930841037971132,0.3587901346704028
s10::cand05,s10::cand05,results/rerank_ace/audio/s10__A.wav,results/rerank_ace/audio/s10_cand05__B.wav,,rerank,s10,0.933387498147157,0.9853100678830748,0.6666666666666666,5.0,0.6537768561494866,0.2,ace_inpaint_candidate,1.0,0.0,0.0,s10,1.0,1.0,0.9903375106303064,0.4203950407400313
s10::cand04,s10::cand04,results/rerank_ace/audio/s10__A.wav,results/rerank_ace/audio/s10_cand04__B.wav,,rerank,s10,0.9322541992375697,0.9880045555246211,0.16666666666666666,4.0,0.6333457926760753,0.2,ace_inpaint_candidate,1.0,0.0,0.0,s10,1.0,1.0,0.9982180034025621,0.4909030554235606
s10::cand07,s10::cand07,results/rerank_ace/audio/s10__A.wav,results/rerank_ace/audio/s10_cand07__B.wav,,rerank,s10,0.9284043140826229,0.9882758744783775,0.16666666666666666,7.0,0.6040380790335238,0.2,ace_inpaint_candidate,1.0,0.0,0.0,s10,0.0,0.8992537313432836,0.9929336759484049,0.44194877306727204
s10::cand06,s10::cand06,results/rerank_ace/audio/s10__A.wav,results/rerank_ace/audio/s10_cand06__B.wav,,rerank,s10,0.919566377775957,0.9765036154697514,0.16666666666666666,6.0,0.6134651834301263,0.2,ace_inpaint_candidate,1.0,0.0,0.0,s10,1.0,1.0,0.9940506692813007,0.5791086575364297
s11::cand00,s11::cand00,results/rerank_ace/audio/s11__A.wav,results/rerank_ace/audio/s11_cand00__B.wav,,rerank,s11,0.9859456219332754,0.9975610851538722,0.16666666666666666,0.0,0.6900562769511582,0.25,ace_inpaint_candidate,1.0,0.0,0.0,s11,0.0,0.9157733537519143,0.9941505242314962,0.6495731199542094
s11::cand01,s11::cand01,results/rerank_ace/audio/s11__A.wav,results/rerank_ace/audio/s11_cand01__B.wav,,rerank,s11,0.9872074790344084,0.9977655451794962,0.16666666666666666,1.0,0.7426268018795151,0.16666666666666666,ace_inpaint_candidate,1.0,0.0,0.0,s11,0.0,0.9157733537519143,0.9957649529485482,0.6412413515800224
s11::cand04,s11::cand04,results/rerank_ace/audio/s11__A.wav,results/rerank_ace/audio/s11_cand04__B.wav,,rerank,s11,0.9674992098591829,0.9971266563746107,0.3333333333333333,4.0,0.6807547565008729,0.25,ace_inpaint_candidate,0.0,0.0,22.447740709459453,s11,0.0,0.882928368570527,0.9837289405270198,0.49635322832580375
s11::cand02,s11::cand02,results/rerank_ace/audio/s11__A.wav,results/rerank_ace/audio/s11_cand02__B.wav,,rerank,s11,0.983424776153874,0.9982547040162605,0.3333333333333333,2.0,0.7601334426444646,0.25,ace_inpaint_candidate,1.0,0.0,0.0,s11,1.0,1.0,0.9986139525802523,0.7022957658674677
s11::cand03,s11::cand03,results/rerank_ace/audio/s11__A.wav,results/rerank_ace/audio/s11_cand03__B.wav,,rerank,s11,0.9855055265627554,0.9982264240449938,0.0,3.0,0.7126889471067979,0.25,ace_inpaint_candidate,0.6666666666666666,0.0,20.5078125,s11,0.0,0.9157733537519143,0.9971377312426295,0.7539848773291126
s11::cand05,s11::cand05,results/rerank_ace/audio/s11__A.wav,results/rerank_ace/audio/s11_cand05__B.wav,,rerank,s11,0.9799054265679616,0.9959898796902014,0.16666666666666666,5.0,0.678367959497473,0.08333333333333333,ace_inpaint_candidate,1.0,0.0,0.0,s11,0.0,0.9157733537519143,0.9976189874063338,0.6527155446020174
s11::cand07,s11::cand07,results/rerank_ace/audio/s11__A.wav,results/rerank_ace/audio/s11_cand07__B.wav,,rerank,s11,0.9786789145128341,0.998221249013737,0.0,7.0,0.6707027701045306,0.3333333333333333,ace_inpaint_candidate,0.0,0.0,20.5078125,s11,0.0,0.9157733537519143,0.997626733311012,0.6505306764244643
s11::cand06,s11::cand06,results/rerank_ace/audio/s11__A.wav,results/rerank_ace/audio/s11_cand06__B.wav,,rerank,s11,0.9785220552466627,0.9982973646215211,0.0,6.0,0.7515278873208349,0.3333333333333333,ace_inpaint_candidate,1.0,0.0,0.0,s11,1.0,1.0,0.9942308907925909,0.5240843705199163
s12::cand00,s12::cand00,results/rerank_ace/audio/s12__A.wav,results/rerank_ace/audio/s12_cand00__B.wav,,rerank,s12,0.9472865403795093,0.9972284573628509,0.0,0.0,0.7024182221153883,0.0,ace_inpaint_candidate,0.0,0.0,3.879856418918905,s12,0.0,0.7080291970802919,0.9736590056073184,0.6726953786493233
s12::cand01,s12::cand01,results/rerank_ace/audio/s12__A.wav,results/rerank_ace/audio/s12_cand01__B.wav,,rerank,s12,0.9315581478561901,0.9883405115995806,0.0,1.0,0.6669566780308902,0.0,ace_inpaint_candidate,1.0,1.0,0.0,s12,1.0,1.0,0.9392451886549983,0.6817209996909225
s12::cand02,s12::cand02,results/rerank_ace/audio/s12__A.wav,results/rerank_ace/audio/s12_cand02__B.wav,,rerank,s12,0.960322930791257,0.9961994031710638,0.0,2.0,0.7032248938582331,0.0,ace_inpaint_candidate,1.0,1.0,0.0,s12,1.0,1.0,0.9879247384558455,0.6301092427464976
s12::cand04,s12::cand04,results/rerank_ace/audio/s12__A.wav,results/rerank_ace/audio/s12_cand04__B.wav,,rerank,s12,0.9444551404766077,0.9928092091018567,0.0,4.0,0.6519072144700722,0.1111111111111111,ace_inpaint_candidate,1.0,1.0,0.0,s12,1.0,1.0,0.9561407948307403,0.6976766341830033
s12::cand05,s12::cand05,results/rerank_ace/audio/s12__A.wav,results/rerank_ace/audio/s12_cand05__B.wav,,rerank,s12,0.9719674165276692,0.9979458291412849,0.0,5.0,0.7876548065849571,0.1111111111111111,ace_inpaint_candidate,1.0,1.0,0.0,s12,0.8651095629514985,0.9401260504201681,0.978632123064932,0.7160132948137056
s12::cand03,s12::cand03,results/rerank_ace/audio/s12__A.wav,results/rerank_ace/audio/s12_cand03__B.wav,,rerank,s12,0.9468003619056183,0.9908642178247548,0.0,3.0,0.6205034840805642,0.0,ace_inpaint_candidate,1.0,1.0,0.0,s12,0.0,0.7080291970802919,0.9300534227467775,0.6724735206434114
s12::cand07,s12::cand07,results/rerank_ace/audio/s12__A.wav,results/rerank_ace/audio/s12_cand07__B.wav,,rerank,s12,0.9546501811429536,0.9981757384382758,0.5,7.0,0.7407680351871296,0.0,ace_inpaint_candidate,1.0,1.0,0.0,s12,1.0,1.0,0.9633134868087226,0.6422972092265296
s12::cand06,s12::cand06,results/rerank_ace/audio/s12__A.wav,results/rerank_ace/audio/s12_cand06__B.wav,,rerank,s12,0.9351862486536319,0.9792969519764347,0.0,6.0,0.5292428382018974,0.0,ace_inpaint_candidate,1.0,1.0,0.0,s12,0.0,0.7080291970802919,0.962693255503151,0.39005762786802345
s13::cand00,s13::cand00,results/rerank_ace/audio/s13__A.wav,results/rerank_ace/audio/s13_cand00__B.wav,,rerank,s13,0.9868570454456882,0.9977937135427754,0.0,0.0,0.847686360874476,0.75,ace_inpaint_candidate,0.6666666666666666,0.0,9.499942555147072,s13,1.0,1.0,0.9988347316056225,0.5818560409476561
s13::cand01,s13::cand01,results/rerank_ace/audio/s13__A.wav,results/rerank_ace/audio/s13_cand01__B.wav,,rerank,s13,0.9656067261644231,0.992051845236295,0.0,1.0,0.6559620144090044,0.75,ace_inpaint_candidate,0.6666666666666666,0.0,0.0,s13,1.0,1.0,0.9795775932326644,0.5070298610817516
s13::cand02,s13::cand02,results/rerank_ace/audio/s13__A.wav,results/rerank_ace/audio/s13_cand02__B.wav,,rerank,s13,0.9771514106088628,0.9936347155114289,0.0,2.0,0.7277428716403362,0.5,ace_inpaint_candidate,1.0,0.0,4.606032754010698,s13,1.0,1.0,0.9940105783907962,0.49837910461034063
s13::cand04,s13::cand04,results/rerank_ace/audio/s13__A.wav,results/rerank_ace/audio/s13_cand04__B.wav,,rerank,s13,0.9658255020389885,0.9935229417627605,0.0,4.0,0.6637137286696909,0.75,ace_inpaint_candidate,0.6666666666666666,0.0,0.0,s13,1.0,1.0,0.9917352101301278,0.5169795163232113
s13::cand03,s13::cand03,results/rerank_ace/audio/s13__A.wav,results/rerank_ace/audio/s13_cand03__B.wav,,rerank,s13,0.9672227491366232,0.9927946257796293,0.0,3.0,0.6646899783532649,0.75,ace_inpaint_candidate,0.6666666666666666,0.0,0.0,s13,1.0,1.0,0.9906700092345316,0.6153372887689641
s13::cand05,s13::cand05,results/rerank_ace/audio/s13__A.wav,results/rerank_ace/audio/s13_cand05__B.wav,,rerank,s13,0.9571734496097873,0.9957942136249228,0.0,5.0,0.6259985790513104,0.75,ace_inpaint_candidate,0.6666666666666666,0.0,0.0,s13,1.0,1.0,0.9915812171910224,0.5259610578031594
s13::cand06,s13::cand06,results/rerank_ace/audio/s13__A.wav,results/rerank_ace/audio/s13_cand06__B.wav,,rerank,s13,0.9595429073646226,0.9906988662621468,0.0,6.0,0.6239209865577222,0.5,ace_inpaint_candidate,0.6666666666666666,0.0,0.0,s13,1.0,1.0,0.9844016793878003,0.491134484518376
s13::cand07,s13::cand07,results/rerank_ace/audio/s13__A.wav,results/rerank_ace/audio/s13_cand07__B.wav,,rerank,s13,0.9927913287342521,0.9989304085431219,0.0,7.0,0.8274770980790773,0.75,ace_inpaint_candidate,1.0,0.0,0.0,s13,1.0,1.0,0.9976831708956498,0.6589884040405707
s14::cand00,s14::cand00,results/rerank_ace/audio/s14__A.wav,results/rerank_ace/audio/s14_cand00__B.wav,,rerank,s14,0.9883402934719193,0.9984883446774384,0.0,0.0,0.8328504476003402,0.16666666666666666,ace_inpaint_candidate,1.0,0.0,0.0,s14,1.0,1.0,0.9947958067961518,0.6841014000430916
s14::cand01,s14::cand01,results/rerank_ace/audio/s14__A.wav,results/rerank_ace/audio/s14_cand01__B.wav,,rerank,s14,0.9726649135436795,0.9949401709001375,0.0,1.0,0.6277438377189197,0.0,ace_inpaint_candidate,0.0,0.0,53.8330078125,s14,0.0,0.8992537313432836,0.9959173965458787,0.5441662188432855
s14::cand02,s14::cand02,results/rerank_ace/audio/s14__A.wav,results/rerank_ace/audio/s14_cand02__B.wav,,rerank,s14,0.995393628949592,0.9992992488919212,0.0,2.0,0.9027140347870981,0.16666666666666666,ace_inpaint_candidate,0.0,0.0,53.8330078125,s14,1.0,1.0,0.994200819104044,0.6753623088834843
s14::cand03,s14::cand03,results/rerank_ace/audio/s14__A.wav,results/rerank_ace/audio/s14_cand03__B.wav,,rerank,s14,0.9714445739271025,0.9961898949123346,0.0,3.0,0.7021360375906727,0.0,ace_inpaint_candidate,0.0,0.0,53.8330078125,s14,1.0,1.0,0.9924712938488194,0.520539204596492
s14::cand04,s14::cand04,results/rerank_ace/audio/s14__A.wav,results/rerank_ace/audio/s14_cand04__B.wav,,rerank,s14,0.9935465647299986,0.9992079856871706,0.0,4.0,0.8615970571704197,0.0,ace_inpaint_candidate,0.0,0.0,0.0,s14,1.0,1.0,0.9933464052928511,0.6343624095160298
s14::cand05,s14::cand05,results/rerank_ace/audio/s14__A.wav,results/rerank_ace/audio/s14_cand05__B.wav,,rerank,s14,0.9929404789112128,0.999103549320113,0.0,5.0,0.8526937168997417,0.16666666666666666,ace_inpaint_candidate,1.0,0.0,0.0,s14,1.0,1.0,0.9920186140983334,0.5769752368737054
s14::cand06,s14::cand06,results/rerank_ace/audio/s14__A.wav,results/rerank_ace/audio/s14_cand06__B.wav,,rerank,s14,0.9672736919077692,0.9900742854184693,0.6666666666666666,6.0,0.657851349587727,0.0,ace_inpaint_candidate,1.0,0.0,0.0,s14,1.0,1.0,0.9893558192065979,0.4943388233174576
s14::cand07,s14::cand07,results/rerank_ace/audio/s14__A.wav,results/rerank_ace/audio/s14_cand07__B.wav,,rerank,s14,0.9933195687122099,0.9987897444142814,0.0,7.0,0.8211010297904582,0.0,ace_inpaint_candidate,0.6666666666666666,0.0,0.0,s14,1.0,1.0,0.9967883977892871,0.7311952933098187
s15::cand00,s15::cand00,results/rerank_ace/audio/s15__A.wav,results/rerank_ace/audio/s15_cand00__B.wav,,rerank,s15,0.9119659411664002,0.9652770060779438,0.0,0.0,0.649285706000998,0.3333333333333333,ace_inpaint_candidate,0.0,0.0,29.9072265625,s15,1.0,1.0,0.9536555899818027,0.5823044575461437
s15::cand01,s15::cand01,results/rerank_ace/audio/s15__A.wav,results/rerank_ace/audio/s15_cand01__B.wav,,rerank,s15,0.8995683124127288,0.9799378421369753,0.0,1.0,0.6536749710934205,0.25,ace_inpaint_candidate,0.0,0.0,25.49984580592104,s15,0.0,0.7776243093922651,0.9882656680788,0.6282707950086803
s15::cand02,s15::cand02,results/rerank_ace/audio/s15__A.wav,results/rerank_ace/audio/s15_cand02__B.wav,,rerank,s15,0.9053351644295361,0.9635448436836718,0.0,2.0,0.5885274447144238,0.25,ace_inpaint_candidate,0.4,0.7041629275170908,10.7666015625,s15,0.0,0.8668373879641486,0.9927014913424292,0.48349538878373005
s15::cand04,s15::cand04,results/rerank_ace/audio/s15__A.wav,results/rerank_ace/audio/s15_cand04__B.wav,,rerank,s15,0.9148955579716742,0.9795360656858735,0.0,4.0,0.6284831869829264,0.3333333333333333,ace_inpaint_candidate,0.0,0.0,53.8330078125,s15,0.0,0.8668373879641486,0.9722118386186558,0.5532162632309545
s15::cand03,s15::cand03,results/rerank_ace/audio/s15__A.wav,results/rerank_ace/audio/s15_cand03__B.wav,,rerank,s15,0.899642173839069,0.9539641852499707,0.0,3.0,0.675218313164363,0.25,ace_inpaint_candidate,0.0,0.0,25.49984580592104,s15,1.0,1.0,0.9598586533727278,0.5565534657554466
s15::cand05,s15::cand05,results/rerank_ace/audio/s15__A.wav,results/rerank_ace/audio/s15_cand05__B.wav,,rerank,s15,0.9450589693829735,0.9915966587653574,0.0,5.0,0.7086392544794308,0.4166666666666667,ace_inpaint_candidate,0.0,0.0,32.2998046875,s15,1.0,1.0,0.994178457918824,0.4823376275545857
s15::cand06,s15::cand06,results/rerank_ace/audio/s15__A.wav,results/rerank_ace/audio/s15_cand06__B.wav,,rerank,s15,0.9230191654990486,0.9808968084594393,0.0,6.0,0.6673197590660225,0.4166666666666667,ace_inpaint_candidate,0.0,0.0,25.49984580592104,s15,1.0,1.0,0.9921140832925928,0.5629370305728115
s15::cand07,s15::cand07,results/rerank_ace/audio/s15__A.wav,results/rerank_ace/audio/s15_cand07__B.wav,,rerank,s15,0.9189250671341448,0.9747207159975093,0.0,7.0,0.6594156440389125,0.25,ace_inpaint_candidate,0.0,0.0,32.2998046875,s15,1.0,1.0,0.9950167714940864,0.599922166620209
s16::cand00,s16::cand00,results/rerank_ace/audio/s16__A.wav,results/rerank_ace/audio/s16_cand00__B.wav,,rerank,s16,0.9823963547999173,0.9947658621176995,0.0,0.0,0.7104738064603624,0.0,ace_inpaint_candidate,1.0,0.0,0.0,s16,1.0,1.0,0.9861089528714968,0.5302979521782588
s16::cand01,s16::cand01,results/rerank_ace/audio/s16__A.wav,results/rerank_ace/audio/s16_cand01__B.wav,,rerank,s16,0.9812024004749461,0.9956415603314487,0.0,1.0,0.7465286695737268,0.0,ace_inpaint_candidate,1.0,0.0,0.0,s16,0.0,0.882928368570527,0.988017342104955,0.4657413482548961
s16::cand02,s16::cand02,results/rerank_ace/audio/s16__A.wav,results/rerank_ace/audio/s16_cand02__B.wav,,rerank,s16,0.9812755942506333,0.9984844863468864,0.16666666666666666,2.0,0.6985184569399956,0.0,ace_inpaint_candidate,1.0,0.0,0.0,s16,1.0,1.0,0.993985339905356,0.47320307026508035
s16::cand03,s16::cand03,results/rerank_ace/audio/s16__A.wav,results/rerank_ace/audio/s16_cand03__B.wav,,rerank,s16,0.965248612019611,0.9903941642071665,0.0,3.0,0.6891721408804838,0.125,ace_inpaint_candidate,1.0,0.0,0.0,s16,1.0,1.0,0.9868100117524794,0.420565534335636
s16::cand05,s16::cand05,results/rerank_ace/audio/s16__A.wav,results/rerank_ace/audio/s16_cand05__B.wav,,rerank,s16,0.9783384882792855,0.9973826824861212,0.0,5.0,0.8034283533448092,0.25,ace_inpaint_candidate,1.0,0.0,0.0,s16,0.0,0.882928368570527,0.9896699073683911,0.4432137740422616
s16::cand04,s16::cand04,results/rerank_ace/audio/s16__A.wav,results/rerank_ace/audio/s16_cand04__B.wav,,rerank,s16,0.9805185843437265,0.99746786656164,0.3333333333333333,4.0,0.7322688516405644,0.0,ace_inpaint_candidate,1.0,0.0,0.0,s16,1.0,1.0,0.995714879591321,0.5193193380132946
s16::cand06,s16::cand06,results/rerank_ace/audio/s16__A.wav,results/rerank_ace/audio/s16_cand06__B.wav,,rerank,s16,0.9806057611278943,0.99837297643932,0.16666666666666666,6.0,0.7332577632654442,0.0,ace_inpaint_candidate,1.0,0.0,0.0,s16,1.0,1.0,0.9955060419892834,0.4571666913280633
s16::cand07,s16::cand07,results/rerank_ace/audio/s16__A.wav,results/rerank_ace/audio/s16_cand07__B.wav,,rerank,s16,0.9744987409579257,0.9961258717973964,0.0,7.0,0.6656622024405422,0.0,ace_inpaint_candidate,1.0,0.0,0.0,s16,1.0,1.0,0.9944517790149544,0.4202370607374818
s17::cand00,s17::cand00,results/rerank_ace/audio/s17__A.wav,results/rerank_ace/audio/s17_cand00__B.wav,,rerank,s17,0.9654833258226113,0.9979830420911874,0.0,0.0,0.7298817072385164,0.4166666666666667,ace_inpaint_candidate,1.0,0.0,0.0,s17,1.0,1.0,0.9868725663600263,0.7406749022443567
s17::cand01,s17::cand01,results/rerank_ace/audio/s17__A.wav,results/rerank_ace/audio/s17_cand01__B.wav,,rerank,s17,0.978444737824162,0.9980776923489811,0.0,1.0,0.8046367941253781,0.75,ace_inpaint_candidate,1.0,0.0,0.0,s17,1.0,1.0,0.989515361535944,0.7226144676455156
s17::cand02,s17::cand02,results/rerank_ace/audio/s17__A.wav,results/rerank_ace/audio/s17_cand02__B.wav,,rerank,s17,0.9690438584897162,0.9912598166963418,0.0,2.0,0.8243463585091119,0.5,ace_inpaint_candidate,1.0,0.0,0.0,s17,1.0,1.0,0.9812267618917178,0.6819546038416211
s17::cand03,s17::cand03,results/rerank_ace/audio/s17__A.wav,results/rerank_ace/audio/s17_cand03__B.wav,,rerank,s17,0.9720998758334503,0.9943348148153979,0.0,3.0,0.8208635814907336,0.4166666666666667,ace_inpaint_candidate,1.0,0.0,0.0,s17,1.0,1.0,0.9846601387010199,0.7521080543227971
s17::cand05,s17::cand05,results/rerank_ace/audio/s17__A.wav,results/rerank_ace/audio/s17_cand05__B.wav,,rerank,s17,0.9464055061004859,0.9957832791224146,0.0,5.0,0.7389308700053685,0.25,ace_inpaint_candidate,1.0,0.0,0.0,s17,1.0,1.0,0.9739000808040679,0.6806032660098617
s17::cand04,s17::cand04,results/rerank_ace/audio/s17__A.wav,results/rerank_ace/audio/s17_cand04__B.wav,,rerank,s17,0.9204334551115475,0.982643889725393,0.16666666666666666,4.0,0.68579574078605,0.3333333333333333,ace_inpaint_candidate,1.0,0.0,0.0,s17,0.0,0.8668373879641486,0.9775529903965819,0.6644782435620022
s17::cand06,s17::cand06,results/rerank_ace/audio/s17__A.wav,results/rerank_ace/audio/s17_cand06__B.wav,,rerank,s17,0.9782748096764484,0.9979811173963918,0.0,6.0,0.8226845932792934,0.75,ace_inpaint_candidate,1.0,0.0,9.499942555147072,s17,0.579413355262864,0.9212598425196851,0.9934256006461795,0.7651253034409992
s17::cand07,s17::cand07,results/rerank_ace/audio/s17__A.wav,results/rerank_ace/audio/s17_cand07__B.wav,,rerank,s17,0.9752458184006852,0.9975575221562945,0.0,7.0,0.8411331927913426,0.5,ace_inpaint_candidate,1.0,0.0,0.0,s17,1.0,1.0,0.9823996100338482,0.6620793297907623
s18::cand00,s18::cand00,results/rerank_ace/audio/s18__A.wav,results/rerank_ace/audio/s18_cand00__B.wav,,rerank,s18,0.9909320465974089,0.9982190273997371,0.6666666666666666,0.0,0.7791801428855281,0.4444444444444444,ace_inpaint_candidate,0.6666666666666666,0.0,0.0,s18,0.0,0.9157733537519143,0.9974714881977453,0.6230826167568927
s18::cand01,s18::cand01,results/rerank_ace/audio/s18__A.wav,results/rerank_ace/audio/s18_cand01__B.wav,,rerank,s18,0.9888915415996393,0.9987168876040521,0.0,1.0,0.728765374525509,0.4444444444444444,ace_inpaint_candidate,0.6666666666666666,0.0,0.0,s18,1.0,1.0,0.9967069032628796,0.5439110023769584
s18::cand02,s18::cand02,results/rerank_ace/audio/s18__A.wav,results/rerank_ace/audio/s18_cand02__B.wav,,rerank,s18,0.987814064471969,0.9983064223526623,0.0,2.0,0.7689573580229536,0.4444444444444444,ace_inpaint_candidate,0.6666666666666666,0.0,0.0,s18,1.0,1.0,0.9966633751414021,0.5981560667127561
s18::cand04,s18::cand04,results/rerank_ace/audio/s18__A.wav,results/rerank_ace/audio/s18_cand04__B.wav,,rerank,s18,0.9927396855929341,0.9991070527265,0.0,4.0,0.8023026343610287,0.4444444444444444,ace_inpaint_candidate,0.6666666666666666,0.0,0.0,s18,0.0,0.9157733537519143,0.9994763663316808,0.6417277915486096
s18::cand03,s18::cand03,results/rerank_ace/audio/s18__A.wav,results/rerank_ace/audio/s18_cand03__B.wav,,rerank,s18,0.9917230176040761,0.9984594716052793,0.0,3.0,0.780659583145127,0.1111111111111111,ace_inpaint_candidate,0.6666666666666666,0.0,0.0,s18,1.0,1.0,0.9945287445163692,0.5287259585198737
s18::cand05,s18::cand05,results/rerank_ace/audio/s18__A.wav,results/rerank_ace/audio/s18_cand05__B.wav,,rerank,s18,0.9911353377966928,0.9985916610150392,0.6666666666666666,5.0,0.8028013370869361,0.4444444444444444,ace_inpaint_candidate,0.6666666666666666,0.0,0.0,s18,1.0,1.0,0.9933378012223745,0.5523313642047276
s18::cand06,s18::cand06,results/rerank_ace/audio/s18__A.wav,results/rerank_ace/audio/s18_cand06__B.wav,,rerank,s18,0.9937449087358555,0.9992486784673357,0.0,6.0,0.8109150667390289,0.4444444444444444,ace_inpaint_candidate,0.6666666666666666,0.0,0.0,s18,1.0,1.0,0.997274855773759,0.5893019268165114
s18::cand07,s18::cand07,results/rerank_ace/audio/s18__A.wav,results/rerank_ace/audio/s18_cand07__B.wav,,rerank,s18,0.9876827071075447,0.998379140661704,0.0,7.0,0.7565419334711915,0.2222222222222222,ace_inpaint_candidate,0.6666666666666666,0.0,0.0,s18,1.0,1.0,0.9976625430123741,0.5894233546107173
s19::cand00,s19::cand00,results/rerank_ace/audio/s19__A.wav,results/rerank_ace/audio/s19_cand00__B.wav,,rerank,s19,0.879948691756652,0.8712562412859006,0.0,0.0,0.5445440219558665,0.0,ace_inpaint_candidate,0.0,0.0,32.2998046875,s19,0.0,0.9157733537519143,0.9799684893296857,0.15520962349197076
s19::cand01,s19::cand01,results/rerank_ace/audio/s19__A.wav,results/rerank_ace/audio/s19_cand01__B.wav,,rerank,s19,0.7781251385183006,0.7726716232592593,0.6666666666666666,1.0,0.5178000427509477,0.0,ace_inpaint_candidate,0.0,0.0,36.9140625,s19,0.0,0.9157733537519143,0.9866403381175476,0.3286043319902415
s19::cand02,s19::cand02,results/rerank_ace/audio/s19__A.wav,results/rerank_ace/audio/s19_cand02__B.wav,,rerank,s19,0.800898828944528,0.8070492895162515,0.16666666666666666,2.0,0.5627263395773674,0.0,ace_inpaint_candidate,0.0,0.0,29.81520432692308,s19,0.0,0.9157733537519143,0.9788146727827328,0.3508640303453532
s19::cand03,s19::cand03,results/rerank_ace/audio/s19__A.wav,results/rerank_ace/audio/s19_cand03__B.wav,,rerank,s19,0.8035194604514775,0.8517743751600144,0.0,3.0,0.5948332354412795,0.0,ace_inpaint_candidate,0.0,0.0,29.81520432692308,s19,0.0,0.9157733537519143,0.9835790417287493,0.2151069099965567
s19::cand04,s19::cand04,results/rerank_ace/audio/s19__A.wav,results/rerank_ace/audio/s19_cand04__B.wav,,rerank,s19,0.8549186807396663,0.7967510662570525,0.6666666666666666,4.0,0.5635506736398528,0.0,ace_inpaint_candidate,0.0,0.0,29.81520432692308,s19,0.0,0.9157733537519143,0.9840436865934415,0.26104452828676333
s19::cand05,s19::cand05,results/rerank_ace/audio/s19__A.wav,results/rerank_ace/audio/s19_cand05__B.wav,,rerank,s19,0.862022903732676,0.8154328300505167,0.16666666666666666,5.0,0.5365282357782624,0.0,ace_inpaint_candidate,0.0,0.0,33.49609375,s19,0.0,0.9157733537519143,0.9860301593226203,0.2694106536716936
s19::cand06,s19::cand06,results/rerank_ace/audio/s19__A.wav,results/rerank_ace/audio/s19_cand06__B.wav,,rerank,s19,0.815841720364627,0.8155718024878048,0.5,6.0,0.47928690478577984,0.0,ace_inpaint_candidate,0.0,0.0,27.405894886363626,s19,0.0,0.9157733537519143,0.9765643366845277,0.19860467753807945
s19::cand07,s19::cand07,results/rerank_ace/audio/s19__A.wav,results/rerank_ace/audio/s19_cand07__B.wav,,rerank,s19,0.8600601316548662,0.8125036509358724,0.5,7.0,0.5105946730491457,0.0,ace_inpaint_candidate,0.0,0.0,40.09630926724138,s19,0.0,0.9157733537519143,0.9752010235518612,0.20337903445481517
s20::cand00,s20::cand00,results/rerank_ace/audio/s20__A.wav,results/rerank_ace/audio/s20_cand00__B.wav,,rerank,s20,0.9842804534798573,0.9977242079322369,0.0,0.0,0.7990562430955179,0.0,ace_inpaint_candidate,1.0,1.0,0.0,s20,1.0,1.0,0.9958870045051014,0.6515724849941261
s20::cand01,s20::cand01,results/rerank_ace/audio/s20__A.wav,results/rerank_ace/audio/s20_cand01__B.wav,,rerank,s20,0.9782826022560045,0.991849907118194,0.16666666666666666,1.0,0.7162761973011682,0.0,ace_inpaint_candidate,1.0,1.0,0.0,s20,1.0,1.0,0.9933637697037853,0.6262753115175013
s20::cand02,s20::cand02,results/rerank_ace/audio/s20__A.wav,results/rerank_ace/audio/s20_cand02__B.wav,,rerank,s20,0.9837832353327408,0.9955613357911914,0.16666666666666666,2.0,0.7635802825541664,0.0,ace_inpaint_candidate,1.0,1.0,0.0,s20,1.0,1.0,0.9976813621983099,0.6644766378896838
s20::cand03,s20::cand03,results/rerank_ace/audio/s20__A.wav,results/rerank_ace/audio/s20_cand03__B.wav,,rerank,s20,0.9881752715438782,0.9982042733585275,0.0,3.0,0.8043668068483975,0.3333333333333333,ace_inpaint_candidate,1.0,1.0,0.0,s20,1.0,1.0,0.9967220268856054,0.6981459306882263
s20::cand04,s20::cand04,results/rerank_ace/audio/s20__A.wav,results/rerank_ace/audio/s20_cand04__B.wav,,rerank,s20,0.9907559697318113,0.9987553727743411,0.0,4.0,0.8506163265857632,0.0,ace_inpaint_candidate,1.0,1.0,0.0,s20,1.0,1.0,0.9966443196096051,0.544406941667731
s20::cand05,s20::cand05,results/rerank_ace/audio/s20__A.wav,results/rerank_ace/audio/s20_cand05__B.wav,,rerank,s20,0.9799623834814114,0.9971096740913376,0.0,5.0,0.7644556095178311,0.0,ace_inpaint_candidate,1.0,1.0,0.0,s20,1.0,1.0,0.9945255837250788,0.5501019330346474
s20::cand06,s20::cand06,results/rerank_ace/audio/s20__A.wav,results/rerank_ace/audio/s20_cand06__B.wav,,rerank,s20,0.9844649495452386,0.9986068104500464,0.0,6.0,0.7891626400050644,0.3333333333333333,ace_inpaint_candidate,1.0,1.0,0.0,s20,1.0,1.0,0.9978644834301579,0.6527179365782321
s20::cand07,s20::cand07,results/rerank_ace/audio/s20__A.wav,results/rerank_ace/audio/s20_cand07__B.wav,,rerank,s20,0.983718945227943,0.9984548739502788,0.0,7.0,0.7785242102903749,0.5,ace_inpaint_candidate,1.0,1.0,0.0,s20,1.0,1.0,0.9973520966871278,0.6367578271134686
s21::cand00,s21::cand00,results/rerank_ace/audio/s21__A.wav,results/rerank_ace/audio/s21_cand00__B.wav,,rerank,s21,0.8329754489032508,0.9577233699669172,0.0,0.0,0.6000789674237017,0.25,ace_inpaint_candidate,1.0,0.0,11.745383522727266,s21,0.8939082615100739,0.978832116788321,0.9948538798475505,0.42724068251286
s21::cand01,s21::cand01,results/rerank_ace/audio/s21__A.wav,results/rerank_ace/audio/s21_cand01__B.wav,,rerank,s21,0.8662975021584646,0.9810871987957402,0.0,1.0,0.6621611035487891,0.25,ace_inpaint_candidate,1.0,0.0,5.593039772727266,s21,0.8810592222909385,0.9795342272406492,0.9951304122055785,0.5046956279441844
s21::cand02,s21::cand02,results/rerank_ace/audio/s21__A.wav,results/rerank_ace/audio/s21_cand02__B.wav,,rerank,s21,0.7508562083392506,0.9143208425614102,0.0,2.0,0.6116818437957898,0.25,ace_inpaint_candidate,0.0,0.0,5.593039772727266,s21,0.0,0.8992537313432836,0.9964656508456047,0.5214298157051893
s21::cand04,s21::cand04,results/rerank_ace/audio/s21__A.wav,results/rerank_ace/audio/s21_cand04__B.wav,,rerank,s21,0.9015919293483551,0.9616484476060148,0.0,4.0,0.6359265747953913,0.25,ace_inpaint_candidate,1.0,0.0,0.0,s21,0.8015117564093954,0.9577151335311572,0.9920315555517302,0.5097444731959997
s21::cand03,s21::cand03,results/rerank_ace/audio/s21__A.wav,results/rerank_ace/audio/s21_cand03__B.wav,,rerank,s21,0.7877530865490999,0.9381762078408701,0.0,3.0,0.598395912070042,0.25,ace_inpaint_candidate,1.0,0.0,5.593039772727266,s21,0.8015117564093954,0.9577151335311572,0.9888017949828065,0.5373239887138972
s21::cand05,s21::cand05,results/rerank_ace/audio/s21__A.wav,results/rerank_ace/audio/s21_cand05__B.wav,,rerank,s21,0.8476338966052308,0.9604341029716008,0.0,5.0,0.563293891429703,0.25,ace_inpaint_candidate,0.0,0.0,7.497053312379123,s21,0.0,0.8992537313432836,0.995421295835225,0.4616347884889016
s21::cand06,s21::cand06,results/rerank_ace/audio/s21__A.wav,results/rerank_ace/audio/s21_cand06__B.wav,,rerank,s21,0.8489988457710517,0.9511050564202559,0.0,6.0,0.6100114905691885,0.25,ace_inpaint_candidate,1.0,0.0,0.0,s21,0.8015117564093954,0.9577151335311572,0.9734208386113468,0.4648259063055257
s21::cand07,s21::cand07,results/rerank_ace/audio/s21__A.wav,results/rerank_ace/audio/s21_cand07__B.wav,,rerank,s21,0.8531124067735916,0.9676575136509348,0.0,7.0,0.6381068147919912,0.25,ace_inpaint_candidate,0.0,0.0,0.0,s21,0.0,0.8992537313432836,0.9884028287653358,0.5150363038189919
s22::cand00,s22::cand00,results/rerank_ace/audio/s22__A.wav,results/rerank_ace/audio/s22_cand00__B.wav,,rerank,s22,0.9474776720481475,0.9908403378681541,0.6666666666666666,0.0,0.634226467077426,0.3,ace_inpaint_candidate,0.0,0.0,32.63980263157896,s22,0.6574182660679043,0.9408033826638479,0.9887159047354318,0.5643760490297088
s22::cand01,s22::cand01,results/rerank_ace/audio/s22__A.wav,results/rerank_ace/audio/s22_cand01__B.wav,,rerank,s22,0.9215612816731007,0.962317936698977,0.6666666666666666,1.0,0.6185593728244976,0.3,ace_inpaint_candidate,0.0,0.0,32.63980263157896,s22,0.7803975168146415,0.9591104734576756,0.9843661027023429,0.3600078330949697
s22::cand03,s22::cand03,results/rerank_ace/audio/s22__A.wav,results/rerank_ace/audio/s22_cand03__B.wav,,rerank,s22,0.9067834475992989,0.9584381914555258,0.6666666666666666,3.0,0.5614257763048631,0.1,ace_inpaint_candidate,0.0,0.0,32.63980263157896,s22,0.7803975168146415,0.9591104734576756,0.9524354267498442,0.3187291561793704
s22::cand04,s22::cand04,results/rerank_ace/audio/s22__A.wav,results/rerank_ace/audio/s22_cand04__B.wav,,rerank,s22,0.935727853308516,0.9861356323410747,0.6666666666666666,4.0,0.6237526899246734,0.4,ace_inpaint_candidate,1.0,1.0,7.555509868421041,s22,0.7803975168146415,0.9591104734576756,0.9865880121966044,0.44546883796413056
s22::cand02,s22::cand02,results/rerank_ace/audio/s22__A.wav,results/rerank_ace/audio/s22_cand02__B.wav,,rerank,s22,0.9432639559003643,0.9711687326695082,0.6666666666666666,2.0,0.6056520670949505,0.3,ace_inpaint_candidate,0.0,0.0,32.63980263157896,s22,0.6574182660679043,0.9408033826638479,0.984272436443133,0.4770910080865979
s22::cand05,s22::cand05,results/rerank_ace/audio/s22__A.wav,results/rerank_ace/audio/s22_cand05__B.wav,,rerank,s22,0.9124206227149625,0.9082314058681162,0.6666666666666666,5.0,0.5449103569429383,0.1,ace_inpaint_candidate,0.0,0.0,32.63980263157896,s22,0.0,0.882928368570527,0.9949546067917772,0.4951277853891422
s22::cand06,s22::cand06,results/rerank_ace/audio/s22__A.wav,results/rerank_ace/audio/s22_cand06__B.wav,,rerank,s22,0.9380016736371314,0.9765563672423037,0.8333333333333334,6.0,0.5955882187949366,0.3,ace_inpaint_candidate,0.4,0.7041629275170908,28.33316200657896,s22,0.6574182660679043,0.9408033826638479,0.9897854308063204,0.5035583938416933
s22::cand07,s22::cand07,results/rerank_ace/audio/s22__A.wav,results/rerank_ace/audio/s22_cand07__B.wav,,rerank,s22,0.961356725237804,0.9890920753194095,0.6666666666666666,7.0,0.670769788291413,0.6,ace_inpaint_candidate,0.0,0.0,32.63980263157896,s22,0.6574182660679043,0.9408033826638479,0.9923213039679668,0.503659215095799
s23::cand00,s23::cand00,results/rerank_ace/audio/s23__A.wav,results/rerank_ace/audio/s23_cand00__B.wav,,rerank,s23,0.9482412666782596,0.9658128198241015,0.0,0.0,0.6525999663866542,0.0,ace_inpaint_candidate,1.0,1.0,0.0,s23,1.0,1.0,0.9908488870204315,0.4641601795490368
s23::cand01,s23::cand01,results/rerank_ace/audio/s23__A.wav,results/rerank_ace/audio/s23_cand01__B.wav,,rerank,s23,0.9581901347891291,0.9785744019202488,0.0,1.0,0.6673231173480563,0.0,ace_inpaint_candidate,0.5,0.0,0.0,s23,0.6155305275637225,0.9537223340040241,0.9935352774757734,0.4692790239036873
s23::cand02,s23::cand02,results/rerank_ace/audio/s23__A.wav,results/rerank_ace/audio/s23_cand02__B.wav,,rerank,s23,0.9611527862731469,0.9841179416747374,0.0,2.0,0.6761941718913398,0.5,ace_inpaint_candidate,1.0,1.0,0.0,s23,1.0,1.0,0.992370184070806,0.5175406981501934
s23::cand03,s23::cand03,results/rerank_ace/audio/s23__A.wav,results/rerank_ace/audio/s23_cand03__B.wav,,rerank,s23,0.9603815976098499,0.9824040851550413,0.0,3.0,0.734747461861121,0.0,ace_inpaint_candidate,1.0,1.0,0.0,s23,1.0,1.0,0.9945560415044624,0.598841669782809
s23::cand04,s23::cand04,results/rerank_ace/audio/s23__A.wav,results/rerank_ace/audio/s23_cand04__B.wav,,rerank,s23,0.9742848702126022,0.9894074048206551,0.0,4.0,0.727069293429961,0.0,ace_inpaint_candidate,1.0,1.0,0.0,s23,1.0,1.0,0.9943144637666188,0.5189608370705715
s23::cand05,s23::cand05,results/rerank_ace/audio/s23__A.wav,results/rerank_ace/audio/s23_cand05__B.wav,,rerank,s23,0.9658002957912305,0.9877133722044453,0.0,5.0,0.6855451495205737,0.0,ace_inpaint_candidate,1.0,1.0,0.0,s23,0.6155305275637225,0.9537223340040241,0.9897049183051471,0.5836687541693957
s23::cand06,s23::cand06,results/rerank_ace/audio/s23__A.wav,results/rerank_ace/audio/s23_cand06__B.wav,,rerank,s23,0.9728512146564944,0.9903476735819342,0.0,6.0,0.6770420970589716,0.5,ace_inpaint_candidate,1.0,1.0,0.0,s23,1.0,1.0,0.9891366073263316,0.5226691282213399
s23::cand07,s23::cand07,results/rerank_ace/audio/s23__A.wav,results/rerank_ace/audio/s23_cand07__B.wav,,rerank,s23,0.9779314216702149,0.988523858884007,0.0,7.0,0.7286401750875049,0.0,ace_inpaint_candidate,1.0,1.0,0.0,s23,1.0,1.0,0.9884168995423858,0.535235315744637
s24::cand00,s24::cand00,results/rerank_ace/audio/s24__A.wav,results/rerank_ace/audio/s24_cand00__B.wav,,rerank,s24,0.9822266561891095,0.9937162123068055,0.5,0.0,0.7991674585325118,0.2727272727272727,ace_inpaint_candidate,0.0,0.0,0.0,s24,1.0,1.0,0.9897410033579636,0.573332729634812
s24::cand01,s24::cand01,results/rerank_ace/audio/s24__A.wav,results/rerank_ace/audio/s24_cand01__B.wav,,rerank,s24,0.9787111676367752,0.9975042585010658,0.0,1.0,0.6341069261924948,0.2727272727272727,ace_inpaint_candidate,1.0,0.0,0.0,s24,1.0,1.0,0.9955964616080955,0.6795057408202317
s24::cand02,s24::cand02,results/rerank_ace/audio/s24__A.wav,results/rerank_ace/audio/s24_cand02__B.wav,,rerank,s24,0.9564093934959024,0.9828904045701267,0.0,2.0,0.6943188211915302,0.0,ace_inpaint_candidate,1.0,0.0,0.0,s24,1.0,1.0,0.9925043492230661,0.6218665792468268
s24::cand03,s24::cand03,results/rerank_ace/audio/s24__A.wav,results/rerank_ace/audio/s24_cand03__B.wav,,rerank,s24,0.9839976104435201,0.9952890839176692,0.0,3.0,0.7921135653443475,0.2727272727272727,ace_inpaint_candidate,1.0,0.0,5.593039772727266,s24,1.0,1.0,0.9955459696474707,0.7112789466865381
s24::cand04,s24::cand04,results/rerank_ace/audio/s24__A.wav,results/rerank_ace/audio/s24_cand04__B.wav,,rerank,s24,0.9953718472492722,0.9989051581558804,0.0,4.0,0.9204035399228183,0.18181818181818182,ace_inpaint_candidate,1.0,0.0,0.0,s24,1.0,1.0,0.9989828715594445,0.7698460570460358
s24::cand05,s24::cand05,results/rerank_ace/audio/s24__A.wav,results/rerank_ace/audio/s24_cand05__B.wav,,rerank,s24,0.9599274143637128,0.9875335802241222,0.0,5.0,0.6306467287195346,0.0,ace_inpaint_candidate,1.0,0.0,0.0,s24,1.0,1.0,0.9863751123129223,0.4317799364500749
s24::cand06,s24::cand06,results/rerank_ace/audio/s24__A.wav,results/rerank_ace/audio/s24_cand06__B.wav,,rerank,s24,0.9919733198505832,0.9984439424034489,0.0,6.0,0.8928194600324779,0.2727272727272727,ace_inpaint_candidate,1.0,0.0,0.0,s24,1.0,1.0,0.9983993828313135,0.7699519648541264
s24::cand07,s24::cand07,results/rerank_ace/audio/s24__A.wav,results/rerank_ace/audio/s24_cand07__B.wav,,rerank,s24,0.9737467406458906,0.9947718880833275,0.0,7.0,0.6099369880635377,0.2727272727272727,ace_inpaint_candidate,1.0,0.0,0.0,s24,1.0,1.0,0.998817220384735,0.592026496082961
s25::cand00,s25::cand00,results/rerank_ace/audio/s25__A.wav,results/rerank_ace/audio/s25_cand00__B.wav,,rerank,s25,0.9213368413319861,0.9825719264542397,0.0,0.0,0.6041406369621769,0.3333333333333333,ace_inpaint_candidate,0.0,0.8133475887610566,31.103515625,s25,0.646925299215848,0.9821538461538462,0.9081344835120937,0.494284995522616
s25::cand01,s25::cand01,results/rerank_ace/audio/s25__A.wav,results/rerank_ace/audio/s25_cand01__B.wav,,rerank,s25,0.9289958363145698,0.9858547515371229,0.0,1.0,0.6100241194905276,0.25,ace_inpaint_candidate,1.0,1.0,0.0,s25,0.2896234676007009,0.9288946347769876,0.868631702589226,0.43515155529653377
s25::cand02,s25::cand02,results/rerank_ace/audio/s25__A.wav,results/rerank_ace/audio/s25_cand02__B.wav,,rerank,s25,0.9215051732667255,0.9915074980251574,0.5,2.0,0.5941836176496954,0.25,ace_inpaint_candidate,0.4,0.7041629275170908,31.103515625,s25,1.0,1.0,0.9303634643060056,0.4151975564263326
s25::cand03,s25::cand03,results/rerank_ace/audio/s25__A.wav,results/rerank_ace/audio/s25_cand03__B.wav,,rerank,s25,0.8966311986331355,0.9759398788239888,0.16666666666666666,3.0,0.6006225350022356,0.25,ace_inpaint_candidate,0.4,0.7041629275170908,31.103515625,s25,1.0,1.0,0.9666786576684062,0.5330730795918529
s25::cand04,s25::cand04,results/rerank_ace/audio/s25__A.wav,results/rerank_ace/audio/s25_cand04__B.wav,,rerank,s25,0.9121176518096792,0.9839464609185959,0.0,4.0,0.6321402477397635,0.16666666666666666,ace_inpaint_candidate,1.0,1.0,0.0,s25,0.468804296319697,0.9643304130162703,0.9546092731921413,0.46725067258086195
s25::cand05,s25::cand05,results/rerank_ace/audio/s25__A.wav,results/rerank_ace/audio/s25_cand05__B.wav,,rerank,s25,0.9344790592662027,0.9843396431219003,0.0,5.0,0.6527903660450847,0.4166666666666667,ace_inpaint_candidate,1.0,1.0,0.0,s25,0.2896234676007009,0.9288946347769876,0.9245456367837515,0.4293363888551832
s25::cand06,s25::cand06,results/rerank_ace/audio/s25__A.wav,results/rerank_ace/audio/s25_cand06__B.wav,,rerank,s25,0.9093505392334089,0.9783638770542835,0.0,6.0,0.6591390157544791,0.16666666666666666,ace_inpaint_candidate,1.0,1.0,0.0,s25,0.2896234676007009,0.9288946347769876,0.962339858224653,0.5366507908257152
s25::cand07,s25::cand07,results/rerank_ace/audio/s25__A.wav,results/rerank_ace/audio/s25_cand07__B.wav,,rerank,s25,0.9581641052396436,0.990567351637159,0.0,7.0,0.7056819256321287,0.3333333333333333,ace_inpaint_candidate,1.0,1.0,0.0,s25,0.2896234676007009,0.9288946347769876,0.985123473830046,0.5372692160467551
s26::cand00,s26::cand00,results/rerank_ace/audio/s26__A.wav,results/rerank_ace/audio/s26_cand00__B.wav,,rerank,s26,0.9763913675032717,0.9948841549012459,0.0,0.0,0.7606105305840158,0.18181818181818182,ace_inpaint_candidate,1.0,1.0,0.0,s26,0.6941189991252882,0.9387755102040817,0.9965341277816441,0.5432597478663264
s26::cand01,s26::cand01,results/rerank_ace/audio/s26__A.wav,results/rerank_ace/audio/s26_cand01__B.wav,,rerank,s26,0.9852002693769256,0.9986683467602296,0.0,1.0,0.8110499401529283,0.18181818181818182,ace_inpaint_candidate,1.0,1.0,0.0,s26,0.6941189991252882,0.9387755102040817,0.9946931097756788,0.5521966526217933
s26::cand02,s26::cand02,results/rerank_ace/audio/s26__A.wav,results/rerank_ace/audio/s26_cand02__B.wav,,rerank,s26,0.9777747340710841,0.9963053753706471,0.0,2.0,0.7958857701068518,0.5454545454545454,ace_inpaint_candidate,1.0,1.0,0.0,s26,1.0,1.0,0.990732046803609,0.4716495652603604
s26::cand03,s26::cand03,results/rerank_ace/audio/s26__A.wav,results/rerank_ace/audio/s26_cand03__B.wav,,rerank,s26,0.98203101231018,0.9942244875706422,0.0,3.0,0.8254925545014578,0.18181818181818182,ace_inpaint_candidate,0.0,0.0,0.0,s26,0.6941189991252882,0.9387755102040817,0.9937979312825062,0.4491622186632465
s26::cand04,s26::cand04,results/rerank_ace/audio/s26__A.wav,results/rerank_ace/audio/s26_cand04__B.wav,,rerank,s26,0.9720106418785579,0.9963239100145462,0.0,4.0,0.7336405429164786,0.18181818181818182,ace_inpaint_candidate,1.0,1.0,0.0,s26,1.0,1.0,0.9926866424703119,0.6062359971311794
s26::cand05,s26::cand05,results/rerank_ace/audio/s26__A.wav,results/rerank_ace/audio/s26_cand05__B.wav,,rerank,s26,0.9674872345532027,0.9879180081895851,0.5,5.0,0.7107608533869573,0.18181818181818182,ace_inpaint_candidate,1.0,1.0,0.0,s26,0.6941189991252882,0.9387755102040817,0.9918117524372301,0.5710009652401267
s26::cand06,s26::cand06,results/rerank_ace/audio/s26__A.wav,results/rerank_ace/audio/s26_cand06__B.wav,,rerank,s26,0.9800952722614156,0.9980463906708216,0.0,6.0,0.8003603648534423,0.18181818181818182,ace_inpaint_candidate,1.0,1.0,0.0,s26,1.0,1.0,0.9919701748601888,0.45618794683253805
s26::cand07,s26::cand07,results/rerank_ace/audio/s26__A.wav,results/rerank_ace/audio/s26_cand07__B.wav,,rerank,s26,0.9585203867172285,0.9927008690527326,0.0,7.0,0.6564215447529114,0.2727272727272727,ace_inpaint_candidate,1.0,1.0,0.0,s26,1.0,1.0,0.9773448252872404,0.5235129376654191
s27::cand00,s27::cand00,results/rerank_ace/audio/s27__A.wav,results/rerank_ace/audio/s27_cand00__B.wav,,rerank,s27,0.9712770697963813,0.9953457600188821,0.0,0.0,0.7214308167963001,0.16666666666666666,ace_inpaint_candidate,0.0,0.0,0.0,s27,1.0,1.0,0.9938838888439707,0.5934981665339455
s27::cand01,s27::cand01,results/rerank_ace/audio/s27__A.wav,results/rerank_ace/audio/s27_cand01__B.wav,,rerank,s27,0.9325439009415267,0.9827806880885431,0.5,1.0,0.6325725061413401,0.16666666666666666,ace_inpaint_candidate,0.0,0.0,1.9399282094594525,s27,0.0,0.8992537313432836,0.9941551321814446,0.649915456225153
s27::cand02,s27::cand02,results/rerank_ace/audio/s27__A.wav,results/rerank_ace/audio/s27_cand02__B.wav,,rerank,s27,0.9598102426286809,0.9866147206921159,0.5,2.0,0.7083662500553016,0.5,ace_inpaint_candidate,0.0,0.0,1.8378267247510678,s27,0.0,0.8992537313432836,0.9939286885711394,0.4965555326701948
s27::cand04,s27::cand04,results/rerank_ace/audio/s27__A.wav,results/rerank_ace/audio/s27_cand04__B.wav,,rerank,s27,0.9610552810053956,0.9927877978784065,0.5,4.0,0.7368893985846633,0.16666666666666666,ace_inpaint_candidate,0.0,0.0,1.9399282094594525,s27,0.0,0.8992537313432836,0.9972479567274619,0.6284974035854136
s27::cand03,s27::cand03,results/rerank_ace/audio/s27__A.wav,results/rerank_ace/audio/s27_cand03__B.wav,,rerank,s27,0.9688248624722822,0.9884699406320738,0.5,3.0,0.7278904218217763,0.3333333333333333,ace_inpaint_candidate,0.0,0.0,1.8378267247510678,s27,1.0,1.0,0.9948411590767627,0.6790863802676036
s27::cand05,s27::cand05,results/rerank_ace/audio/s27__A.wav,results/rerank_ace/audio/s27_cand05__B.wav,,rerank,s27,0.9573997985555152,0.9933020456988192,0.0,5.0,0.6884034726425322,0.3333333333333333,ace_inpaint_candidate,0.0,0.0,0.0,s27,1.0,1.0,0.9922803310718437,0.5324863053027077
s27::cand06,s27::cand06,results/rerank_ace/audio/s27__A.wav,results/rerank_ace/audio/s27_cand06__B.wav,,rerank,s27,0.9621069637755577,0.9929713966584056,0.0,6.0,0.6479704671827942,0.16666666666666666,ace_inpaint_candidate,0.0,0.0,0.0,s27,1.0,1.0,0.9944186799935001,0.6070763085151154
s27::cand07,s27::cand07,results/rerank_ace/audio/s27__A.wav,results/rerank_ace/audio/s27_cand07__B.wav,,rerank,s27,0.9769452002222284,0.9932251017857203,0.0,7.0,0.7418918757272215,0.5,ace_inpaint_candidate,0.0,0.0,0.0,s27,1.0,1.0,0.9738107828785557,0.3131084821956142
s28::cand00,s28::cand00,results/rerank_ace/audio/s28__A.wav,results/rerank_ace/audio/s28_cand00__B.wav,,rerank,s28,0.9370609845887931,0.9801041183385406,0.16666666666666666,0.0,0.6735969619899743,0.1111111111111111,ace_inpaint_candidate,0.0,0.0,12.3046875,s28,0.0,0.805668016194332,0.9962636712339488,0.31199009663308375
s28::cand01,s28::cand01,results/rerank_ace/audio/s28__A.wav,results/rerank_ace/audio/s28_cand01__B.wav,,rerank,s28,0.8848397248700886,0.9571758628914115,0.16666666666666666,1.0,0.6718079563388746,0.1111111111111111,ace_inpaint_candidate,0.0,0.0,48.57113486842104,s28,0.0,0.805668016194332,0.9921444946224423,0.21431500143546092
s28::cand02,s28::cand02,results/rerank_ace/audio/s28__A.wav,results/rerank_ace/audio/s28_cand02__B.wav,,rerank,s28,0.8878437678722338,0.9589892651439833,0.16666666666666666,2.0,0.6470443788355535,0.1111111111111111,ace_inpaint_candidate,0.0,0.0,23.0712890625,s28,1.0,1.0,0.9952552026766682,0.23690736331885764
s28::cand03,s28::cand03,results/rerank_ace/audio/s28__A.wav,results/rerank_ace/audio/s28_cand03__B.wav,,rerank,s28,0.8363754367234207,0.9096827144389716,0.16666666666666666,3.0,0.6004184523983449,0.1111111111111111,ace_inpaint_candidate,0.0,0.0,50.33735795454547,s28,0.0,0.805668016194332,0.9971946752823251,0.2492839531250891
s28::cand04,s28::cand04,results/rerank_ace/audio/s28__A.wav,results/rerank_ace/audio/s28_cand04__B.wav,,rerank,s28,0.8872785165244945,0.9615325502543374,0.16666666666666666,4.0,0.6301099301670574,0.1111111111111111,ace_inpaint_candidate,0.0,0.0,48.57113486842104,s28,0.0,0.805668016194332,0.9970219456686842,0.24183171104275764
s28::cand05,s28::cand05,results/rerank_ace/audio/s28__A.wav,results/rerank_ace/audio/s28_cand05__B.wav,,rerank,s28,0.9202363999278284,0.9729007000935401,0.16666666666666666,5.0,0.7015793469562739,0.3333333333333333,ace_inpaint_candidate,0.0,0.0,12.3046875,s28,1.0,1.0,0.9965683933774222,0.2630730665228796
s28::cand06,s28::cand06,results/rerank_ace/audio/s28__A.wav,results/rerank_ace/audio/s28_cand06__B.wav,,rerank,s28,0.9286884651903942,0.977488562317602,0.16666666666666666,6.0,0.633926608567118,0.2222222222222222,ace_inpaint_candidate,0.0,0.0,12.3046875,s28,0.0,0.805668016194332,0.9936893025355304,0.19987357480424123
s28::cand07,s28::cand07,results/rerank_ace/audio/s28__A.wav,results/rerank_ace/audio/s28_cand07__B.wav,,rerank,s28,0.8705546047075947,0.9686008242774319,0.16666666666666666,7.0,0.5751480275765142,0.1111111111111111,ace_inpaint_candidate,0.0,0.0,50.33735795454547,s28,0.0,0.805668016194332,0.9971928802844597,0.201190722490326
s29::cand00,s29::cand00,results/rerank_ace/audio/s29__A.wav,results/rerank_ace/audio/s29_cand00__B.wav,,rerank,s29,0.9850854311870059,0.9980544231940837,0.0,0.0,0.8486908110238115,0.75,ace_inpaint_candidate,1.0,0.0,0.0,s29,1.0,1.0,0.9841717869481585,0.5866174572349171
s29::cand01,s29::cand01,results/rerank_ace/audio/s29__A.wav,results/rerank_ace/audio/s29_cand01__B.wav,,rerank,s29,0.979842089782372,0.9964325196066551,0.8333333333333334,1.0,0.8015090852929951,0.08333333333333333,ace_inpaint_candidate,1.0,0.0,0.0,s29,1.0,1.0,0.9961151819508475,0.6636712274958501
s29::cand02,s29::cand02,results/rerank_ace/audio/s29__A.wav,results/rerank_ace/audio/s29_cand02__B.wav,,rerank,s29,0.9541747552755877,0.9930901873406868,0.8333333333333334,2.0,0.7263958755421123,0.16666666666666666,ace_inpaint_candidate,1.0,0.0,0.0,s29,1.0,1.0,0.9961288819651127,0.6300202467771353
s29::cand03,s29::cand03,results/rerank_ace/audio/s29__A.wav,results/rerank_ace/audio/s29_cand03__B.wav,,rerank,s29,0.9815358373803282,0.9976510479260063,0.0,3.0,0.8261945151447119,0.25,ace_inpaint_candidate,1.0,0.0,0.0,s29,1.0,1.0,0.9991314317902865,0.7230437463909215
s29::cand04,s29::cand04,results/rerank_ace/audio/s29__A.wav,results/rerank_ace/audio/s29_cand04__B.wav,,rerank,s29,0.9839479273231654,0.997184358047121,0.0,4.0,0.8531948604555234,0.4166666666666667,ace_inpaint_candidate,1.0,0.0,0.0,s29,1.0,1.0,0.9955950565352114,0.6554489111766229
s29::cand05,s29::cand05,results/rerank_ace/audio/s29__A.wav,results/rerank_ace/audio/s29_cand05__B.wav,,rerank,s29,0.982361806085033,0.9967430079047527,0.8333333333333334,5.0,0.8240305007517037,0.08333333333333333,ace_inpaint_candidate,1.0,0.0,0.0,s29,1.0,1.0,0.994430222151093,0.6489767161177948
s29::cand06,s29::cand06,results/rerank_ace/audio/s29__A.wav,results/rerank_ace/audio/s29_cand06__B.wav,,rerank,s29,0.9813038015733414,0.9973851451530505,0.5,6.0,0.8679824435519345,0.08333333333333333,ace_inpaint_candidate,1.0,0.0,0.0,s29,1.0,1.0,0.9944378206836395,0.7158745408671686
s29::cand07,s29::cand07,results/rerank_ace/audio/s29__A.wav,results/rerank_ace/audio/s29_cand07__B.wav,,rerank,s29,0.9786649917671392,0.995561140043927,0.5,7.0,0.8178912350194534,0.3333333333333333,ace_inpaint_candidate,1.0,0.0,0.0,s29,1.0,1.0,0.9875659166764491,0.649014610825177
s30::cand00,s30::cand00,results/rerank_ace/audio/s30__A.wav,results/rerank_ace/audio/s30_cand00__B.wav,,rerank,s30,0.9664375781692336,0.9941082408958147,0.5,0.0,0.7413740590874396,0.4,ace_inpaint_candidate,1.0,1.0,0.0,s30,1.0,1.0,0.9972857865148644,0.703313439748408
s30::cand01,s30::cand01,results/rerank_ace/audio/s30__A.wav,results/rerank_ace/audio/s30_cand01__B.wav,,rerank,s30,0.9824000330436503,0.9980987621191121,0.0,1.0,0.7952748189357915,0.4,ace_inpaint_candidate,1.0,1.0,0.0,s30,1.0,1.0,0.9961479610234216,0.6941375516208921
s30::cand02,s30::cand02,results/rerank_ace/audio/s30__A.wav,results/rerank_ace/audio/s30_cand02__B.wav,,rerank,s30,0.9705778142273146,0.9965445503778271,0.0,2.0,0.6709262114317407,0.1,ace_inpaint_candidate,1.0,1.0,0.0,s30,0.7038794713206964,0.9617962466487935,0.988584179362794,0.625488181447867
s30::cand03,s30::cand03,results/rerank_ace/audio/s30__A.wav,results/rerank_ace/audio/s30_cand03__B.wav,,rerank,s30,0.9590967793972488,0.9932950674254237,0.0,3.0,0.683032582174601,0.3,ace_inpaint_candidate,1.0,1.0,0.0,s30,1.0,1.0,0.9953056558804889,0.7409468216318796
s30::cand04,s30::cand04,results/rerank_ace/audio/s30__A.wav,results/rerank_ace/audio/s30_cand04__B.wav,,rerank,s30,0.9295914575620634,0.9859554721278454,0.5,4.0,0.6729514446796223,0.4,ace_inpaint_candidate,1.0,1.0,0.0,s30,1.0,1.0,0.9933788872680815,0.6216672076770328
s30::cand05,s30::cand05,results/rerank_ace/audio/s30__A.wav,results/rerank_ace/audio/s30_cand05__B.wav,,rerank,s30,0.9653845515685782,0.9982785708655522,0.0,5.0,0.706619246927398,0.2,ace_inpaint_candidate,1.0,1.0,0.0,s30,1.0,1.0,0.9937933895759037,0.6774088141288731
s30::cand06,s30::cand06,results/rerank_ace/audio/s30__A.wav,results/rerank_ace/audio/s30_cand06__B.wav,,rerank,s30,0.9766840789291621,0.9958928255050363,0.0,6.0,0.7615810659044226,0.2,ace_inpaint_candidate,1.0,1.0,0.0,s30,1.0,1.0,0.99885878044271,0.7227569111961063
s30::cand07,s30::cand07,results/rerank_ace/audio/s30__A.wav,results/rerank_ace/audio/s30_cand07__B.wav,,rerank,s30,0.9867466167604737,0.9973604745849062,0.0,7.0,0.7909152478910929,0.2,ace_inpaint_candidate,1.0,1.0,0.0,s30,1.0,1.0,0.9951373883439247,0.7140656136160795
s31::cand00,s31::cand00,results/rerank_ace/audio/s31__A.wav,results/rerank_ace/audio/s31_cand00__B.wav,,rerank,s31,0.8897266013950589,0.9742044885293653,0.0,0.0,0.5695123437329088,0.0,ace_inpaint_candidate,0.0,0.8133475887610566,41.015625,s31,0.8168771839564983,0.9562883435582823,0.9307953031121271,0.4719772872209835
s31::cand01,s31::cand01,results/rerank_ace/audio/s31__A.wav,results/rerank_ace/audio/s31_cand01__B.wav,,rerank,s31,0.8906397796279611,0.961445836093133,0.6666666666666666,1.0,0.5715398917448713,0.0,ace_inpaint_candidate,0.8,0.8285978683430528,0.0,s31,0.5128799940951315,0.9018895348837208,0.9490588932846404,0.41363218959551323
s31::cand02,s31::cand02,results/rerank_ace/audio/s31__A.wav,results/rerank_ace/audio/s31_cand02__B.wav,,rerank,s31,0.9537975412338938,0.9899552938300935,0.0,2.0,0.6663822573442979,0.6666666666666666,ace_inpaint_candidate,0.8,0.8285978683430528,0.0,s31,0.8168771839564983,0.9562883435582823,0.9975609215563909,0.6235491766710933
s31::cand03,s31::cand03,results/rerank_ace/audio/s31__A.wav,results/rerank_ace/audio/s31_cand03__B.wav,,rerank,s31,0.9111493936477718,0.9823374740441689,0.0,3.0,0.5473614965299756,0.1111111111111111,ace_inpaint_candidate,0.8,0.8285978683430528,0.0,s31,0.8168771839564983,0.9562883435582823,0.9743460154731862,0.4688605778695959
s31::cand04,s31::cand04,results/rerank_ace/audio/s31__A.wav,results/rerank_ace/audio/s31_cand04__B.wav,,rerank,s31,0.8988936901710218,0.9690137955562115,0.6666666666666666,4.0,0.5750295509352739,0.0,ace_inpaint_candidate,0.0,0.0,41.015625,s31,0.0,0.8510223953261927,0.943859037082186,0.4465053165981378
s31::cand05,s31::cand05,results/rerank_ace/audio/s31__A.wav,results/rerank_ace/audio/s31_cand05__B.wav,,rerank,s31,0.9476112165466071,0.9887383014632032,0.8333333333333334,5.0,0.6968504353787247,0.2222222222222222,ace_inpaint_candidate,0.8,0.8285978683430528,7.555509868421041,s31,0.619362536908951,0.9185788304959288,0.9937422562843425,0.5295368858574313
s31::cand06,s31::cand06,results/rerank_ace/audio/s31__A.wav,results/rerank_ace/audio/s31_cand06__B.wav,,rerank,s31,0.9320153571420929,0.9890816459500646,0.0,6.0,0.5945576467231728,0.0,ace_inpaint_candidate,0.8,0.8285978683430528,0.0,s31,0.8168771839564983,0.9562883435582823,0.9788651173261599,0.44087062673015803
s31::cand07,s31::cand07,results/rerank_ace/audio/s31__A.wav,results/rerank_ace/audio/s31_cand07__B.wav,,rerank,s31,0.9045535721466423,0.9815887102271398,0.0,7.0,0.5813541939600664,0.0,ace_inpaint_candidate,0.0,0.8133475887610566,41.015625,s31,0.0,0.8510223953261927,0.9260076241045054,0.40350891442811065
s32::cand00,s32::cand00,results/rerank_ace/audio/s32__A.wav,results/rerank_ace/audio/s32_cand00__B.wav,,rerank,s32,0.9352765781112461,0.9589418881995935,0.0,0.0,0.6579308348250001,0.5555555555555556,ace_inpaint_candidate,1.0,0.0,0.0,s32,1.0,1.0,0.9916050801266807,0.5801656820187913
s32::cand01,s32::cand01,results/rerank_ace/audio/s32__A.wav,results/rerank_ace/audio/s32_cand01__B.wav,,rerank,s32,0.9618182149506012,0.986885440970837,0.0,1.0,0.6928850584999056,0.5555555555555556,ace_inpaint_candidate,0.0,0.0,0.0,s32,1.0,1.0,0.9908295917826294,0.5462539055619926
s32::cand02,s32::cand02,results/rerank_ace/audio/s32__A.wav,results/rerank_ace/audio/s32_cand02__B.wav,,rerank,s32,0.8975562501225698,0.9107187386911729,0.16666666666666666,2.0,0.5001028766220921,0.3333333333333333,ace_inpaint_candidate,1.0,0.0,0.0,s32,1.0,1.0,0.9978011282036535,0.6053692829345252
s32::cand03,s32::cand03,results/rerank_ace/audio/s32__A.wav,results/rerank_ace/audio/s32_cand03__B.wav,,rerank,s32,0.9361517160016481,0.9618865960065808,0.0,3.0,0.6369852308321738,0.6666666666666666,ace_inpaint_candidate,1.0,0.0,0.0,s32,1.0,1.0,0.9935996018392844,0.634722076569256
s32::cand04,s32::cand04,results/rerank_ace/audio/s32__A.wav,results/rerank_ace/audio/s32_cand04__B.wav,,rerank,s32,0.935791810404233,0.9591766044114629,0.0,4.0,0.6043677219997687,0.4444444444444444,ace_inpaint_candidate,1.0,0.0,0.0,s32,0.0,0.882928368570527,0.9919589236186528,0.604124932098973
s32::cand05,s32::cand05,results/rerank_ace/audio/s32__A.wav,results/rerank_ace/audio/s32_cand05__B.wav,,rerank,s32,0.9029778466510457,0.9542685346957339,0.0,5.0,0.6782693659858046,0.4444444444444444,ace_inpaint_candidate,0.6666666666666666,0.0,21.533203125,s32,0.0,0.882928368570527,0.9934575384890574,0.5543774294700883
s32::cand06,s32::cand06,results/rerank_ace/audio/s32__A.wav,results/rerank_ace/audio/s32_cand06__B.wav,,rerank,s32,0.914049444532023,0.9326347585947348,0.0,6.0,0.6578624120096164,0.4444444444444444,ace_inpaint_candidate,0.0,0.0,21.533203125,s32,1.0,1.0,0.9901306944669831,0.5284008811127295
s32::cand07,s32::cand07,results/rerank_ace/audio/s32__A.wav,results/rerank_ace/audio/s32_cand07__B.wav,,rerank,s32,0.950425179331095,0.9411059257359704,0.0,7.0,0.5797209751223676,0.5555555555555556,ace_inpaint_candidate,0.0,0.0,21.533203125,s32,0.0,0.882928368570527,0.9832733350436742,0.5321903737390916
s33::cand00,s33::cand00,results/rerank_ace/audio/s33__A.wav,results/rerank_ace/audio/s33_cand00__B.wav,,rerank,s33,0.9683991531586326,0.99736671411588,0.0,0.0,0.6936046503346169,0.36363636363636365,ace_inpaint_candidate,0.0,0.7041629275170908,0.0,s33,0.8939082615100739,0.978832116788321,0.9792383000241552,0.563204595480856
s33::cand01,s33::cand01,results/rerank_ace/audio/s33__A.wav,results/rerank_ace/audio/s33_cand01__B.wav,,rerank,s33,0.9708399824381886,0.998288977837923,0.0,1.0,0.6274744451076057,0.36363636363636365,ace_inpaint_candidate,0.0,0.0,0.0,s33,0.0,0.8992537313432836,0.9856682062588671,0.6198078738102557
s33::cand02,s33::cand02,results/rerank_ace/audio/s33__A.wav,results/rerank_ace/audio/s33_cand02__B.wav,,rerank,s33,0.9780188604485553,0.9982159021023806,0.0,2.0,0.6201757831847972,0.2727272727272727,ace_inpaint_candidate,0.0,0.0,0.0,s33,0.0,0.8992537313432836,0.9746915321848024,0.5797404012392207
s33::cand03,s33::cand03,results/rerank_ace/audio/s33__A.wav,results/rerank_ace/audio/s33_cand03__B.wav,,rerank,s33,0.9594119893769024,0.9965530053784405,0.0,3.0,0.5678349820916687,0.18181818181818182,ace_inpaint_candidate,0.0,0.0,0.0,s33,0.0,0.8992537313432836,0.9686959379403243,0.6137642251589013
s33::cand04,s33::cand04,results/rerank_ace/audio/s33__A.wav,results/rerank_ace/audio/s33_cand04__B.wav,,rerank,s33,0.945922139673543,0.9950295649505473,0.16666666666666666,4.0,0.621842032341941,0.2727272727272727,ace_inpaint_candidate,0.0,0.0,0.0,s33,0.0,0.8992537313432836,0.9948133940368704,0.5496778019320561
s33::cand05,s33::cand05,results/rerank_ace/audio/s33__A.wav,results/rerank_ace/audio/s33_cand05__B.wav,,rerank,s33,0.9660766226433433,0.9982582224179456,0.0,5.0,0.5829788057089708,0.2727272727272727,ace_inpaint_candidate,0.6666666666666666,0.7041629275170908,0.0,s33,1.0,1.0,0.9812629729068446,0.5754587111378557
s33::cand06,s33::cand06,results/rerank_ace/audio/s33__A.wav,results/rerank_ace/audio/s33_cand06__B.wav,,rerank,s33,0.9632115271516514,0.9917620248211648,0.0,6.0,0.5859027334804836,0.36363636363636365,ace_inpaint_candidate,0.0,0.7041629275170908,0.0,s33,1.0,1.0,0.9890794565714502,0.5651245072930319
s33::cand07,s33::cand07,results/rerank_ace/audio/s33__A.wav,results/rerank_ace/audio/s33_cand07__B.wav,,rerank,s33,0.9724186470847199,0.9981225470886615,0.0,7.0,0.6555097182223844,0.2727272727272727,ace_inpaint_candidate,0.0,0.7041629275170908,0.0,s33,0.8939082615100739,0.978832116788321,0.9901287961314855,0.5020440805911645
s34::cand00,s34::cand00,results/rerank_ace/audio/s34__A.wav,results/rerank_ace/audio/s34_cand00__B.wav,,rerank,s34,0.943003232031497,0.9882174892580254,0.0,0.0,0.6407685233285263,0.0,ace_inpaint_candidate,1.0,1.0,0.0,s34,1.0,1.0,0.967871137851718,0.35402838723095753
s34::cand01,s34::cand01,results/rerank_ace/audio/s34__A.wav,results/rerank_ace/audio/s34_cand01__B.wav,,rerank,s34,0.9435568371748608,0.9735745556847094,0.0,1.0,0.6621006331114867,0.0,ace_inpaint_candidate,1.0,1.0,0.0,s34,0.8548969805784853,0.9747989276139409,0.9853649299514543,0.35773545926605815
s34::cand02,s34::cand02,results/rerank_ace/audio/s34__A.wav,results/rerank_ace/audio/s34_cand02__B.wav,,rerank,s34,0.9446697240498864,0.9741811299593469,0.0,2.0,0.6048584056835073,0.2,ace_inpaint_candidate,1.0,1.0,0.0,s34,0.8548969805784853,0.9747989276139409,0.9765404231302243,0.36398459946715883
s34::cand03,s34::cand03,results/rerank_ace/audio/s34__A.wav,results/rerank_ace/audio/s34_cand03__B.wav,,rerank,s34,0.9627375722648983,0.994763502714911,0.0,3.0,0.6719664753196168,0.2,ace_inpaint_candidate,1.0,1.0,0.0,s34,1.0,1.0,0.9928966146548895,0.43089609513927735
s34::cand05,s34::cand05,results/rerank_ace/audio/s34__A.wav,results/rerank_ace/audio/s34_cand05__B.wav,,rerank,s34,0.9731547341891613,0.9933679049410307,0.0,5.0,0.7037774273206154,0.0,ace_inpaint_candidate,1.0,1.0,0.0,s34,1.0,1.0,0.9787991185223943,0.41599830395270687
s34::cand04,s34::cand04,results/rerank_ace/audio/s34__A.wav,results/rerank_ace/audio/s34_cand04__B.wav,,rerank,s34,0.9556209972843995,0.9853686421167668,0.0,4.0,0.6110545717135214,0.0,ace_inpaint_candidate,1.0,1.0,0.0,s34,1.0,1.0,0.9916621911755714,0.4766579847662584
s34::cand06,s34::cand06,results/rerank_ace/audio/s34__A.wav,results/rerank_ace/audio/s34_cand06__B.wav,,rerank,s34,0.9637159293534813,0.9854735797724327,0.0,6.0,0.6893427375613821,0.0,ace_inpaint_candidate,1.0,1.0,0.0,s34,1.0,1.0,0.990143307733552,0.4662336423622442
s34::cand07,s34::cand07,results/rerank_ace/audio/s34__A.wav,results/rerank_ace/audio/s34_cand07__B.wav,,rerank,s34,0.9381036393530756,0.9784875784655488,0.0,7.0,0.6185035095793402,0.0,ace_inpaint_candidate,1.0,1.0,0.0,s34,0.0,0.9324487334137516,0.9894185101747269,0.5198419613538585
s35::cand00,s35::cand00,results/rerank_ace/audio/s35__A.wav,results/rerank_ace/audio/s35_cand00__B.wav,,rerank,s35,0.9695518157891485,0.9868220622709467,0.0,0.0,0.7769421668061474,1.0,ace_inpaint_candidate,1.0,0.0,0.0,s35,0.0,0.882928368570527,0.9912679380600562,0.5280156658000502
s35::cand01,s35::cand01,results/rerank_ace/audio/s35__A.wav,results/rerank_ace/audio/s35_cand01__B.wav,,rerank,s35,0.9848814220769779,0.9962417376313484,0.0,1.0,0.8361101865205998,0.3333333333333333,ace_inpaint_candidate,1.0,0.0,0.0,s35,1.0,1.0,0.9953585113609678,0.6131769901940264
s35::cand02,s35::cand02,results/rerank_ace/audio/s35__A.wav,results/rerank_ace/audio/s35_cand02__B.wav,,rerank,s35,0.9844944395334558,0.9960967229632741,0.0,2.0,0.8565681879215168,1.0,ace_inpaint_candidate,1.0,0.0,0.0,s35,1.0,1.0,0.9904709370158105,0.4232163079031919
s35::cand03,s35::cand03,results/rerank_ace/audio/s35__A.wav,results/rerank_ace/audio/s35_cand03__B.wav,,rerank,s35,0.9753377708761359,0.992013975312551,0.0,3.0,0.7268659135184354,0.3333333333333333,ace_inpaint_candidate,1.0,0.0,0.0,s35,1.0,1.0,0.9940330554803847,0.42548684353068794
s35::cand04,s35::cand04,results/rerank_ace/audio/s35__A.wav,results/rerank_ace/audio/s35_cand04__B.wav,,rerank,s35,0.9820881533682833,0.9989145363381634,0.0,4.0,0.7920708704325872,0.0,ace_inpaint_candidate,1.0,0.0,0.0,s35,1.0,1.0,0.974420708745792,0.4910894568745813
s35::cand05,s35::cand05,results/rerank_ace/audio/s35__A.wav,results/rerank_ace/audio/s35_cand05__B.wav,,rerank,s35,0.9856353443285801,0.9974074744349195,0.0,5.0,0.8111690227348969,1.0,ace_inpaint_candidate,1.0,0.0,0.0,s35,1.0,1.0,0.98978597534368,0.4811077496309032
s35::cand06,s35::cand06,results/rerank_ace/audio/s35__A.wav,results/rerank_ace/audio/s35_cand06__B.wav,,rerank,s35,0.9720669493168159,0.9877592582312327,0.0,6.0,0.7843499147338635,0.3333333333333333,ace_inpaint_candidate,1.0,0.0,0.0,s35,1.0,1.0,0.989483627588656,0.514017961891566
s35::cand07,s35::cand07,results/rerank_ace/audio/s35__A.wav,results/rerank_ace/audio/s35_cand07__B.wav,,rerank,s35,0.9886640889420352,0.9984277681791436,0.0,7.0,0.8763566666076259,1.0,ace_inpaint_candidate,1.0,0.0,0.0,s35,0.0,0.882928368570527,0.9916262380775738,0.5654011430959397
s36::cand00,s36::cand00,results/rerank_ace/audio/s36__A.wav,results/rerank_ace/audio/s36_cand00__B.wav,,rerank,s36,0.9836435839700612,0.9996296227746422,0.0,0.0,0.7157550314758925,0.25,ace_inpaint_candidate,1.0,0.0,0.0,s36,1.0,1.0,0.9966659985401173,0.41002244792966575
s36::cand01,s36::cand01,results/rerank_ace/audio/s36__A.wav,results/rerank_ace/audio/s36_cand01__B.wav,,rerank,s36,0.9729298710987939,0.9955085177022233,0.0,1.0,0.6324790542634651,0.125,ace_inpaint_candidate,1.0,0.0,0.0,s36,1.0,1.0,0.9877508447189434,0.4424803529349624
s36::cand02,s36::cand02,results/rerank_ace/audio/s36__A.wav,results/rerank_ace/audio/s36_cand02__B.wav,,rerank,s36,0.979251909914019,0.9960695746401454,0.0,2.0,0.7008284769334427,0.625,ace_inpaint_candidate,1.0,0.0,0.0,s36,1.0,1.0,0.9982065406659117,0.5666906828291017
s36::cand03,s36::cand03,results/rerank_ace/audio/s36__A.wav,results/rerank_ace/audio/s36_cand03__B.wav,,rerank,s36,0.977395368398927,0.997360483918453,0.0,3.0,0.7515513521969358,0.0,ace_inpaint_candidate,1.0,0.0,0.0,s36,1.0,1.0,0.9989041937973082,0.4714401385916431
s36::cand04,s36::cand04,results/rerank_ace/audio/s36__A.wav,results/rerank_ace/audio/s36_cand04__B.wav,,rerank,s36,0.9618457342245713,0.9943249190187916,0.0,4.0,0.7077508899918268,0.0,ace_inpaint_candidate,1.0,0.0,0.0,s36,1.0,1.0,0.9965837193084257,0.48786255103057485
s36::cand05,s36::cand05,results/rerank_ace/audio/s36__A.wav,results/rerank_ace/audio/s36_cand05__B.wav,,rerank,s36,0.9780924220069832,0.9973403121621178,0.0,5.0,0.7495685062614414,0.0,ace_inpaint_candidate,1.0,0.0,0.0,s36,1.0,1.0,0.9982085257656627,0.5008934821621019
s36::cand06,s36::cand06,results/rerank_ace/audio/s36__A.wav,results/rerank_ace/audio/s36_cand06__B.wav,,rerank,s36,0.9497485740233556,0.9660627876207719,0.3333333333333333,6.0,0.553995400798509,0.0,ace_inpaint_candidate,1.0,0.0,0.0,s36,1.0,1.0,0.9933635672181609,0.3666928924398929
s36::cand07,s36::cand07,results/rerank_ace/audio/s36__A.wav,results/rerank_ace/audio/s36_cand07__B.wav,,rerank,s36,0.99449764354341,0.9990480110989018,0.0,7.0,0.8601698766026712,0.375,ace_inpaint_candidate,1.0,0.0,0.0,s36,1.0,1.0,0.9979320060344619,0.5413318990258272
s37::cand00,s37::cand00,results/rerank_ace/audio/s37__A.wav,results/rerank_ace/audio/s37_cand00__B.wav,,rerank,s37,0.9788963259940144,0.9973483040836064,0.16666666666666666,0.0,0.6746320926570011,0.0,ace_inpaint_candidate,0.4,0.7041629275170908,21.83089717741936,s37,0.8939082615100739,0.978832116788321,0.996834771144504,0.5838505874235775
s37::cand01,s37::cand01,results/rerank_ace/audio/s37__A.wav,results/rerank_ace/audio/s37_cand01__B.wav,,rerank,s37,0.974032705580551,0.9902394667494758,0.0,1.0,0.7161300482657609,0.0,ace_inpaint_candidate,1.0,1.0,0.0,s37,1.0,1.0,0.9917058760458101,0.568389837335181
s37::cand02,s37::cand02,results/rerank_ace/audio/s37__A.wav,results/rerank_ace/audio/s37_cand02__B.wav,,rerank,s37,0.9177336473197786,0.9819447610009512,0.16666666666666666,2.0,0.6468229011086453,0.0,ace_inpaint_candidate,0.4,0.7041629275170908,21.83089717741936,s37,0.8939082615100739,0.978832116788321,0.9986744871927105,0.4941386761099526
s37::cand03,s37::cand03,results/rerank_ace/audio/s37__A.wav,results/rerank_ace/audio/s37_cand03__B.wav,,rerank,s37,0.950756864718842,0.988706042957588,0.16666666666666666,3.0,0.6649512096856978,0.0,ace_inpaint_candidate,1.0,1.0,0.0,s37,0.8939082615100739,0.978832116788321,0.9857676205266694,0.6366134312221831
s37::cand04,s37::cand04,results/rerank_ace/audio/s37__A.wav,results/rerank_ace/audio/s37_cand04__B.wav,,rerank,s37,0.9462419786187997,0.9856746840292233,0.0,4.0,0.5911317300483433,0.0,ace_inpaint_candidate,1.0,1.0,0.0,s37,1.0,1.0,0.9953516041301749,0.5351865413307033
s37::cand05,s37::cand05,results/rerank_ace/audio/s37__A.wav,results/rerank_ace/audio/s37_cand05__B.wav,,rerank,s37,0.9780968419638574,0.9948949165143909,0.16666666666666666,5.0,0.7011891555565308,0.0,ace_inpaint_candidate,1.0,1.0,0.0,s37,1.0,1.0,0.9860949852966009,0.5360453872713615
s37::cand06,s37::cand06,results/rerank_ace/audio/s37__A.wav,results/rerank_ace/audio/s37_cand06__B.wav,,rerank,s37,0.9833541468622077,0.9952271430698924,0.0,6.0,0.7588528826799201,0.0,ace_inpaint_candidate,1.0,1.0,0.0,s37,1.0,1.0,0.9969193399895655,0.5989143934045498
s37::cand07,s37::cand07,results/rerank_ace/audio/s37__A.wav,results/rerank_ace/audio/s37_cand07__B.wav,,rerank,s37,0.9791510916583507,0.9953809097040862,0.16666666666666666,7.0,0.7127625345350633,0.0,ace_inpaint_candidate,1.0,1.0,0.0,s37,0.8939082615100739,0.978832116788321,0.9960576711698307,0.5527898804868165
s38::cand00,s38::cand00,results/rerank_ace/audio/s38__A.wav,results/rerank_ace/audio/s38_cand00__B.wav,,rerank,s38,0.9048709297090071,0.9808547866767752,0.0,0.0,0.6111833504310997,0.0,ace_inpaint_candidate,0.0,0.0,0.0,s38,1.0,1.0,0.9896355394793935,0.46813770544204814
s38::cand01,s38::cand01,results/rerank_ace/audio/s38__A.wav,results/rerank_ace/audio/s38_cand01__B.wav,,rerank,s38,0.8561505255137304,0.9587988906119052,0.5,1.0,0.6113132518853832,0.0,ace_inpaint_candidate,0.0,0.0,22.128983448616594,s38,1.0,1.0,0.9781066136052393,0.46403890808551534
s38::cand02,s38::cand02,results/rerank_ace/audio/s38__A.wav,results/rerank_ace/audio/s38_cand02__B.wav,,rerank,s38,0.8703787542019629,0.9255787322015907,0.0,2.0,0.5532741440437545,0.4,ace_inpaint_candidate,0.0,0.0,19.575639204545446,s38,1.0,1.0,0.9646099058296698,0.3594897378685769
s38::cand03,s38::cand03,results/rerank_ace/audio/s38__A.wav,results/rerank_ace/audio/s38_cand03__B.wav,,rerank,s38,0.9377059244970397,0.9794978247392545,0.0,3.0,0.5658468496739189,0.0,ace_inpaint_candidate,0.0,0.0,19.575639204545446,s38,0.0,0.882928368570527,0.9692762557522573,0.4236655690128992
s38::cand05,s38::cand05,results/rerank_ace/audio/s38__A.wav,results/rerank_ace/audio/s38_cand05__B.wav,,rerank,s38,0.8935258202393388,0.9908459182744382,0.0,5.0,0.6308121378873129,0.0,ace_inpaint_candidate,0.6666666666666666,0.0,0.0,s38,1.0,1.0,0.9769555920761158,0.3287976894492396
s38::cand04,s38::cand04,results/rerank_ace/audio/s38__A.wav,results/rerank_ace/audio/s38_cand04__B.wav,,rerank,s38,0.9114451086397611,0.9740273634035204,0.0,4.0,0.5878652422894256,0.0,ace_inpaint_candidate,0.0,0.0,19.575639204545446,s38,1.0,1.0,0.9814022735347075,0.4393293681420483
s38::cand06,s38::cand06,results/rerank_ace/audio/s38__A.wav,results/rerank_ace/audio/s38_cand06__B.wav,,rerank,s38,0.8472517526487403,0.9444375100095944,0.0,6.0,0.5404153847262745,0.0,ace_inpaint_candidate,0.0,0.0,19.575639204545446,s38,0.6075741410242471,0.8917401764234162,0.9378111155360048,0.3885719690336477
s38::cand07,s38::cand07,results/rerank_ace/audio/s38__A.wav,results/rerank_ace/audio/s38_cand07__B.wav,,rerank,s38,0.8958476489542788,0.9695585684293758,0.0,7.0,0.6197301169691087,0.0,ace_inpaint_candidate,0.0,0.0,19.575639204545446,s38,1.0,1.0,0.9805231892946331,0.48656067792932645
s39::cand00,s39::cand00,results/rerank_ace/audio/s39__A.wav,results/rerank_ace/audio/s39_cand00__B.wav,,rerank,s39,0.9521533026890704,0.987895274248302,0.0,0.0,0.6193497547976594,0.375,ace_inpaint_candidate,1.0,0.0,0.0,s39,1.0,1.0,0.9897187316862713,0.4251137697612332
s39::cand01,s39::cand01,results/rerank_ace/audio/s39__A.wav,results/rerank_ace/audio/s39_cand01__B.wav,,rerank,s39,0.9665208635572212,0.990816330341821,0.5,1.0,0.5828656694879099,0.125,ace_inpaint_candidate,1.0,0.0,0.0,s39,1.0,1.0,0.9814116026600961,0.5223522547509928
s39::cand02,s39::cand02,results/rerank_ace/audio/s39__A.wav,results/rerank_ace/audio/s39_cand02__B.wav,,rerank,s39,0.9748742193425016,0.994645537565033,0.3333333333333333,2.0,0.5849147804320367,0.125,ace_inpaint_candidate,1.0,0.0,0.0,s39,1.0,1.0,0.9831230503274873,0.504612082235669
s39::cand03,s39::cand03,results/rerank_ace/audio/s39__A.wav,results/rerank_ace/audio/s39_cand03__B.wav,,rerank,s39,0.9623592029113941,0.9888725909010473,0.8333333333333334,3.0,0.644395163950036,0.25,ace_inpaint_candidate,1.0,0.0,0.0,s39,1.0,1.0,0.9971283687964709,0.48981237037324116
s39::cand05,s39::cand05,results/rerank_ace/audio/s39__A.wav,results/rerank_ace/audio/s39_cand05__B.wav,,rerank,s39,0.9682747315070537,0.9964647947321256,0.0,5.0,0.6427924236219185,0.125,ace_inpaint_candidate,1.0,0.0,0.0,s39,1.0,1.0,0.9981730330686943,0.5597896131314438
s39::cand04,s39::cand04,results/rerank_ace/audio/s39__A.wav,results/rerank_ace/audio/s39_cand04__B.wav,,rerank,s39,0.9359915416456006,0.9827116510591091,0.6666666666666666,4.0,0.5789034742265406,0.125,ace_inpaint_candidate,1.0,0.0,0.0,s39,1.0,1.0,0.9857124750788776,0.5513466779735281
s39::cand06,s39::cand06,results/rerank_ace/audio/s39__A.wav,results/rerank_ace/audio/s39_cand06__B.wav,,rerank,s39,0.9674036070722817,0.9924305258834326,0.0,6.0,0.5480732814214944,0.125,ace_inpaint_candidate,1.0,0.0,0.0,s39,1.0,1.0,0.9908078986962057,0.46010277837422364
s39::cand07,s39::cand07,results/rerank_ace/audio/s39__A.wav,results/rerank_ace/audio/s39_cand07__B.wav,,rerank,s39,0.9616417520936659,0.9900294226912856,0.0,7.0,0.5843559472548661,0.125,ace_inpaint_candidate,1.0,0.0,0.0,s39,1.0,1.0,0.9907796719095548,0.5651157238556569
s40::cand00,s40::cand00,results/rerank_ace/audio/s40__A.wav,results/rerank_ace/audio/s40_cand00__B.wav,,rerank,s40,0.8906680087414467,0.9690896628112783,0.0,0.0,0.6749340000188178,0.4166666666666667,ace_inpaint_candidate,0.4,0.7041629275170908,56.66632401315792,s40,0.6941189991252882,0.9387755102040817,0.9942150742773769,0.5687401169802312
s40::cand01,s40::cand01,results/rerank_ace/audio/s40__A.wav,results/rerank_ace/audio/s40_cand01__B.wav,,rerank,s40,0.9477817601682453,0.9893808578161511,0.0,1.0,0.7411255968407007,0.4166666666666667,ace_inpaint_candidate,0.8,0.7041629275170908,71.77734375,s40,1.0,1.0,0.9908836755323417,0.4503879240292092
s40::cand02,s40::cand02,results/rerank_ace/audio/s40__A.wav,results/rerank_ace/audio/s40_cand02__B.wav,,rerank,s40,0.9736111753413864,0.9945315536093821,0.0,2.0,0.7247933037576226,0.6666666666666666,ace_inpaint_candidate,0.4,0.7041629275170908,71.77734375,s40,1.0,1.0,0.9939842166775922,0.5761619922988128
s40::cand03,s40::cand03,results/rerank_ace/audio/s40__A.wav,results/rerank_ace/audio/s40_cand03__B.wav,,rerank,s40,0.8698326678002056,0.9744764226432854,0.5,3.0,0.6474781090303288,0.25,ace_inpaint_candidate,0.5,0.0,8.61328125,s40,0.6941189991252882,0.9387755102040817,0.9979041807714609,0.6563530454543534
s40::cand04,s40::cand04,results/rerank_ace/audio/s40__A.wav,results/rerank_ace/audio/s40_cand04__B.wav,,rerank,s40,0.8871941063199144,0.9881304007686129,0.0,4.0,0.6376429077660608,0.4166666666666667,ace_inpaint_candidate,0.4,0.7041629275170908,56.66632401315792,s40,1.0,1.0,0.9836284510387169,0.6293361269625714
s40::cand06,s40::cand06,results/rerank_ace/audio/s40__A.wav,results/rerank_ace/audio/s40_cand06__B.wav,,rerank,s40,0.9327398740772848,0.9783347802661629,0.16666666666666666,6.0,0.6924631398869058,0.4166666666666667,ace_inpaint_candidate,1.0,1.0,0.0,s40,1.0,1.0,0.9922320083833055,0.5803530837669657
s40::cand05,s40::cand05,results/rerank_ace/audio/s40__A.wav,results/rerank_ace/audio/s40_cand05__B.wav,"[""structural_form""]",rerank,s40,0.9616728663571327,0.9972444075257145,0.0,5.0,0.75191556564057,0.6666666666666666,ace_inpaint_candidate,0.0,0.0,79.33285361842104,s40,0.0,0.6590909090909091,0.9988914426983092,0.6885070373533825
s40::cand07,s40::cand07,results/rerank_ace/audio/s40__A.wav,results/rerank_ace/audio/s40_cand07__B.wav,,rerank,s40,0.9001395857638734,0.969390866245848,0.5,7.0,0.6647605370439849,0.25,ace_inpaint_candidate,0.4,0.7041629275170908,56.66632401315792,s40,1.0,1.0,0.9953785639774245,0.5511478729459766
